income,age,employment_years,loan_amount,loan_term,existing_debt,credit_history,previous_defaults,default
2902.108393790635,57,22.81974477615786,26860.003981595066,37,66097.38596903789,1.5771304763343221,0,0
2046.6398593622985,18,0.0,18266.739479749485,12,27041.295203189136,0.0,0,1
3153.375344141107,73,1.879657397259808,38243.952026886924,28,68623.62316210651,7.6256422971023685,1,0
5103.421218801587,71,16.941559299530933,14082.674269652503,28,37094.5642641019,18.996172825758283,0,0
1941.4990190194028,21,2.4312987407195115,10308.59330994488,51,39173.58475368339,1.4183430903331893,0,1
1941.5165503993849,78,41.38209209171212,32273.14723927547,23,5516.9932815265265,53.725595020117716,1,1
5263.58192616074,47,21.02125475381653,65210.645057689755,12,100906.85821554437,0.6507782089721417,0,0
3368.0495964280676,29,7.679286164918759,4137.813113944075,47,32581.320342010746,6.151228691264639,0,0
1705.7993174255762,73,17.10351617606683,7639.64917154963,45,20042.719317588286,35.3387375034317,1,0
2976.216148834567,52,3.38857335061038,37524.82821791589,29,12411.366007509,10.763798509368499,0,0
1711.4911190202856,30,3.269606208397152,23951.952710744867,19,797.0280869343394,3.485841255713517,0,0
1709.3161129191158,69,42.421050309443125,26114.269615657864,55,28468.552734762343,25.013927084033845,0,0
2522.6854033326154,48,29.414123933492135,15052.878073765174,10,37065.70837014841,5.613012535940177,0,0
1500.0,55,18.27233954543777,25241.22920507785,51,23341.055702612153,17.320400395383487,0,0
1500.0,60,0.40741490676777325,15600.145786236257,59,9562.565926009493,32.131063586586194,0,1
1620.9081521738833,40,3.0809858669530388,20814.346407001845,27,9696.169755467758,18.598701091531325,0,0
1500.0,21,0.9662417259487973,16716.841000887653,27,31136.111672596788,1.155484154696702,0,1
2624.9996269919275,69,29.507852778240437,8102.273788535335,15,49957.20479009538,31.482387370327963,1,0
1500.0,33,1.1264046870797095,26059.423814314432,31,12629.629344051024,0.00030776941342458564,0,0
1500.0,24,5.66014379225929,4633.327287300893,20,23917.71434908801,3.3021149020287135,0,0
4944.874294011261,39,7.666757138972415,26370.981276515588,43,102377.44167999216,20.479962413242287,0,0
1950.4649026007721,46,25.552358101895045,28928.659513191364,46,43340.76578610825,8.743420760513919,0,0
2291.909318226561,28,7.805218027570218,26393.96770317376,47,332.68558704869537,5.947761242092461,0,0
1500.0,73,41.54904998835696,22872.803717097104,60,30504.839742552158,41.92560117050871,1,0
1636.9491296076294,50,19.415026553031424,15988.925508930466,54,14339.36066416727,19.485856671668564,1,0
2347.2681095772123,75,35.72667757195514,17390.63949091866,6,42155.66096169741,23.854498316609845,1,0
1500.0,46,17.86409058605495,25007.060238468515,19,13927.551172499987,4.272116052666879,0,0
2715.2353402146878,76,36.465840447483764,4388.60609278922,41,41152.72363589977,26.894681052577386,0,0
1587.0761778572148,56,21.041672793137728,24685.722101578656,36,25662.325069747887,11.201799948786482,0,0
1881.0180733229552,29,10.850554203311777,9261.949308227031,33,19044.968041464115,7.655123176374273,0,0
1586.1442708327709,24,4.393743404554177,24471.854753980988,39,20333.78787878048,2.6514766062868595,6,1
6116.547005439967,76,45.062890526766225,20590.391697801384,40,111063.24700057984,49.29302634722465,0,0
2192.0150773429496,72,47.112992014518404,23813.443259032374,44,26101.708259925563,10.439411592231526,0,0
1500.0,56,8.194310983582268,24146.751934792534,28,524.2681906937469,15.873364638035795,1,1
3471.700121994293,59,3.435970522897492,31419.49017043051,51,1119.9875572628473,22.857704032187137,0,0
1500.0,79,29.456560632514517,20537.450181986518,49,24799.156876852263,7.686895237726007,0,0
2477.1772301497194,65,24.161792694105838,36363.518791641654,24,52468.93840782819,27.63177365822098,2,0
1500.0,43,20.72954449874794,20280.602322277868,23,29447.757656774866,7.273035133189401,0,0
1500.0,57,17.307559592011092,25095.908290302257,20,11640.01132249363,8.951950025797721,0,0
2460.8785017975133,26,4.566824204354502,21154.159281610868,6,28984.71209465841,1.135285917834758,0,1
3314.813425042062,58,21.082837540538332,13070.748434378402,30,19404.979122669774,13.995277025340446,1,0
2426.614984390349,51,1.2606918639939049,4398.938725591692,31,60007.14987580307,30.65641970140882,0,0
2072.2566150777448,62,27.069455450264215,10754.63423360556,40,13495.905318748262,1.3642578105665732,0,0
1871.3080689547382,30,9.936519429291026,6426.741024864405,20,19473.841937374295,10.22587449969527,0,0
1500.0,72,8.505029596093406,15727.69290657925,9,25542.33567466137,21.457488480397604,1,0
1500.0,72,32.09391363203617,6216.106098899167,20,32850.6626119041,30.32648849122477,0,0
1714.108974123945,53,20.776369055624503,3000.0,47,2205.873300216193,17.948430392388005,1,0
3949.7881534557655,42,3.9404391373526098,6366.375548531963,43,29724.098758225417,22.217766278573606,0,0
2667.7482920162392,41,2.8396621958069286,40380.85614426247,50,37947.77560221502,17.71297319173141,0,0
1500.0,61,42.142233547988845,16581.97325179713,44,23186.74055160688,42.34741201910182,0,0
2639.23975523612,34,6.299506714448601,18705.480152122556,59,4620.479991154628,12.710879225947158,1,0
1786.8413761435008,19,0.22742172872352928,28950.18370623706,6,29665.084144834233,0.2958884942066873,0,1
1521.8666199108663,30,2.0558945334524994,3337.9745753591783,27,20091.088279602423,11.554604152311768,1,0
3091.531749447138,48,20.028051407497053,54613.37756231944,16,63965.90800024503,29.506973724237703,1,0
3893.4453448156582,46,17.06446832516381,44684.918175659426,51,21627.035344415857,3.446623701267585,0,0
3685.6569499338893,67,31.53405402638346,15180.824095914171,43,17970.064069263255,44.15116500536588,0,0
1500.0,45,2.376162742809211,18816.2620239127,42,29750.145822298342,17.93345893811538,0,0
1862.9810397497763,77,52.71854042640778,26039.782862060063,56,32782.37104199239,54.39763243195371,0,0
2649.681935062305,44,10.120926317035256,21989.25282485977,31,52442.06504981827,23.809214525693655,0,0
3776.488240615884,32,4.387171690025011,59093.56012931383,56,73824.12721321562,12.479222436621034,0,1
1696.7232485737618,48,13.870843417432177,6044.49330472174,32,4411.509113723149,26.558267810471364,0,0
1993.979287059935,57,15.212576564157501,11445.917510889043,18,13887.220651013622,4.588203320735524,0,0
1500.0,32,12.090078043948042,3884.055220391739,12,9753.192605116737,2.0092199158956676,0,0
1500.0,50,29.736351206332547,6877.38493548748,13,35047.02305313149,3.7689414200629336,0,0
3452.6219342108443,37,5.765611112542518,17464.707583863586,51,42075.94464402094,1.72955268720542,0,0
4656.093243398935,59,35.42136810585815,77290.05014627498,56,12927.309129895246,14.484696688033523,0,0
2122.594485074413,29,8.596754424863738,4941.112792833826,56,15366.411653161374,7.523542557571064,1,0
3835.070488098338,54,33.50907620441143,31700.911419279448,28,83595.10701874524,12.768934070613057,0,0
2694.3164472191415,26,1.9660024974871027,27079.975618266108,31,57056.62186442882,5.762402666200758,0,1
1548.7201125477911,40,12.69310130266154,25209.7282388646,49,34859.34665313123,18.04622875044446,0,0
2693.960199297811,25,1.9218120931831124,48385.776568372814,60,26167.026250888906,4.663503181024919,1,1
5145.7175886549185,49,25.5469292050156,71049.99964710666,32,82503.98664659829,14.418246514772031,0,0
2165.2598979831196,65,0.2502369568400201,37899.5115184244,14,15057.970834270196,13.889319660774973,0,0
5221.573178676642,31,7.342649117523149,75089.9779421172,51,23604.81747926393,1.6172437119180012,1,0
1500.0,44,8.819289213069867,26061.667344771122,43,821.2903472387969,12.834947525695977,0,0
3470.473702825715,42,7.744408969867686,45198.06944069336,52,19386.148500782274,17.27037488087754,0,0
2316.646367288885,30,7.738875886379004,5457.968414122492,18,35003.028717870984,6.57891853804858,0,0
1873.4669124274735,72,45.98016026295567,14674.197832473994,12,42350.20261044989,38.96002364168499,0,0
2322.660156776027,38,12.183907827866525,27853.697882425215,16,7747.265076213056,6.704393446870014,0,0
1500.0,62,37.53961106045579,10443.3219910834,15,34425.43353620408,2.939026774435313,0,0
1957.0244514847248,48,7.937913356430899,11052.347662137887,38,16898.183745643833,23.1329377809773,0,0
2687.6215903447387,54,18.70206677153932,29068.744112478857,44,28678.83109191783,7.910068025864016,0,0
4978.289935527606,65,21.175217336152574,83981.42089445329,55,45424.224867477926,28.965397831093124,0,0
1660.6284265959737,75,0.6637592716764844,3000.0,60,16963.657312229134,45.84468643961979,0,0
1500.0,60,23.386110011911086,21115.39569030666,8,9719.743094537447,5.842620077476422,0,0
1675.7793607217873,71,35.06078917974727,22265.014112344772,46,29267.682530449812,31.720219630703617,0,0
3653.610605924245,22,2.3676576176762802,63526.08840239031,34,69252.64632289283,2.7574974473603753,0,0
2646.0231939796054,30,8.835358785401057,44511.64237419294,42,54449.3950114674,8.958370401827093,0,0
1650.1671881749758,45,15.426167268233081,23032.956970120827,60,14079.621803163147,3.986998500820165,0,0
2928.6507123437245,60,2.8035107037317903,28838.274202103097,50,55983.12722714296,34.6548788031336,0,0
2329.4620781092763,42,2.7946925780330742,10418.631901885368,21,37136.01408467544,2.259565587611279,0,0
3762.183345282235,68,29.82372887719762,38633.88790381926,21,90096.39870222143,25.979173407840367,2,0
1500.9759342606521,52,9.349292527103767,21030.14964416134,49,15939.807811135484,15.076031670727918,0,0
1844.1722657756457,64,3.6636759355992288,29924.23372712615,55,45749.75198054651,10.20123941483545,0,0
1779.9499337384284,56,16.324904251044778,25675.963187673315,48,32946.60761632097,11.47336817499509,0,0
1500.0,24,3.325935588501932,6479.306847371876,54,29110.415810962404,0.9866146997334111,1,0
2598.9587223445174,55,12.163601568935443,29094.478331916565,12,1670.1467597162275,15.751869208386376,4,0
2549.316083673921,49,22.333444768999115,16945.173513873167,20,31700.640426350063,1.1008387546873655,0,0
2214.5674940947088,20,1.2875412162024893,3000.0,43,29250.932725576964,1.7778305505923109,0,0
1941.0358961662346,79,20.30192002659199,8547.848296172759,11,1970.1563803972872,9.972727437232313,0,0
1500.0,62,33.214391271976666,4387.126573302957,23,11704.920880895812,38.98478128406174,0,0
1752.2309305398198,56,24.650411616255347,26855.085668935313,24,41862.732297160175,32.81594120509212,0,1
1828.9677504773229,54,22.948033633844474,9866.560924554145,57,19483.60188030645,16.260379457676724,0,0
1500.0,72,29.885095842501674,8759.798206632666,56,7001.324420936528,26.877188459614985,0,0
2020.8891333659647,67,0.558093736339087,34999.62070673798,7,25935.01536914507,14.793763486189588,2,1
2757.9087472733704,39,14.626650853014672,20531.18076829103,8,2328.059519326389,20.934366599486133,0,0
6231.686277270733,79,22.938549257658543,7247.176213764276,51,80386.99252087892,40.91710362600363,0,0
2430.902331046363,25,6.598267971110589,14160.94081349,59,36115.20525988785,6.6626580015488654,0,1
2544.4065393527053,34,13.087756337235286,7704.69930078258,30,22752.996879236664,6.63674951021085,0,0
2119.752777180614,69,29.972417946096922,5824.541259558471,41,40411.825343016426,45.033845551072105,2,0
1500.0,44,6.556731527301006,3475.9258984616126,59,5089.277887537701,11.654100463643744,0,0
2176.3781357585467,50,6.518956584885331,24126.04611102219,54,47781.479311255855,27.738523907242,0,0
2282.728268257506,63,15.317317695489711,9630.628089679003,33,54525.5276427743,5.8916951772686845,0,0
8559.381072155149,34,7.625087097280296,61123.63154619527,43,264.1691629768487,10.189670828296146,1,0
1986.6428227948932,59,12.13868591159683,31099.50507361453,33,41854.67343846351,27.826844108405016,0,0
2606.727906880606,29,5.66422444931731,21411.007113213454,37,32981.96038681777,7.217877670150702,0,0
2166.5872802551344,65,7.772409999119739,35893.31621850114,56,24991.889432814707,21.01029804784915,0,0
1500.0,63,43.997076577147496,14197.42036158796,46,8950.466507789291,30.776224951385814,0,0
4140.420153337013,79,6.583397852864626,32213.389838848037,41,46302.84038277321,14.607249149812176,1,0
3339.455898226498,44,24.230547631013675,45939.59828335375,44,79347.73876667401,15.49206345692424,1,0
3412.0466159567477,65,42.93816653592666,7656.553034059008,41,17980.430827989614,26.049041449118473,0,0
1500.0,25,3.677523372736486,3781.698766051644,48,6714.046441903588,2.2283766549129886,3,1
4776.851235190573,40,15.948025980393856,57721.33572649013,59,28887.56647086021,17.135003797587046,0,0
1500.0,77,25.72684958038268,13916.98818760083,28,20693.78228764749,4.771451862062177,0,0
3049.617346571392,59,25.831417679239966,44027.506338827945,7,70926.46136643889,7.02902611297487,0,0
7366.8876357828,78,20.43455624526712,122117.98078090785,15,105693.02988529853,28.269002377166267,0,0
1500.0,66,14.455632949701377,11403.355380624462,11,9130.592872718284,42.80336150040459,0,0
1617.3370003539806,76,33.5373275978318,18015.469057770624,13,17808.99566151639,33.35925416262094,1,0
2332.761996627116,79,30.3859101252228,22188.865104351382,20,22767.764772700135,51.36607790729078,1,0
1674.1961024839038,46,16.22701833619947,29612.144577648825,50,1949.160623460852,14.491952136132612,1,0
1500.0,67,14.046368483064127,22692.652387593178,34,19149.0693198397,38.48734246193635,0,0
2293.214069075318,37,6.97219880452291,37836.97964785327,33,7223.990465542122,6.190150500166879,0,0
1500.0,33,1.2584694094336397,7985.672233228906,27,31584.151578145316,12.22713475781457,2,1
2865.4361082506375,34,0.8364219563552915,40497.0629358834,39,39325.45355966955,6.4269771290523,0,0
1500.0,33,3.8018569450952437,8269.567237440047,25,31672.74309815159,8.382467421177841,0,0
5179.500607355928,36,1.3364434679498236,23559.59594480306,38,123795.85097334931,3.1658668475428975,0,1
1500.0,73,5.707608974910738,25578.787071216546,20,35369.56090313537,50.62381632580561,0,0
1849.8617139954818,73,44.71106229666654,3000.0,12,4644.509512439915,38.58025156905013,0,0
3454.505049185421,25,0.2721158791168251,60148.487620127475,29,81596.88360565207,6.011983734045653,1,1
1500.0,55,24.380883375585483,5306.178373214558,31,29840.52029210663,7.690927564751,0,0
2502.6437798695874,55,10.08463670616982,37365.5912924688,55,48655.03049990219,2.5043211449617484,0,1
4532.04483397188,70,45.32037539682258,25790.432314518563,15,10211.664632895272,17.534881692172767,1,0
1500.0,46,13.579783968169988,10442.909349483547,20,6731.8013356349675,14.467190946738091,1,0
2444.38447608535,58,12.22305837311303,11451.650614748594,42,59591.85568776451,32.094795318361406,0,0
2547.6726543574973,53,18.11736274913021,27906.54060547063,29,13589.93286601263,13.920424542713091,1,0
3394.808321961812,43,9.54895047613172,23484.008567760746,16,14347.59130269124,6.748958122526455,2,0
1500.0,48,16.929031940094905,18263.52250711391,45,13588.185701605044,11.176353372461413,0,0
1500.0,61,4.924913338032974,3000.0,26,34250.85740755838,30.255118649829697,3,1
2942.6560212384206,77,58.822439665940514,6163.019377303326,45,35031.83907022692,19.836867720110003,0,0
2600.1946075813,29,4.681114654663893,7005.547270172494,43,59842.42055506452,10.770821889906557,0,0
2534.5491945593317,72,18.80445454419791,20587.871024243697,20,21184.952165284623,9.44887079091994,0,0
2671.903757807795,34,11.363357573060238,39681.87200262698,20,15131.568460828208,12.049537994144043,0,0
1519.2717742238237,32,5.094591690934655,24458.793479582375,42,18808.698846452215,8.248290573353925,0,1
2509.2508801061485,26,6.666194440230061,12952.207484379445,50,38609.64821436598,1.864764801252334,1,0
2594.6057578839736,56,17.26228752569616,27929.076650185165,19,25394.63890021356,28.637318211345786,1,0
1500.0,59,29.50189494388283,21093.307313661313,48,12976.14410979494,18.3491486328719,0,0
6162.118939905528,65,5.050301172768668,36418.741048571064,57,33592.68121808691,32.07271895052195,0,0
2865.8151435547675,29,9.30731104110623,22792.204761642613,26,19702.963880459458,7.284829696811063,0,0
1500.0,49,22.807257590121406,14861.342168485706,49,25241.92361821128,3.4299464306900536,0,0
3168.7880803939393,42,5.081202683087176,10434.414776321282,25,29301.271510303748,20.159592596681932,1,0
1500.0,56,5.520868370339892,3000.0,38,2990.889064538568,25.89604644237612,0,0
3404.646965684241,35,5.3769699283356145,12248.894161269343,8,11759.258229870502,13.269974114823299,0,0
4176.494630102452,32,13.664988204446662,48683.35794153864,45,38880.992016934586,6.268721689496962,0,0
1500.0,49,7.961778811578817,3377.2656691088823,28,34668.84111929482,6.046913372786694,0,0
3751.296794621531,23,2.2806360447331664,15848.622006653457,49,35546.37513942815,1.6310676187366573,0,0
2771.182794911221,75,1.7111528658881698,18687.515673867598,52,4201.257042043906,51.3837460184726,0,0
3470.774642697282,61,17.080783771348,8065.355201232914,28,36269.09677607569,40.33479987961142,0,0
6268.147531550428,60,23.995440648190314,26695.33585819128,32,104806.18376597273,20.238388738146085,1,0
1929.5392757981663,69,48.60935523790622,31821.163703562026,40,28634.17640861452,15.238574332619102,0,0
1500.0,52,17.56902552796219,3000.0,30,10455.111089476128,24.830578219688924,1,0
1500.0,51,27.030541763863695,18162.514066446234,37,25803.334614326028,25.277769338787074,0,0
1500.0,55,20.24372277504932,11302.427738337215,27,23648.414019949963,30.172253004055836,0,0
2116.658743159149,73,2.2431757389534956,26320.711944865794,13,9110.7854951876,1.7096095897372798,1,0
2664.132016429338,71,16.695438585058024,29326.12383688856,56,10799.39238275527,0.5158952370215568,0,0
2571.3335635485387,74,32.230772438541784,12341.060987766115,57,35174.75560818076,20.000715183783743,0,0
3480.5680317746655,79,57.986231921798584,53609.66242906491,43,57380.519368504865,9.302293684367099,1,0
2224.1965772882536,22,3.4365214390049332,20825.122536191542,23,53486.955762588346,3.2199274340564576,0,0
4912.035723187989,35,3.88204544104041,73597.58296788867,33,51813.458271543546,9.058345510836919,0,0
1909.1983897573107,33,3.3016474502874527,15086.89255505842,33,36510.51911609496,12.380221895426967,0,0
9858.536825686822,25,1.4082107697973054,174887.0363406054,16,28718.10195321456,1.238391537208946,0,0
3115.4131076937697,42,22.139973511260074,43922.08810352331,17,69287.4906105468,15.053345012683867,2,0
1500.0,49,26.432650746153342,26131.730230370624,60,23741.532802456495,17.98533481589347,1,0
1500.0,79,47.26788936742987,14615.325212201398,7,23588.637425671775,20.763076351195377,0,0
2879.4651048093538,43,9.81837785560569,26067.075564917308,42,10253.964838940856,12.927032513944036,0,0
1952.9483188239008,69,25.723415919237105,27034.10651562876,9,1932.62445075956,30.040404393360646,0,0
3270.5069149869696,39,9.75096664069821,52213.48418408359,46,57352.35640725868,18.67924389525225,0,0
2864.8769920510676,48,7.601943226781179,49821.58182053711,50,8383.808901465352,1.6691515426855197,1,0
2121.638821492069,60,21.211177938248213,13827.531519764625,50,6734.6199578940705,34.58170240663994,1,0
1500.0,27,0.27446893067479017,21866.966632987293,52,7031.255488011937,8.821407503528526,0,0
1500.0,73,7.249570542360254,6871.462739706186,39,3665.4931177350913,40.24762819597479,0,0
1727.476196460067,74,49.649017385461,17749.410052294195,28,27008.76731218803,41.291431006604256,0,0
3536.9474677074963,29,8.268477437345656,14350.87617020008,18,37315.22073516392,2.3977172718410573,1,1
2484.3132924413294,70,21.98915727107253,17156.0593128834,12,16526.651485993425,27.199810609355133,0,0
1500.0,45,13.963059781664684,25249.63836376471,37,16528.10251393412,19.060388644948166,0,0
2429.0354156027934,23,1.8499944297998872,8461.646637466152,28,51261.149018584634,3.011405021764601,1,0
2729.6387648356954,76,42.965232295319005,32075.480735558736,54,63264.79705219806,22.33763321277329,0,0
1500.0,37,14.899556405409513,16620.333959648786,13,18280.355424504058,17.862249791059345,1,0
2403.181607660361,22,3.0531407608126364,7335.83681334094,55,34050.254542174516,2.055946965551494,2,1
2280.191694946826,40,15.897457946357891,14916.201736528832,52,14661.628627547007,21.337269039581628,1,0
1500.0,26,1.6360347095423666,15856.028365139277,52,19260.01419889197,4.5110054520193845,1,0
2688.619242839897,75,19.26428881670729,11243.903412405714,42,50285.219278797136,45.22285646092687,0,0
3006.198159615154,76,27.251035229053144,43922.365321308695,39,36986.55340703036,43.03733998292157,0,0
4006.5194817669053,46,9.262203759974357,70220.90739298423,53,30256.524048141247,18.503065705401944,0,0
3942.5820434191987,33,11.324103002374935,18336.593460527107,34,57367.954150558464,0.21691268630716354,1,0
1500.0,71,17.4557367852476,6266.2551021596855,42,35499.60115821917,4.103744976516163,0,0
1500.0,63,6.220443905340172,13100.84433083484,28,33299.39452436669,26.166792969208878,0,1
2931.4996498631076,39,8.379849493014385,40196.75166783161,43,56375.84413031785,19.147409856440948,1,0
2929.4860380856976,25,6.859401029476662,16953.55199009558,34,20228.806561937727,4.207991668039913,0,0
2931.5196735502986,76,13.101121950147402,3922.2515122761392,49,17703.4111934499,13.687767758594271,0,0
18379.704524583743,37,11.631014519921353,187486.78336410577,10,385301.6445338662,6.084149630695394,1,0
3022.9540087355495,68,21.648652491985317,52182.8658672806,57,13702.859779405086,31.15799370401359,0,0
4123.926828362407,31,0.9233193794412462,31555.077890972087,45,62437.417962595115,7.761708052995225,0,0
3732.0052544881296,56,18.53931102792626,30387.059439145225,16,40952.22139509502,36.316710588173976,0,0
3159.8037120702593,54,25.27791583133925,55205.9708323294,19,36968.63441372917,19.047044304271765,0,0
1856.7852579718665,67,25.147778815563118,23782.317204812334,54,21099.737223037744,17.395729216688736,1,0
3352.404307992807,51,28.779500103637176,44338.64019749079,47,75424.91872137893,17.3247609724668,0,0
1500.0,28,2.8893701665758265,15848.901136962224,7,3266.034408579562,7.862339832708018,0,0
1938.6551040041184,71,4.571206079110141,34058.98416184476,40,37944.3972730072,28.639281706545464,0,0
1690.957217895244,57,36.52605885466224,21493.30103598901,50,35299.267600855404,12.716049461220841,0,0
2310.0646188725264,50,12.102283184903008,37458.98398653134,54,54452.67843956855,10.83587363536251,0,0
7887.718524802409,48,17.292166543609,101668.28032148923,40,89249.52622217302,22.704354577270514,1,0
1500.0,76,45.936181315551366,20245.453533430096,47,18752.444695759375,3.854000057954347,0,0
3220.9869722885264,71,17.18862418540577,19122.95351840658,33,77407.92822818075,14.562029637249154,0,0
1500.0,61,30.79507514163728,9238.706799352385,13,17191.91478559361,6.5806163875672885,0,0
1703.4952927501492,51,4.468822043988325,24378.276595172796,37,21444.811334664522,31.174295895508635,0,0
4019.5403260934277,67,14.273393613069759,24294.129529600563,9,33387.74076202265,4.4146188952407455,0,0
2287.8184727119074,24,0.8682638168191195,24175.586458487152,50,1808.9466480281721,4.549101657577539,1,0
1500.0,75,46.2401418288774,7858.483928120901,12,16239.545691055975,35.9342574597427,1,0
1500.0,66,10.687163290885698,22333.076210631272,44,24565.924156776975,30.374611232206618,1,0
3209.2057702577335,71,38.02238843647614,9237.77252793778,53,55354.45993766886,40.46195043883791,0,0
1500.0,79,57.541202231984805,22650.889313922446,32,244.0742581728564,24.429766296501402,0,0
2487.546654090382,40,11.610988599515295,27975.961129835607,42,49816.403740899164,8.81635402994003,1,1
2264.3986635166266,63,24.301313651730947,9459.439578152744,22,27875.631463185015,12.991760200685507,1,0
1543.20979506914,73,25.35684624537966,15763.273170250162,15,20090.4835606998,32.87625202871134,0,0
7180.82278242144,24,1.9553408603618565,41666.58220431741,9,172652.77467159487,5.57883151266155,0,0
3129.5842970661192,71,25.20971663902061,20338.995250634787,28,22256.12938136204,48.97110956771935,1,0
1500.0,42,14.467380774402226,10463.96506072045,19,28561.949586306277,16.871056132353246,1,0
2446.833143977264,78,59.15949433023956,5080.670890417731,10,35159.53920704327,54.371146261983014,0,0
1534.5883441953276,20,1.8755291186364484,27256.358592190652,7,26885.928768424576,1.9270376567115368,0,1
3529.241781704898,76,50.00487158100106,5421.228343616024,51,36864.470198785384,46.1160866941619,0,0
1500.0,55,32.89782982107976,18393.6702661991,29,10470.282711160065,15.08983317090381,0,0
2073.296138332544,37,8.889134482548815,15157.598563474376,23,28307.02070224237,9.181274360302396,0,0
2915.343712330575,51,21.69566279685634,34932.15838913974,32,27327.057837830176,30.731478363154753,0,0
3555.195582127263,66,42.96320270093828,25086.243245925325,29,19812.32095455004,32.160387613186096,1,0
1500.0,61,16.89688289462818,18680.641479600898,34,31471.35555426609,35.289840331005536,0,0
1837.2484436266789,61,41.35578656885516,24613.624125363596,16,21855.521433613063,4.992903537052965,1,0
1700.674266670173,47,12.057795800006307,21665.561056920073,53,36025.20191969817,5.623141037628681,0,0
1541.7430748027245,34,9.61732264629145,4528.644699148109,23,18270.872733876502,5.505735477167502,6,1
5831.326783833649,76,41.168673369797574,70950.8317109704,53,81171.73319618191,10.917958022454044,0,0
2759.321074713067,27,8.555328117683445,15893.10535443435,58,68657.44362757757,8.158185581863862,0,0
1500.0,52,8.316953317777045,3000.0,9,35681.40795131849,7.374278597914037,0,0
3658.556943371429,37,14.176488586534203,29459.144737738476,38,24849.82156930096,10.586490572279425,0,0
7095.286067389004,35,8.853864964449397,59389.19579530794,19,154083.9615208894,1.4527157925411096,0,1
3896.5853343604535,62,11.816514187308208,34843.111236793324,49,38031.01222644284,6.818321247050222,0,0
1500.0,61,33.3940941112448,19473.016217463264,47,2671.8276716397286,10.638850803761812,0,0
1692.0079858483555,44,14.35777928452001,10575.633240479081,37,24355.651879611192,25.55522843859404,0,0
4432.863897053916,76,38.3364815976812,28191.989164765127,56,108278.44783310192,46.2296979062269,0,0
1500.0,79,19.69696518325196,3044.082534152145,9,36536.763262698194,41.08685858494371,0,0
2818.8962468279997,76,27.91388920600109,35732.21796287094,25,8912.319496396622,53.14319506328851,1,0
3381.412259231353,66,29.63300404742722,36022.33207092094,26,65196.72798175803,45.89801564964551,1,0
1500.0,53,14.17187849944454,10410.340373691595,8,30106.239159382778,15.875051999756224,0,0
2137.219692427616,80,12.29909747055748,27758.6638270542,30,19702.215363038493,20.316745865442936,0,0
1500.0,40,21.156090830936687,15202.622605285369,9,24697.31929456767,6.9369371907940325,0,0
1500.0,49,15.85549374132114,13465.74611969876,52,18305.980435395813,1.1076021645249043,0,0
1921.9345132008393,27,6.605283332589305,18628.383407653644,16,10949.890245223984,2.516742843537041,0,0
1500.0,28,4.110471935560581,17726.877194309942,21,28547.410545937033,3.550459671937439,2,1
5419.865166866743,55,13.139875268951505,66230.99231864508,41,35602.10621431032,1.365257059603144,0,0
1500.0,23,2.035821492335625,8868.424388088288,11,12766.790739062219,4.413024078094479,0,0
1733.6348146686173,76,23.73340533956769,5881.593924712433,36,8235.563054731041,49.17569067638513,0,0
2372.9930259331245,58,21.767204637678145,8691.753958926514,45,42670.64469111052,10.060036797376114,0,0
4879.023171258025,79,33.15166206886315,57912.273284061026,18,55953.132196320264,48.956092918884714,0,0
1500.0,64,22.869075530612097,23758.268787061712,28,16626.497056459993,36.625746437758856,0,0
4187.001246328085,51,4.447930902275457,33334.545518920226,57,63282.636928804066,11.055421071256667,0,0
2220.812021774335,53,17.36264174751859,8620.842991651642,9,8731.313855814016,24.3973813520883,0,0
1500.0,54,6.087740415143454,20793.363706493292,42,33680.770860965975,10.43488216908484,0,1
2847.3867159565452,34,2.0181725807322426,43144.517716761475,47,33108.6265864651,1.124419774203199,2,1
2463.855879710153,57,36.37318297630554,39347.53579061328,42,22576.73389588529,19.687115523230165,0,0
1587.4444175114243,57,23.593050512760467,17963.734208904392,49,5027.857496441772,17.094754594283312,0,0
2294.777451444522,71,34.952973080602966,35872.84577971228,38,9635.438026441183,7.322104469527084,0,0
1786.6140614161213,29,4.419730373667002,3000.0,47,41108.21696019645,5.396086706890928,0,0
2350.620323820742,38,18.179617838297283,6635.821460191865,34,26833.331972803047,18.987514915138327,0,0
3178.5228999357328,57,24.879289093606953,8180.860434824123,42,57386.95314121877,28.524332740376078,0,0
5283.3162060763025,36,13.845057651424574,69286.8861125079,24,10634.83377137458,13.299701579024294,0,0
1500.0,20,0.7371249380554277,3274.3354803612647,56,24129.920404743145,1.5151015901645806,3,1
7137.8604678171805,35,16.320201973925133,67368.51420943948,25,164441.8853330024,12.658774723565276,0,0
1500.0,70,42.66398708823238,13554.025915225373,37,11248.629408055916,1.0348746408315503,0,0
2031.4766019325757,68,42.69742315072718,12761.65455212432,49,29412.759410771698,46.23454678469658,1,0
3052.067361930315,36,3.0994968136635768,48213.16594613708,60,71740.30103364405,14.94247975989792,0,0
2577.423478674441,64,12.464307562076097,10045.158591884205,21,46349.97097290861,12.630652741918123,1,0
1567.9358123931138,23,1.4281329984178854,10962.799189714251,10,2443.0596803346803,2.7637175241831513,0,0
1969.4956275032084,33,4.063638348703067,27889.86115946011,54,18648.028887561828,9.225088949297508,0,0
1683.869143356389,25,5.987857134730016,3000.0,51,3610.7524329004705,0.9236152038137154,1,0
1596.9476758958685,65,1.4985853748038291,19866.279496228628,17,34386.97833646218,11.93627871228499,0,0
3523.7503909010334,35,1.2936998126731631,52429.04111665512,50,54764.60465937081,0.39525739983058483,0,0
2687.478083109925,69,13.96965840212509,45280.117619029035,26,64256.37445818741,44.06153772276753,1,0
1508.5432402750675,65,9.394029808523852,23981.37658959114,19,745.0819211474607,1.1705382780714206,0,0
3621.99381741401,60,9.738103783079632,23287.717858795317,42,38310.495945919894,13.385225190156413,0,0
2614.987866383989,56,30.3218411916254,28681.68481870118,27,6822.771349867076,2.973366731956478,0,0
3453.2606007387467,66,27.03007650681825,7990.808368768303,35,30258.144722301375,37.507484456210506,0,0
3122.2084378674913,66,0.2769917420624637,16809.3147540262,28,12636.1101465875,44.39917310741701,1,0
1500.0,29,4.7225504227461474,3902.670658061438,10,12329.765999753256,6.190971817995716,0,0
1622.7871743472365,62,17.946936781415793,10317.979337992167,34,33237.196842322846,6.140939961566152,0,0
3330.9455206884413,27,1.0255074250008918,52889.361304069025,35,13382.01754313027,5.023447724574914,0,1
3089.311859774022,24,4.056850731608742,21321.92465691702,23,36582.45378023437,4.6220474367160715,0,0
2183.106460454264,63,31.5943734770771,23036.723899704226,51,50297.85234533058,32.32872923518352,0,0
2355.5512625499186,72,38.928233828813276,19710.014929565677,55,58816.895312848,40.052826316793976,0,0
4459.160027713929,18,0.0,39247.65778828951,57,27941.221386696358,0.0,0,0
1595.0107199055758,66,0.0025356927502464544,27885.13359870821,6,37306.0315393595,3.5394010840436287,0,1
2983.6526776013357,53,33.38722813463528,18005.227905325348,44,19497.325934166514,5.213727349195756,0,0
1975.9291870674806,38,16.28417534109326,23048.257581639275,22,20427.575770647174,19.110129701578813,0,0
1959.1683250606407,54,32.54334107721427,15949.717430328574,8,43000.00332275888,22.08650353545532,0,0
4041.3224988701186,69,0.7978080606791409,8242.216931066117,47,79429.77952261097,37.1228798990602,0,1
3477.187276039218,41,21.478752303072007,32402.60128149642,12,74541.12058350808,20.678485610953935,0,0
3454.490644782771,72,43.728580549157655,51219.1683048904,32,69111.98030205378,46.04874659376976,1,0
4527.8991356302595,42,20.093259431008768,12129.33832172082,33,26608.31303513366,5.241644393258857,1,0
2234.0069997336245,24,0.5597243083318111,4876.9744612653485,49,31208.804982223097,0.34836026765252215,0,0
3213.3655801812065,80,45.80423779295305,11605.827654445919,59,30948.784953107093,57.35794845353443,0,0
1861.900992712454,59,39.35658427532573,26056.935538541864,36,21398.40771287053,40.24839999814804,1,0
2639.3593437501727,34,10.85675746269057,35124.38703731514,20,10158.650113480735,9.077507096223604,0,0
2055.8020034170377,46,15.975719329488982,21802.401245234956,60,16228.889521730342,24.875253615457826,0,0
2329.3575542403214,47,27.423260654720913,20870.69164919555,58,49944.17002893093,6.722665441727846,1,0
3063.5705588071883,24,2.657622730406616,49328.200372180356,53,68743.33798342617,0.6662322275391079,0,1
1500.0,50,19.17739412193532,21050.794507753802,13,22880.740646217695,15.99414199706925,1,0
6980.06146524731,24,2.858029760966197,103325.97741065122,11,86948.40199963581,4.867100516902716,1,0
1500.0,75,53.17223461753705,22238.188684441684,33,26731.488305598763,37.315256524698945,3,0
1500.0,41,1.749948715606667,17889.28744601173,9,22831.996883332587,14.658363867306603,1,0
4175.3813750275685,28,5.011197008253482,36685.9388166314,35,102680.45751461964,0.1745890822516616,0,1
3413.2304971369003,26,5.4956195310835065,53586.08657759624,48,16220.42156446941,2.53994313892073,0,0
3112.762577235479,29,8.710971922644607,52114.26358511919,22,34944.24048412496,10.334453651747294,0,0
3120.005457795272,52,19.822634013100636,4382.680201002461,39,71622.88446748997,4.565300343575397,0,0
2193.523151040483,80,56.35290013553015,4115.998888034647,11,50162.42295060132,45.03468860160356,0,0
1500.0,21,2.825974340651615,25947.95407116515,41,18575.506746044008,2.2779334614241336,1,0
2302.365857672175,53,2.2511728117754233,13150.493142579886,40,7759.491087871014,25.649163511730105,2,0
1521.665988471214,45,10.864004567617108,24114.267707110826,44,31002.34552918947,26.71069214070476,0,0
3775.6047720932474,74,1.3137052163846485,28730.528782886217,44,55233.81176562186,22.915659835707785,0,0
2036.7658072436132,30,3.952999888493315,6160.607531894773,21,39368.95261052084,8.186320706508232,0,0
1500.0,40,11.811100795353248,3551.301605338024,7,17344.636177897137,4.260412494443652,0,0
1850.549289213635,36,16.39430874917908,6774.184173007822,13,9432.431170557067,7.194778485679583,5,0
2771.4122307333814,59,34.70872722108152,14544.882193485115,20,1662.1134324197722,20.153984699758187,0,0
1619.627552545328,54,4.589990160191486,15070.329913703086,32,22639.893647383986,7.73379147960092,0,0
1500.0,56,3.5351542401540366,19388.19646442748,21,6039.2317080596085,34.45880820963667,0,0
2525.0798534056676,41,13.553148791403341,44867.577792893695,6,11813.409881323321,16.472550100749334,0,0
2526.8572455178632,33,7.98176958688174,21492.473970346895,15,27562.05112110884,4.256366521387421,0,0
1671.006224403854,50,8.524084525760763,16391.140713214565,12,18467.838534565948,4.3186060575230165,0,0
1704.3326950572678,29,9.893983930092187,16823.24122630655,53,11691.172223480284,3.166540612647585,0,0
2508.969689406407,51,30.603091512231263,25517.185294249513,15,8274.720557350924,20.558517614021785,1,0
1500.0,24,2.415668630040976,14702.386756163787,17,35435.728193337665,4.958451829861715,0,0
1500.0,28,8.903025571135203,3000.0,22,4936.523095434747,5.031682570551604,0,0
1500.0,48,11.51846682788918,3000.0,50,13153.971922542356,3.0748402051354207,1,0
1963.736012236285,46,20.630871291231603,5224.180735711767,17,14967.006401535693,6.980816259510527,0,0
2620.182264867744,79,29.032475270411172,7143.828055018543,20,56749.07982484042,21.053779082762695,0,0
4971.346059399323,30,1.4709978780861959,64544.216059857536,51,50964.05843378949,7.63363504453232,0,0
3539.4010353596914,48,27.838026037110644,15869.161335391496,56,10975.992240493702,7.399301260850257,0,0
2022.387065918827,19,0.4540965933775366,32783.177029518025,37,518.7942782069292,0.23392839265389187,0,0
2185.3714337674824,56,27.910507532251337,36684.31711361342,37,39443.20100132469,10.87567100760538,0,0
1500.0,32,5.14043340203809,26385.280116345413,56,26793.790971294384,8.295406622349685,0,1
2185.976186868101,74,1.057329200269141,37083.73547714093,31,22831.62891882614,27.587295900761358,0,0
1884.1606997273689,28,1.005303586918359,10592.942644580397,19,5949.614256240808,8.416359533024409,0,0
2637.2584962416613,51,16.375242823167504,25492.284849228934,55,24502.36074245401,23.03176637563932,1,0
1500.0,56,26.218645570801772,5974.101740021995,31,22120.59190938866,25.33923113434056,1,0
2938.459028133495,21,1.0042059797378373,43211.69770490057,10,51712.687316079086,0.46395018601384086,0,1
5130.746284528718,28,6.954884591776503,82622.14667836366,57,10035.72593522723,0.5522779861218574,1,0
2080.1221945481634,46,19.56179650409477,32183.463940644557,43,28929.6879154636,14.279968207659604,0,0
2754.3629126120486,19,0.7039359073278308,23046.410380333025,55,19013.648023918253,0.07164166537153616,0,0
3227.8746464475134,78,29.551311241230504,44859.246000586696,51,49811.4549586369,21.841074955580183,0,0
1771.0515415961993,33,13.72329225182256,4708.953099593591,9,28697.239094249617,0.391685225423829,0,0
2498.012925460335,56,18.589467683263393,4207.056197674602,33,56867.49542513187,6.718741111934345,0,0
2223.6956999122763,30,5.403182321959658,30698.16148367974,60,22813.915717235403,1.3244144242707279,0,1
2330.229068065505,54,7.1777094843825715,19180.207884491996,6,31317.734574196016,28.83546014313149,2,1
1500.0,34,4.922481397701384,26886.506250859013,18,10058.067103519097,5.538018441058458,0,0
2238.3194009899184,38,0.8466898503660669,5938.98137000741,48,16035.153665849379,1.5769303654399325,0,0
2904.158807375954,61,27.24201762549532,45147.09614918464,8,3342.235303956293,11.415648795206208,1,0
4905.581827776988,77,14.66360889169848,44933.7172940721,54,35083.36512077341,40.28567707812465,0,0
3742.83623401673,36,5.474794580738372,56372.9275200176,55,5972.508304243022,13.4214348991024,0,0
7217.402132043911,24,4.624887129985927,107475.51733630674,30,173924.19705212396,0.7191907790971281,0,0
1500.0,55,12.107183776973793,24857.79603473297,47,23409.87132660392,28.806958277555538,0,0
3568.0565764279686,25,1.6953712440919952,21634.73333292287,21,15445.096560994927,2.5939141075195464,1,0
2442.6483112442666,30,2.028692989604469,41883.08668607685,26,7130.478790632049,8.15259202722004,0,0
7364.2435382579515,54,27.894902478550414,26351.754895532064,18,68141.82790537123,24.17428041468999,0,0
1500.0,19,0.12970625799002689,3590.203828634009,57,11536.774673206552,0.7935927210776393,0,0
1500.0,58,18.15015041001414,12506.195692994903,49,10472.054284291988,27.88731121236185,0,0
1588.1642127694633,79,30.92273708070886,23951.88343477239,41,18589.30507799129,2.3709697570225132,0,0
1500.0,28,6.873899126857146,13572.238831152863,13,34232.76911161738,5.1948111088954825,0,0
1653.8062659086627,41,14.565520093658895,24968.957825995858,49,23486.12675206851,3.8221669898323523,0,0
1500.0,23,4.053603364725874,20107.013547754785,24,19546.18142199822,4.849822687463451,0,0
2398.78246787669,78,2.685086035574289,10939.125863955007,52,48368.356143943136,15.350072310665869,0,0
2665.0171895119565,43,7.41101811948493,45654.376489386785,21,268.14147717046944,10.502683781730578,0,0
6197.454743909316,24,1.6808047126522785,12601.159955574336,17,30582.21879214541,1.1802129106406245,1,0
3724.668415961779,74,8.17694671315806,60603.16735755365,25,46203.20195656453,7.536991493805941,1,0
1607.930117270576,56,10.98877364654484,9929.834558105536,23,28352.192009931157,22.83532482294099,0,0
1500.0,36,5.575775654572261,14253.776120692182,59,18188.557310236436,8.877233677347371,0,1
2894.4649212157174,23,2.6094223096373916,23676.67048023043,17,11846.75412294493,1.8732986705152066,0,0
1500.0,60,27.875588114902754,5881.781201381363,53,34874.35566230912,3.587598930364063,0,0
6046.907850146729,46,10.670814381130795,42863.48651529418,30,49685.19403377552,20.606862210719903,1,0
4224.651564276495,60,30.217749715162007,18081.02462175824,57,83248.41528476388,0.24596451173359402,1,0
1706.079609431489,56,12.77428286602404,7619.471102606397,16,38020.55284330791,17.391140356514097,0,0
1500.0,19,0.29028367731476035,6269.9493186726995,27,12991.851663324993,0.6325719807953342,1,1
4650.033978648672,36,9.741385005426437,43307.14036959289,57,98268.21264342558,7.752795040968244,6,1
2073.5203316476386,21,0.07114908091737182,30200.477866147627,51,36845.092081160794,0.3786269517335825,2,1
4362.493042144023,75,4.547980047138021,46558.66587116571,39,98622.97145205444,44.360243512546994,0,0
1500.0,23,2.0898477179326354,24276.768008046467,18,9424.151314611661,1.6197197615181085,0,0
1588.1796059186552,66,45.25981014680431,18774.278181215708,51,36975.902537938884,6.4682664567327866,0,0
2214.726137421748,74,40.40465967123173,28168.618855724348,43,3615.899020595454,30.814885625798613,0,0
2266.153832592103,54,3.172556502020079,27985.465431896864,17,44964.53062534241,0.6901760723045482,5,1
1724.106097298381,78,50.779080766852424,14897.666800031666,44,18778.31796428276,19.443821444696667,0,0
3110.589269010486,45,19.772120806420887,39562.83830082487,41,13833.565548936263,20.267343979021827,0,0
1500.0,47,17.71744924537694,3277.5475349585095,33,2977.6108163504846,26.468628551561057,0,0
2042.0128330172554,24,4.921757763655064,31891.084415406778,32,19886.525561289982,3.550364756642928,0,0
2359.399926938355,26,3.232878781943657,33557.2884719652,44,22964.270811922685,1.740892683178255,0,1
2930.5381636102843,42,5.316025220492466,15147.685938404627,18,16847.472267890436,5.280003617139515,1,0
3266.218533471647,50,16.3847484514803,45911.76975214243,48,17598.009708714504,19.323893254796715,0,0
1500.0,80,34.02818884679537,3000.0,45,14981.7861767556,25.219225824001242,0,0
1500.0,18,0.0,7039.787598262451,32,15379.270620193398,0.0,0,1
4459.189277048213,68,28.253689574005264,9396.996972750632,56,49314.70922430233,39.36985198368602,0,0
2651.213414884502,23,4.743524591195904,37816.53057073719,36,57581.66350998729,1.0012151825061526,0,0
1500.0,35,15.338175592635933,20774.790855048876,7,22922.043990853403,5.4678941890227755,0,0
5182.97029293117,27,7.881453329030455,76872.84308353112,58,2647.612318481081,0.5528649490029383,0,0
2353.4110111872087,45,21.638253894532934,3000.0,23,30541.346786551352,18.937047053771874,1,0
4224.319455665607,28,9.434281072652853,40219.56116077226,31,80520.946090752,2.7527792760214718,0,1
2291.8970615802673,50,3.151828533740904,29753.901231331936,58,3232.394590741427,7.451742795146917,1,0
6859.647665489405,18,0.0,24981.596494962505,47,72473.52881200134,0.0,0,1
5798.980837046661,30,5.940671347855019,69857.08844496407,36,65413.97435579274,10.489566395672496,0,0
1925.7479531280271,54,30.47524175244259,4679.320430039407,43,45930.07333319736,18.648668537021905,0,0
3768.2426192650405,37,9.598148518931918,15383.999541363919,27,44812.31369863633,2.9998098674767353,0,0
3149.3670410259847,18,0.0,28623.16676630127,41,59042.779282126714,0.0,0,1
4687.934487467061,69,7.086955167694727,56773.7350114941,24,35499.623601495645,10.63111552710375,1,0
1500.0,20,0.5048276259531204,5219.66273732435,19,29223.999419566182,0.8249522963791469,6,1
3220.617218710971,35,12.44019361564043,13361.685844589965,19,25979.29933428413,9.65728892721365,0,0
3952.618176313763,58,6.589360355508962,17690.291427579697,55,42492.97618958837,23.3777165891884,0,0
1500.0,31,4.567627150514048,7586.87051982395,34,17980.58541793867,0.8974175145945278,0,0
1500.0,48,7.945987734407143,7277.123137420426,22,34738.61135317542,25.10413475109128,0,0
1500.0,44,9.096404049784441,11576.302266689736,55,2004.508042682533,12.465199758384415,0,0
1904.2171173190056,34,11.333184785247525,23068.49366955717,55,9371.944969815117,15.828171195486282,0,0
3276.883970002048,72,19.863747781711254,27678.332554582918,42,57815.9272989956,38.74189002916998,0,0
5045.723736296713,63,24.98684951735731,71606.67322844296,14,72857.43270052898,44.665600692776316,0,0
2300.2017816721136,46,2.79809255752347,30426.067662694044,6,14464.323809474787,12.697306945823067,0,0
5408.5620953117805,53,28.175619263211974,17042.14950847602,9,39104.023950359384,4.92734925342373,0,0
1500.0,54,13.315990523332495,3000.0,12,13774.105710325497,26.183137573067288,1,0
1500.0,43,16.21335397583356,23887.509881989954,16,16888.01059988732,19.444007062077908,0,0
2141.900430585693,70,37.7202592864153,5048.733759952966,19,43803.32689764968,44.34743392988978,1,0
2727.7598864243096,34,3.3545747537872064,9606.532221213063,47,942.1325633014587,4.823184409700971,0,0
2168.992143291892,39,18.57817468402035,3000.0,24,48694.94408032631,10.724363666421867,0,0
1500.0,78,36.973455096417176,17522.57731511567,45,15488.516686182305,51.45033440162388,1,0
2102.7135962989228,42,10.289403402035555,22920.208117333364,8,12116.756602501167,20.75366967868558,0,0
1500.0,19,0.18233518357821954,26666.043494099016,13,19065.476232275447,0.02568384305614091,1,1
3191.7348939811036,72,50.884250646665166,51316.23721875362,34,52637.29734495621,36.22950633888854,0,0
2701.6798774480385,39,15.856432286764127,21571.114549026814,55,3022.6542516625623,12.63543434098642,1,0
1500.0,22,0.8320982509329955,10975.438943269643,42,26841.650687478097,0.3333511094448234,0,1
1664.6550361693933,21,1.0131323241726735,10065.311011811606,57,31660.12355584213,2.7904082385358784,1,1
1500.0,53,28.338599033082563,5386.376460965975,48,6231.835662128224,15.588030284489967,0,0
2133.515774883593,23,3.478388316076695,7141.777988321514,14,8954.441893802812,3.3712885506370265,0,0
3734.347099549343,69,39.054998928501945,12132.23288204548,24,19025.05650456696,45.022687570658896,1,0
1500.0,38,8.824022044258648,4409.926308262853,17,29873.57670252389,2.6024214172777005,0,0
2913.835645651044,30,8.597715151706003,14827.649205934056,32,19814.305002457837,10.270117722056808,1,0
1649.7158004292617,71,20.484167311787427,10250.28924412958,42,32826.69820415437,38.388198375751315,0,0
1500.0,54,7.605465009775072,26020.263761492355,53,20269.644710206838,30.225323590457737,6,0
2082.1021305387417,72,34.16455988143344,22557.588732840617,30,39933.22652597408,26.72112807938901,0,0
1500.0,42,23.42433421437106,26683.69225008867,50,20762.73906298541,0.8036364849058693,0,0
1628.6274470694566,43,7.76502428488324,11940.995651105795,43,13671.061128215511,16.762896092765796,0,0
1500.0,72,24.89235797947714,13169.479131030746,53,34151.78034967718,20.22475113468943,0,0
6506.7724126040775,56,25.612052100654438,42410.0833206073,55,116356.65198573806,15.291801705789583,0,0
2251.5968477500014,37,10.288619360327269,9252.014238018373,22,27247.406687063387,8.383981828621232,1,0
1502.898672434956,50,26.989689462689576,5160.653509828813,49,23949.76027291573,15.773108345018166,2,0
2484.157758509923,31,9.902655184103708,42395.49672640114,38,38246.30126271866,8.60514502335718,0,0
2076.0442781979236,73,3.2063462124296374,36903.309661617204,44,18586.628055089466,39.9726621938531,0,0
1955.6281404108186,53,34.944743187332094,3448.674817861485,19,20718.49882782701,27.189480022656888,1,0
3095.7692027760036,34,12.038439259511476,11008.183391679375,33,24631.238269283644,10.745699057623545,0,0
3349.710625117038,38,17.278066325882264,27467.324208671376,23,83702.41261998678,16.069588398414872,1,0
1649.494850509162,63,29.303897044290586,6874.548715537862,60,23920.333245266476,5.496714355077051,1,0
1608.8903031703176,33,12.844276920701434,11561.43212911186,38,3702.6728367234255,12.552264992967594,1,0
1898.3143109012235,63,5.057233871791923,6064.426934103328,57,24635.71489281113,17.427558922175706,0,0
1500.0,33,5.216067533389734,13141.04979640565,47,1873.5736751939958,7.931650136459703,1,0
1500.0,73,48.2031518982471,8428.212712316112,20,10824.45181173622,23.857867027218727,0,0
4683.405742913067,37,3.8314490140709525,32701.34644761741,16,52215.42129196942,9.038626883755903,0,0
5457.4244359869035,46,2.1907787602406366,14207.395304150654,41,72893.5202251972,7.991975183485254,1,0
1925.6718103811506,45,21.279211378520912,15941.051824642327,20,46995.12508187785,4.588674591591164,1,0
3032.3898884745804,25,5.848403089503074,53719.93732164871,58,74461.98058759456,0.7342631313029033,0,0
2620.676016397155,41,3.7410010183677143,17270.67896552288,53,6425.201141419096,10.38217329856555,0,0
12008.6733234926,20,1.708691965565431,190929.47181987393,35,161556.48679768702,0.25052199310387735,1,1
4087.8163278558704,42,16.48242709433207,62684.1510468329,20,83504.82818276896,5.87972334115057,0,0
2058.3198551175046,36,9.36148829789851,35372.212530537065,54,12232.22544355559,2.405085941270972,0,0
1500.0,50,26.56800616900432,21647.792562810908,28,28146.116197067684,3.4918794104092754,0,0
1500.0,19,0.4192492493189658,18319.71908999978,48,32948.214588936724,0.8824611478477513,1,1
2469.830983942167,32,2.715915387127561,38435.35059611172,55,40905.797429988525,9.436363342121581,1,0
1500.0,39,5.9819062088228865,3428.9393567624156,53,12288.875581691958,19.398941349247274,0,0
1500.0,77,29.804677079305574,13302.181758569599,20,34617.46197527147,37.99671733574175,0,0
1547.4828369395896,27,4.7819771340585815,27572.052697007308,34,34180.80452630087,7.5955592163046255,1,1
1500.0,35,13.69487404950097,21124.80385801567,16,26843.44945477641,9.440076017583877,0,0
5585.492550506369,39,16.618407196699025,96937.79512039902,50,50781.63846150089,9.715231064179722,1,0
3586.3916561818505,63,26.16149507420587,51119.65220124877,23,71001.26266633668,23.781483045152864,1,0
2198.68569019447,66,37.477703201542866,34899.72355140633,45,17375.607354267657,15.370823734885198,0,0
4983.90638103565,44,4.986109915635446,64845.62460908862,36,31517.333246563627,17.107282165838576,0,1
2304.3468872983353,30,0.6007743251195321,32096.174140569532,14,29669.237376149595,10.76609882004816,0,1
1500.0,50,27.956282324310404,14841.039250907268,27,37392.57093754691,25.03531028760929,0,0
5103.685692463715,22,0.3022179750510783,85293.00410383476,16,102625.15961579904,1.8480000429491414,0,1
2970.247388225171,43,6.167210743599933,44629.93176909923,22,54191.62391300408,23.847977145674523,1,0
1500.0,30,8.343827395492614,23019.06662447362,38,16950.47800102415,11.825077129417316,0,0
1988.8537108498683,44,10.645646378310037,24743.636724913573,16,15510.573334221519,12.820615852985208,0,0
1500.0,74,49.073582315268496,9266.78865072485,44,32096.278618144348,48.41983111351575,0,0
1500.0,31,3.873737330609504,3000.0,13,21289.979249288222,0.062013330315623394,1,0
3675.327969779549,41,0.2730409733952638,62135.59891195179,56,74724.46671050039,1.5330786101734897,0,1
6311.81878339522,20,0.6013112811214882,69203.071041047,9,76965.32564351999,0.044778817857555886,0,1
1500.0,64,26.591452262502255,9102.645764277577,41,28273.406025453758,35.56549787799058,0,0
3009.81255037206,68,18.796918770164666,10640.580778482428,24,65293.448221580125,3.9889555721617453,0,0
1544.0229384493255,80,33.162110857042826,23317.67046208977,29,15107.879468749199,1.0571338559790702,1,0
1689.3194574706965,66,42.0767097040809,25712.86675527761,46,573.0834617090717,7.076101121052458,0,0
1594.2893090670736,47,26.462066572680687,23669.83218665474,54,10160.66747010792,8.882548947657765,0,0
1500.0,52,9.043118198239812,17949.60864515305,23,34309.31404066533,15.799823184513537,1,1
2268.075368076177,65,21.720602243685335,16380.633611953981,38,38984.9416417516,3.0739543816575043,0,0
1500.0,80,34.04692894496997,9253.792261896555,51,27645.701866385265,30.936898480157257,0,0
2562.5323664557914,31,12.338461939547212,3000.0,41,20839.065062367386,3.224798993579805,0,0
2148.16450910554,29,10.984790510808232,32590.509434740794,15,37661.24342183345,3.018086446073845,0,0
1936.385895619593,45,6.3559957187212195,4814.544413744878,60,31286.290774039546,22.1913607944923,1,0
1500.0,61,31.260134467870063,17584.252450039574,19,6689.012380388586,42.43771377025055,3,0
1608.0471447562993,46,10.584869742529465,15387.843887915886,12,38942.510969977695,12.988192819325294,0,0
3345.813608423388,60,0.3405442692209555,33303.28882505218,17,29612.59119882582,13.514369196488849,1,1
2908.8248680490765,34,0.14804035897443768,48734.79615756913,27,23945.953455763512,14.9031708185531,0,1
1500.0,57,17.962074294927973,3000.0,32,13843.557908632423,19.517489412186343,0,0
2332.3526729076107,66,23.440075824208062,32997.35085232858,53,5348.062248786355,35.05697141667462,1,0
3338.4533766926374,38,0.4513939314688531,6292.619963295513,42,52160.28909873883,8.274800619197675,0,0
1500.0,74,38.467935339360935,3000.0,16,8948.40914048988,11.34272034885693,0,0
2977.526215750899,40,6.468074549088969,24734.015107315307,41,59797.11978952536,14.407472476487765,0,0
1533.881810854319,37,10.637968929183039,3178.6294757537275,18,15114.72488358195,12.632010341197676,1,0
3022.4688237904948,28,3.0091907316541877,43570.239658306906,37,34649.467915204536,4.601838500789507,0,0
1500.0,74,9.359521632681203,15003.858888032597,13,24240.82702933346,15.117179564526836,0,0
1500.0,74,22.801729361537017,3000.0,12,28570.167523265216,46.58155555551393,0,0
1500.0,51,7.665021038086525,3000.0,48,8666.82393180419,9.085498104724053,0,0
2267.5306991521693,27,4.813208792272513,25884.690592159957,48,54777.551426314116,5.931215876401129,1,1
2547.448059169726,27,1.7894567725783195,37457.42381042035,22,39633.29536130814,3.4558706150342706,0,0
1500.0,60,21.353051019074336,12663.888047506725,27,211.44838126453402,19.844188473384634,0,0
3137.6388967089642,77,9.285332377263186,32718.89496505257,51,32601.810304806815,12.47275702852785,2,0
1500.0,23,3.354873547428925,21895.65107827249,39,16380.668273653284,3.2473997273968265,0,0
2129.5290069277744,53,26.38781895544984,24231.06931794713,25,43078.50719318735,7.903904176671469,1,0
1500.0,41,2.539067387748477,7231.386060299897,58,11442.741529518895,11.171423071975113,0,0
1543.0097029478488,29,5.145826532410731,17624.078516531346,13,12777.14321291856,3.613053324610474,1,0
2266.6749779319002,60,2.9766114275046904,26476.465571130953,27,3994.6799090230925,40.471440776954104,0,0
1500.0,72,32.30185205926813,20219.72801246873,32,10632.975919718054,53.039939178251565,1,0
1787.3591078413701,40,5.816894554452198,20652.686385046785,39,32036.700678104487,16.576808761436958,0,0
3840.896358627643,44,13.718235877806404,67127.79204020885,26,60950.88852377527,25.58185486622408,0,0
1607.9405405129103,75,29.4952775349046,7000.814326354727,20,3271.9213466492133,6.47238664004107,6,0
3496.894827811425,74,51.76384338685283,60036.58415649338,10,10026.811952943654,55.57018062475316,1,0
1500.0,62,24.15966179302381,15227.657003925413,43,14134.72364719155,4.556460320317143,0,0
2955.408905768113,54,20.987945269859363,36715.79665814006,22,54952.70784914256,14.956263852447153,0,0
4879.815746949992,23,2.0082656288219014,13130.838327837944,13,101612.19323836404,1.1947378507722684,1,0
1500.0,18,0.0,11204.68650514173,24,548.4016128756527,0.0,1,0
1500.0,23,3.885929547198048,21119.168234810903,10,12337.896649027527,3.1789496739957075,1,1
3033.249208374374,67,13.984859224839237,39485.282916356715,28,32172.299049870293,29.259249157348645,0,0
1975.0026866755622,39,17.728401301300874,3322.684477634935,24,44987.243730735216,20.94620860263386,0,0
2708.4457635246363,58,17.2958544074036,27875.601358236312,19,33950.81167579029,24.497044155630157,0,0
1584.1577345452465,41,19.05934430127266,3961.549631649168,15,10681.213831918043,14.861677261528778,0,0
2316.0637937488327,42,19.749313639044047,41526.00312340502,36,22584.347137099314,1.0745831831222166,0,0
2027.1325175964969,78,11.332211205771262,32949.09709084867,18,22117.761203826696,51.54303612201224,0,0
4197.650042156238,32,9.815975839370077,5701.967039477239,27,70310.20516911703,13.581252044389736,0,0
2540.0307438458954,43,7.266074232663278,39616.96833009714,42,2609.1057983431942,24.007778763092162,0,0
2658.936378597832,25,2.0824486899486776,44218.918190833036,44,25888.179863021727,1.5477392667664815,0,0
1760.7016416778756,68,14.817403844029037,12343.08155163397,15,28459.74526624293,11.295767198507956,1,0
1688.8727554528489,41,16.68806969387881,22346.367381580745,36,11962.383485768774,8.419083879903098,1,0
1740.7877100608116,65,10.801823964249195,14824.13676555669,48,25752.821995426824,14.579873333125645,0,0
2743.387304297767,55,0.033515904105338334,33301.84745665159,40,24503.862023513095,11.307741953707335,0,0
1751.9041052444827,78,42.91421120895799,11887.362885738998,18,33230.15506299438,36.31300302810548,0,0
2589.9042147638015,23,0.8559237191756264,16791.662164711237,35,3923.555736829733,4.028040034184749,0,0
6915.153481207917,71,5.537566951315236,56810.586710501644,39,158696.19966158748,49.64871251575381,0,0
3565.710411422984,52,8.075548100198045,12389.60244553342,41,15298.016223812212,2.3072562716293,0,0
1845.835052953825,59,15.575921415230864,27926.307438273543,40,7316.294256641489,11.39711753174872,0,0
4275.5484143009435,18,0.0,29620.418885220817,52,89855.24023795962,0.0,1,1
1764.3869022146444,77,2.6296324020452184,13766.703643469247,9,38343.785092555256,21.08894015085639,0,0
1500.0,63,43.67579996823122,24298.392623904685,60,3486.4992542175105,19.095041840155695,0,0
1500.0,53,25.062206869684534,14163.90725861087,58,34076.95980055913,13.621001509605758,1,0
1500.0,75,18.42206172348716,15378.474688447004,9,10248.67000233661,54.27239093472839,0,0
1820.1379679748948,29,3.5056698301393707,31416.433372435848,52,28149.420435595566,4.808419616928243,0,0
2230.8324896944687,55,16.596074326632998,35859.1789145093,11,3825.5146745869934,20.408925130139743,0,0
5552.705257413369,28,6.26244822763033,21549.68290923681,60,52842.47243818309,7.486332804859066,1,0
2643.370418527938,29,1.6101037324786454,23908.374817229582,33,29785.802465237586,7.975932766851736,2,0
1957.6395380986708,59,7.746122364363045,34282.25380444206,35,29356.105204349948,23.90154723447732,0,0
3484.8248708006545,67,42.11229455884399,25544.557601755794,32,45762.020747990515,42.18076915146031,1,0
1500.0,56,9.737687107784758,10975.114267163102,10,17305.98605593472,23.718889739751457,1,0
2513.8934534309838,24,2.281169987851065,10848.742243000985,49,60310.83115016585,5.248553084331597,1,0
3374.410281519978,28,8.71271850950117,9932.552840402263,44,15608.569024571812,3.0276575058250375,1,0
1500.0,53,23.210174028993787,20377.772164277536,40,5924.783649250057,4.6208286919667465,0,0
4142.54131941943,69,17.427305846426105,58370.55289415445,44,73884.19844606098,41.79554328401273,0,0
2660.2437266060783,48,20.510986371738625,46483.02489830602,49,4958.154600817341,11.47553723924728,2,0
1757.4016243529466,50,0.6298628922052387,24863.910766889938,20,21215.855728762534,20.834706292519687,0,1
3127.6275546154684,30,8.827711920136384,16066.598973621423,24,37848.44683395019,8.847734357635119,0,0
7699.27210682656,35,8.279272688776071,12950.035794874108,35,59674.23457657512,5.554078082263232,1,0
2440.6665086825637,58,32.52728589137845,43327.77485607376,43,56772.57196330374,20.20653554280156,0,0
2531.3836322909624,75,54.414346164368695,17182.176043410636,37,17880.64567533268,51.01081136295173,1,0
1715.3141235588996,73,50.91837022220126,10812.510402566259,45,12369.213862529145,48.38862793811595,3,0
1500.0,41,20.913095999472837,24601.857848609252,34,8786.248658389542,17.23521278279358,0,0
3486.6082660069806,26,4.097359647471097,38166.84869202248,11,12707.644217123297,6.101916255548019,1,0
1500.0,48,10.804263424168141,6979.214933152932,31,13650.41457556698,26.93053347243996,0,0
2297.005117219961,72,25.11190753545633,37015.40164396409,32,39100.03801177165,39.76194891365547,1,0
1698.1393052326446,78,41.393760198801644,30374.846213448098,40,31507.398203875047,20.375121558209727,0,0
2873.93917968048,58,35.35991107484747,7108.790699485427,33,58442.9123355844,4.831307185600746,0,0
2653.1798895005522,27,1.862876727001076,41544.22744782205,10,13102.98680864175,3.7969568997726357,1,1
3907.4761918556105,77,54.17339634924048,29848.299643065708,46,3480.847023713936,5.153261535366903,0,0
1668.1841535471544,19,0.8151802319698891,16530.423113291094,53,40648.88759542099,0.11577077699078842,0,0
1903.7269293155869,55,36.21767256159468,31510.24367265804,59,682.1300732627255,35.156367434953076,0,0
1500.0,32,12.32352482594362,26321.16949226549,21,36025.4564234272,9.462417448434856,0,0
1729.5883426618827,20,0.5598746593838133,9437.994278927014,46,35837.69392085034,1.7032174009405983,0,0
2717.6294978826622,60,4.450148276450003,12551.27157261404,23,61967.03187090477,27.001766117486607,0,0
3348.75441464706,48,3.367232159747658,7932.467492250798,18,32414.746609871072,12.556200852002133,0,0
1500.0,23,1.4561165928913806,15825.84524288452,48,7395.074956913749,0.1257939123079138,0,0
3562.733107277997,20,1.2283674479690785,4386.703218580163,30,54016.70623842014,1.9116740739500748,1,0
4654.551431513919,73,44.23761793534449,37246.98221474802,15,86254.79244424481,3.9012859628919685,2,0
2772.1797325026537,80,55.753519032857014,6230.552354592355,34,9069.259895972738,37.83011009322962,0,0
6199.585394280628,28,6.2375338436923276,48907.52676326936,15,123623.0673150557,1.0220321173051539,2,0
1500.0,32,0.07883837847275221,3000.0,11,7822.249500470923,3.9780675002539567,0,1
1500.0,62,8.197938166815474,22798.040145523606,21,18437.89848406725,8.175968121146969,0,0
1500.0,69,5.086036396521765,6848.34434543343,30,32118.091870430733,28.239562673102714,6,1
5028.235323996338,45,9.809760840363271,33092.064052151036,49,24314.59897378966,23.951034318296703,0,0
3164.977137440655,27,4.512158942703714,49977.57143894033,9,19138.984519085083,5.720600770179445,0,0
2141.8568763237276,55,1.6056956074067514,29314.573491857667,42,3361.170829564655,24.574956721731642,0,0
2575.9733572180494,64,16.029986886600145,12168.002081794839,39,9441.851143638321,41.81084882581192,0,0
1500.0,74,10.034061779018064,3333.4351757661493,24,5494.718241801326,41.9678127663819,3,0
8477.438239852621,67,31.70643814668482,111617.80237379714,38,43113.60214497967,42.4318359828176,0,0
2371.010821318413,67,22.749346096892662,18119.130406488035,9,16964.605962667585,20.403212501133403,1,1
2345.2965584275935,24,2.971905881603453,32888.93791043462,49,47784.44199718157,5.192138026632721,0,0
3291.740210046651,32,5.987685032468455,28210.250238414512,39,75361.41836581711,9.042059439921823,0,0
2877.148784747872,35,16.25233507827164,19800.65595879915,17,29223.244027742483,2.305332306602748,1,0
2497.7265405937383,35,3.6504971270665747,21656.51783756983,36,8005.772553072808,0.6581126422401233,0,1
1500.0,69,26.34987725203759,20588.254134602255,21,8392.8721910824,12.445755097975002,0,0
2862.0905445468843,58,29.440694734613437,46760.105115041835,7,52677.20412990609,15.133985953067647,1,0
6217.439674275868,41,12.80742150209494,11477.656897579904,54,105296.30748802876,19.264060919859705,0,0
4628.467160344196,19,0.9290208857168011,45867.629128092056,7,111917.18081817655,0.7412445570252967,0,0
5304.191545675391,57,14.740765870010083,8265.003436545958,41,1921.26842801079,37.259653384469786,0,0
1667.084177643761,37,8.809840309690383,14942.012577489924,11,31289.451262354058,10.624321176183614,0,0
1500.0,51,2.9212364020860377,24074.712141970962,28,18967.26001698681,24.67547450306382,0,0
2060.7333507566455,60,25.577962664180998,14728.132413218964,44,46505.2381274661,11.56190218019024,2,1
2277.078866843408,43,7.205299211202651,38372.55238661689,60,32799.42393584353,16.989447322382677,0,0
4031.143393451107,24,0.9618542370934131,47246.38735737822,52,45014.541163261856,4.236907215217717,0,0
1500.0,55,20.1476578374668,25320.96126672166,57,24969.397855987303,31.391367151523767,1,0
5121.756244410823,47,15.436997638017408,71048.14540443356,49,106727.59737133319,15.555701815377429,0,1
2024.535672630539,59,3.1107372901859494,5584.474812273905,42,14298.209807283672,26.60921105140226,0,0
1746.2316661437108,22,2.792861813977891,8608.176907220015,51,4694.178220572312,0.8121952404195953,0,0
1500.0,28,6.237721906508529,11551.346591879408,21,16238.179436974518,7.3675909012645135,0,0
1500.0,18,0.0,5837.725491307939,48,8044.495230439822,0.0,6,1
3472.895007361735,51,15.491350451083447,32692.087709703963,49,37293.78508715783,19.59334562415174,0,0
2299.219236633552,73,39.6177604063208,20723.457665764443,24,56965.925583246964,6.362095430580902,2,1
1500.0,18,0.0,25884.60954969822,54,21529.57851652582,0.0,0,0
1500.0,36,7.1188033713042635,12560.061013847433,29,26010.00835675289,8.55926371820322,0,0
1835.9519785975697,19,0.32233845808094364,26356.29443671877,32,31116.10071413926,0.6771623914028342,0,0
5530.1036574636055,38,12.207877332881072,94080.77379193761,12,113464.01741072499,6.406542157304509,0,0
1914.5248615380679,37,17.84306526789457,30457.812504783396,35,45188.94188260124,15.96552997544317,0,0
1500.0,78,40.304690428649,6821.024425045592,46,24705.678682802005,22.307387481924216,1,0
1929.1626251175692,40,1.644409879998941,18196.84228501185,19,22961.599866912893,0.9423996548331373,0,0
1900.7466024698824,38,9.213699469642675,13137.155168094037,57,15102.90228909081,15.879888333396702,0,0
1500.0,41,20.488955024744435,11696.396725998995,49,13510.286254645016,14.817132898753947,4,0
2143.3768324067673,21,0.28338727740326064,15290.241702345838,20,17922.949658560745,2.4058694841920927,1,1
1944.9392242366184,80,61.31029415252769,29267.65272427209,17,15776.641522244818,21.631168422547397,0,0
3238.6553287409597,29,10.439763330099634,28132.13885221265,58,56241.274297969554,0.19393211367910412,1,1
6105.381364857685,39,1.643764095327393,60460.392853318925,58,89704.69398566746,1.5488113968143864,1,1
4103.56245238652,37,17.734853088541545,72639.64191140725,34,20722.48204731275,2.124214833315717,0,0
1904.7598568052788,35,6.173254034410857,3846.94372528884,28,46172.61793554189,13.687508828646928,0,0
1500.0,18,0.0,13942.919814664094,18,16039.70682578697,0.0,0,0
9093.797728067582,47,12.133116793684874,128759.52779224956,14,128696.88069807114,28.93905677325142,1,0
2281.458336404301,79,26.892161874853468,8144.243400551674,29,40073.87082120564,46.26169218631,0,0
2225.3313626646905,50,20.295778911281364,25359.958787526994,44,34140.88782192221,19.236958498887418,4,0
2179.239413660296,41,17.81298064334762,11050.707871325016,35,16946.406872547373,22.62324647591777,0,0
2462.5350794884475,31,0.43925896232723227,38774.75704692559,6,49109.51050877986,4.112019448114733,2,1
2039.789251558039,53,20.7604598434497,13382.433739970356,15,5617.255250863027,5.79654491924099,0,0
1610.7994639879794,22,0.7469319763894839,10621.721018388094,43,22913.45463880167,2.949091878605261,1,0
1634.7212546066762,28,3.4594951786320296,18258.68546361635,52,11169.936842780584,2.780833787896416,0,0
2168.92233070299,41,8.003279321569979,8937.19506937386,20,33388.51874131386,22.103849345535416,0,0
1637.8118233869484,77,27.674560073048063,9569.90950283577,14,8925.807518531497,58.29608942276008,0,0
1500.0,48,10.024092356285202,12124.112178044994,18,28957.487070350184,27.79213185076061,0,0
2341.475640581876,72,5.7975003963360585,16418.061156791806,28,13319.269425157885,51.017135197115415,1,0
1919.3896625905008,30,1.7475448623054173,19045.936070866483,38,42725.23648768061,7.387857808996319,1,1
5050.265745319813,33,0.5015697834164651,56532.08109019215,14,108777.03056920863,10.381779743529448,0,1
1500.0,41,10.81572896256135,15950.020070629198,8,13589.754450517923,2.167661628771971,0,0
4025.195534035739,30,11.453372338235862,48788.83678897534,35,38825.05259290269,9.156601916744266,1,0
4382.3783394493885,41,2.660530143906681,27309.850203937618,14,76856.33895046273,4.647457350768572,0,1
1500.0,71,50.152018129163345,4723.868792453215,57,3389.007673968147,44.537281164332285,2,0
1828.9948328352793,43,18.33403786830234,25484.716887847677,30,3700.0296686346414,24.038295515275035,0,0
1800.298068348876,19,0.6374988029341632,27838.488818814163,52,6135.604705733995,0.21237762916547331,0,0
1500.0,33,9.679166329853444,8053.658921672022,29,21092.82507936946,1.1704667640843196,0,0
1500.0,55,30.58892299066244,11880.844882029503,37,5587.586431165996,17.903935152911924,1,0
1500.0,63,4.811393897091961,14213.515032570658,12,10410.648066486801,35.619721737673906,0,0
5789.196249291674,18,0.0,58277.27013039346,41,93627.42735389422,0.0,0,1
3694.5835335982183,66,33.460374636516406,45115.7894869935,30,1443.0838082031503,33.447288271516044,0,0
4444.200657739378,28,5.868204450735637,7587.383647450045,25,20025.191290388124,8.206959902347412,1,0
3284.335525854545,68,41.63895355116473,43567.073362379466,22,76355.1078166035,8.749417629757634,0,0
1500.0,52,2.457238106385951,3080.2606779749617,59,24884.16087782674,22.165883768122164,0,0
1654.9297727813919,60,29.00944365896497,14829.669551996098,41,12641.640900863094,25.43853126770129,0,0
2890.416847733801,46,14.952776450772097,43559.76495648062,31,3273.644504160765,4.2960882652714085,0,0
1500.0,54,13.649791103277963,13005.990488599105,24,21976.830315466013,14.919374542987716,0,0
3268.7049202656417,34,5.444399715744494,11553.32164138462,42,18212.105092671696,13.64047550895276,1,1
1934.9195551098314,75,35.387460068128995,34336.26079060982,53,46446.55581780661,55.392702830745115,0,0
1796.9544808848232,71,47.22275485614603,28963.04791050615,8,30860.93915641319,35.26779941159965,0,0
3265.042251989924,56,18.854685191842382,46077.35948625393,48,79513.89118981667,35.033759595477285,0,0
2819.584524435538,59,33.813649727153724,22544.54422616023,33,59838.554848801126,5.414018453920111,0,0
1810.699672214276,45,10.858222309787124,7469.819428293872,27,21865.43955890052,26.326634192359574,1,0
4178.181536931762,46,2.8670449582089432,71045.75742361804,52,69938.90953346145,0.9381819770599771,0,1
1500.0,60,2.583240931262819,15074.953726187043,24,30454.019832723752,22.144889485786262,0,0
3098.782538502077,20,0.10266874264735515,48000.27423167792,58,44791.2345778445,0.5820166589416382,0,0
3060.1086225525964,69,19.387657239841168,20856.522529114776,51,4703.960797301467,41.50936444602527,0,0
1862.6387765501145,27,3.0351397575225785,12479.496128729797,21,21906.788662652285,1.9578926888775965,0,0
2642.215799845501,76,41.64034737010903,46910.39650005819,11,8625.072941072824,0.66874213052205,1,0
1500.0,59,30.4556815649795,14806.74273661867,42,26806.754070381394,16.99898782868392,1,0
3670.9833963503656,31,0.6611015948386177,12451.32300025007,36,62464.436209539774,0.8334039696637826,0,1
1994.8094778846146,29,2.4323558917791646,9444.364683041196,58,49516.56680437083,3.19101826106524,0,0
1656.566455101368,64,12.616045107309386,15228.902805091075,54,26041.63060727647,29.612393816668117,0,0
3932.2028686860376,59,22.452091349855188,6771.2748816761,53,78657.61780966698,12.082830241279204,0,0
1500.0,47,4.190941493301557,13294.616627146663,39,10060.79440833122,7.128003592315747,0,0
1500.0,49,4.152177801400011,12182.991473043254,36,12750.90507359924,4.820365555180527,1,0
1500.0,49,29.257455565446698,21373.074765646918,16,34388.4094641689,4.1903404966200695,1,0
3081.9120328390586,59,32.97231919920902,21678.210525260834,41,58185.90280118754,21.560152300438187,0,0
1500.0,49,5.600301964826279,26554.993419259787,11,24572.594054911413,21.126717711247615,1,0
5797.237558690819,43,10.164195197637275,23612.662374786792,32,36816.47200974916,11.31833014339089,1,0
1500.0,68,17.781099962878276,16570.16046668744,12,26196.672327193693,6.180154952392525,0,0
5614.181029928704,18,0.0,14175.178588177328,54,124461.29085062385,0.0,0,1
2480.11350674744,73,28.06171040629671,33421.235146669795,37,14310.109530746797,30.6417044076901,0,0
2093.9505759867193,78,7.670984219608021,37504.35656338545,13,36964.716186408856,22.876527315926822,0,0
1636.4663020525538,75,42.1225475999059,24424.84351767881,38,16106.672201421787,18.81267199618277,0,0
2750.4638877622037,59,16.272407107221678,28733.9867456595,52,8166.637008402918,7.509268537155822,0,0
2163.1070445724863,19,0.26292424763214706,19988.41360934984,57,41286.179191602096,0.1462994588314569,2,1
4051.3929332681764,34,6.007977952331522,61562.97916371112,49,16928.420164763837,5.42034711149919,0,0
2351.5388127190718,47,14.434940344599994,39768.188406959176,20,14867.385067615638,1.2073025990002026,1,0
2398.661059554144,73,18.87135340293552,42735.771005462506,60,46950.31463358919,24.014507704071903,1,0
1808.0664313535203,56,9.192419358486797,13996.543954614892,32,33545.63443236964,22.859809312827565,0,0
2140.2542448279924,24,2.3910121728238822,38194.114883782226,35,13600.409651622758,5.649925651757345,0,1
2615.7103210200044,69,0.9778184482448103,9549.294742214006,27,61532.27133651002,31.91723530716459,0,0
1500.0,44,20.084943998504162,7965.519286263685,52,8073.195940394681,16.225977218253394,0,0
1500.0,26,1.3675591485406864,3769.9111807143527,34,37260.833061151214,2.995318444828845,0,0
3323.5715498454206,39,0.9219968862433822,18676.99239039083,46,61311.57552630958,2.799660281902069,0,0
2425.9439636046027,51,21.572056865867612,34096.49291574581,53,23805.041564038966,14.748942557442794,0,0
1995.8177897539797,63,34.82712579706525,30934.60511499375,35,6503.831638432586,26.94043435803813,1,0
2230.851573726458,66,39.06379831645647,31769.947586274062,7,17875.253446570518,34.75361263947859,0,0
2673.5700026644704,18,0.0,31355.945084357958,20,12949.336815345521,0.0,2,1
1641.1166542040646,26,1.6429454775198824,15980.259712073692,52,25512.7825409676,2.047424736544972,0,1
1500.0,37,14.007325867746708,19571.959374947983,32,13382.068242673377,4.583181429329862,0,1
2459.5037730439526,70,36.38508001202553,18800.86578697711,12,18139.286802615734,29.39559288143494,0,0
1500.0,36,4.4328732138571185,22953.362963242398,32,28392.494689438954,10.188273296419728,0,1
2764.2897673959264,53,31.619271455197755,34587.43377254846,26,15936.091453091118,7.628172884597101,0,0
1500.0,77,6.157916026886911,19294.019811607417,18,22008.349403456425,34.66104331072511,0,0
3889.4988599187777,57,38.3248413440617,39326.3802424231,60,18922.032029545735,13.4892751490014,0,0
2863.8685088929524,62,37.85090368300844,45961.91849660141,22,51177.23057218347,28.12985643065985,0,0
2542.2793865495632,21,2.0636959364372256,13434.041049713125,16,39730.83655583761,0.8731341410166049,0,0
3791.359880233831,26,7.509999106238663,28357.514544005935,15,75652.180392745,4.738334336572612,0,0
5519.325525821152,58,28.89244673294831,78484.38776720394,38,9451.441329543346,30.73240164947692,0,0
3857.9974625722352,39,3.9995969376309644,36175.40530876057,19,20264.657276574297,20.583334289740694,0,0
1500.0,35,7.516654347917799,24174.957342316866,42,5792.263520754963,15.488156960019873,1,0
1500.0,29,0.7865332676479889,10333.182653952734,13,7146.046510715124,5.538926220601975,0,0
1566.109476178701,59,15.975954313812732,11399.104589039827,38,4033.2831379480967,20.02231241602234,1,0
2240.266425240827,60,31.147326828962765,36087.35057307774,12,31480.330300568945,18.38340024930145,0,0
2935.7330461303613,56,14.68484733537106,26111.27705433979,39,43553.90480724877,1.0545227235682606,0,0
1500.0,26,2.642353403745073,14661.176897163412,12,31630.865834775384,1.3276359798900934,0,0
2447.2536618739477,23,2.976778612551559,16291.32641707231,12,25557.782050163587,0.2959454415202789,0,0
1500.0,36,15.69968152198011,8555.083525566588,46,19964.426740291787,12.534391525955774,0,0
1577.6082422022878,65,2.2364100496672843,19169.719817772697,59,39097.236366388875,19.42202856025378,0,0
1500.0,79,23.51369651668386,4555.936869300699,41,19944.190625969215,3.8899625619899836,1,0
1500.0,64,7.279074123502085,23921.452350164185,60,21509.1032907006,31.76645357207802,0,0
1500.0,24,4.172125504391218,21369.67998751025,12,37346.9030579019,3.866615176967663,0,0
1500.0,33,1.5858684064670232,6364.0807244979715,25,37279.85180436647,10.799442460357458,1,0
3942.234557640197,22,2.659231034320978,50454.05459770025,23,41790.68690312991,2.3993364710462766,0,0
1500.0,33,4.29271306196861,16867.13949278369,50,23810.506110111168,2.4230933992092614,0,1
9393.84658853031,18,0.0,38863.24385458407,48,112914.62495009496,0.0,0,1
2896.6924931523245,68,46.817627891249266,16350.263759488593,46,52192.27596285747,40.85704851135186,0,0
2444.656418814209,54,0.6668847628544112,19441.791605356302,19,57350.81580543702,7.769123962771177,1,0
1500.0,56,16.63553633180362,19330.68974875958,45,11612.224063997748,20.61611113801895,0,0
3245.973011571121,36,0.38928586431228807,38491.715108509175,58,66451.16757726263,8.73390626517937,0,1
1609.0499579356951,71,25.630431549529437,16167.721765459428,19,26342.11619343564,48.81578464313525,1,0
2361.625419569799,54,18.037705600599054,33211.48923138995,26,16542.288721657602,19.88783139075474,1,0
9027.642120114355,78,19.29974828368482,125348.2833824935,54,179943.39941391358,34.80101312322904,0,0
2094.702997810522,34,2.1145884404003787,24096.637175871492,32,22367.920394425306,5.112080539453004,1,1
4155.135547317178,43,9.409688443361883,59745.99355190993,51,12506.664590972816,23.96736754421653,0,0
1500.0488694317478,39,14.117521738583887,10024.042625741635,31,37254.327090164574,12.859850130523927,0,0
2166.257558485875,79,47.72614432731201,34619.48623638214,32,23051.489651077034,0.3038033990667426,0,0
5848.499137397604,25,3.715254216716996,66985.61794602314,29,79181.74015462385,3.892575846144743,0,1
1564.2599538835354,78,35.39006366638534,23432.895261143025,10,31596.554492604544,21.831923298312073,0,0
5984.013088482398,78,12.03698226747916,61556.015409984015,47,143747.38422420158,1.9267322579299329,0,0
3259.286431962,50,9.194570663284782,15362.484169886355,43,71124.78815000347,13.809593136226702,0,0
1620.7483617516677,19,0.16189561005235842,16565.62392845063,33,21274.478159421174,0.7735664883786297,0,0
3126.9840492846506,47,7.229565150133729,22854.808352543598,47,42659.573098732086,14.60989428073451,0,0
3770.2815045438706,64,10.344791890374461,48476.33265967708,48,26475.57054918497,29.415117962439755,0,0
3108.8105717917,37,9.869526941433515,28254.40765733439,37,35969.16200691464,12.155087848686023,0,0
1500.0,77,33.198636591653035,22820.876525656036,29,35506.458081568024,39.59013884652219,1,0
1500.0,35,16.064106153965575,18790.849064208876,11,27260.28539769961,6.589135307665782,0,0
1927.2795933577497,60,8.213967178263967,24355.524374332414,15,572.2570471663832,15.54020324038749,0,0
2119.767334985456,74,35.93383976904377,9945.186638373412,51,6174.18176030309,0.2567337553354143,0,0
3106.865607321928,27,7.355333420887706,55091.70533227122,57,71753.93655721133,1.3880021447602897,0,1
2435.0816103842976,41,12.885553667010207,37277.394618611375,8,51667.52075623338,21.86863489397569,0,0
1500.0,73,14.025200887559164,21619.624556297713,12,18231.167465564886,46.33291936835154,0,0
2721.9636202826773,21,0.7876506900600007,18002.13872601649,34,41984.81087563064,0.825325312169709,0,1
3089.6780079219075,54,1.4131099105559968,31223.476756454133,39,22372.822708891155,14.442910161328196,0,0
3004.5549906291467,21,0.9163326796454451,10007.434145947287,12,59552.58982368972,2.819763970153899,0,1
4001.519324282299,30,8.93524414804056,40631.79377100154,22,60354.660560118835,3.005333754642926,0,0
3493.4923387957137,42,1.140426172970649,12157.762742130455,18,60684.20697021417,12.780791262934319,0,0
2842.8121746664506,30,2.631543390057968,29569.91834573015,26,26644.95629735515,0.26495740866485473,0,0
2124.7487916954083,35,12.005952475040292,25557.056318789062,36,22864.315855876215,10.535492217997712,1,0
1500.0,78,46.9590937693726,11449.997164872511,14,7788.0781111671295,55.804415890463694,0,0
2796.9645547413265,76,26.40846778359185,26501.97456662905,50,66291.73396455147,51.31511632072129,1,0
2475.575635449142,41,16.055709785008922,39327.26089308615,52,58581.837430808504,11.545292074433265,1,0
2564.11420930048,19,0.387952168654892,7296.37534226038,18,52420.189818025705,0.6496419722771659,0,1
1500.0,65,7.515922516133993,21689.188771491146,22,35083.3169699694,26.780515118624418,0,0
1500.0,50,12.740783792733009,5854.241050403009,13,24949.801971764202,2.1431758129336167,0,0
3941.1745591819945,75,33.058165751579146,6400.60821430635,14,23120.09943904442,9.047238751974515,2,0
2160.8234726827495,36,17.064959073352025,8977.720750952438,14,41067.01851334863,17.348711665855674,6,1
3212.566352789325,26,0.5500076167094186,44994.35053179604,45,26124.285129318832,2.047749574973386,1,0
2243.012498819338,45,13.699640533813936,17690.960882386342,53,24700.14836493498,10.380128834602782,0,0
2244.786906960376,52,11.183272459164629,35541.37165556074,57,15396.441393624193,17.304106470453245,2,0
3699.8815821165995,74,28.465454879494892,36702.929631621795,35,39183.773278945984,54.831399246027125,0,0
1662.6623127280177,56,0.9110670003082038,3000.0,12,28236.884556476623,26.219753236731506,1,0
2328.236579809579,78,18.78152128209488,30695.77691289323,22,6438.188873591007,37.775909863821916,0,0
1712.566824896168,27,7.378813327743045,4921.847607188609,44,4504.347408566169,4.719599751967734,0,0
1738.933155095012,18,0.0,25074.466237017714,43,29725.758611994683,0.0,1,1
1863.022284390376,59,18.473882205460814,7187.0618223385645,10,36309.4271548036,27.224651511662213,0,0
2495.323288644434,38,5.710501434306792,17149.330283779746,22,34402.19153185755,18.05681784521964,0,0
1697.1204791444402,26,2.384340182330847,23660.599147025438,45,7706.667120661475,4.334682442916981,0,0
4405.750370615926,77,22.602984581844485,75875.53803715232,6,47445.17860779432,24.868652703238897,2,0
1500.0,64,38.43625265836978,10971.565741491675,21,28431.58208940054,37.12945329093808,0,0
1992.6498118376483,32,13.540984895315757,30088.621088035376,22,34160.64839448589,11.196966685615457,0,0
1733.9336941632705,52,14.914282965912733,7357.893034966378,35,4762.486345408829,5.774438892410974,0,0
4894.355280061296,74,22.02775896987466,72054.97297429814,36,118583.76555698767,13.260351879961517,1,0
2460.463749167754,22,3.3862031032794513,29962.04881675149,40,13739.468294856379,3.834553045198823,0,1
3895.2552804445418,58,17.076212825452146,16658.60307253098,50,21461.834536789316,17.764381535295392,0,0
1500.0,75,31.46503582085212,9213.850988960996,13,17244.646790454597,29.62065970227781,6,0
2557.7356803975294,39,4.849774956573633,8287.332438237087,53,20925.035680208886,6.513362616176005,0,0
3602.1887924563152,58,29.74010143116301,27054.019869774485,35,88612.58250572208,19.24284091589414,0,0
2310.585406417944,40,11.7037430019572,10309.894236094873,44,4418.403845530373,16.35384535830443,0,0
3967.9870559336323,24,4.85420730144205,47409.37130484256,26,30398.668575358508,2.8940705847820514,0,0
1661.525362409792,73,42.940300151576835,29752.248075453474,20,15897.56440765554,17.313157397726588,0,0
4794.099127079329,40,4.730104901940629,5772.842137486138,39,59142.28327629498,2.1120220966762835,1,0
7819.641339633771,61,30.772328673983782,79726.22320757557,32,3207.309707725088,39.915245383116414,1,0
1808.8359426500642,42,19.20130579083291,19449.20487530517,7,3724.4896082025,20.919787747245493,0,0
1728.438386758802,44,8.998788260342272,28591.04900190133,15,11140.202074269464,20.575488527092777,0,0
4911.631577408451,58,6.904364516090982,47161.93184724168,10,68026.35295892476,27.7628385537026,0,0
5264.622279198633,23,0.0131607778979409,53925.12659980612,32,101050.68284439678,2.5775494222529174,0,1
1656.4416314774708,72,24.34879726703,14937.952338773834,9,28428.48688981825,48.45942645061232,0,1
1752.6728605587784,51,11.630280140781773,9764.794564328568,52,24845.229394740738,26.12614992230265,1,0
1891.2976601461994,80,34.40440969717535,3692.7497265789307,18,18782.138507753807,50.592672193116684,0,0
1500.0,26,1.504328740710286,11920.770896350821,22,32651.043834605764,2.476403783995732,5,1
1500.0,77,50.720267312322036,3000.0,26,17241.470372184765,24.9840381307415,0,0
1500.0,78,15.46531293768658,15537.557971380902,28,11221.980210334874,42.40813584739551,0,0
1500.0,66,10.868621044207199,9335.987902678475,38,23600.06680695215,17.810990553972182,0,0
2166.619314081033,50,15.38284980749939,21820.544890226276,55,37488.74297922563,15.80718890481539,1,0
2511.9587415100063,68,24.942551187213713,8246.88211391271,20,25023.520370120863,32.32564838525617,1,0
5181.113487073857,77,12.690028498320478,87326.16228407809,19,3645.3383249374506,25.82774569347258,0,0
1500.0,23,1.3593036336295787,24310.29171052334,14,3529.9312588766466,3.9651980358144496,0,0
3794.7633106977332,54,6.109388609588818,16051.623609482784,49,80221.19126311816,4.186038199842539,0,0
1963.1510417778445,48,21.553805349695004,13425.112084979617,42,2775.302759632718,21.54169529346052,2,0
2149.079649967578,51,25.4129380313847,24562.641783585535,35,31807.435470520693,4.791932000172173,1,0
3200.7829178516427,58,18.493139898371304,8407.386140770492,34,14700.346569885915,37.51358619714104,0,0
1500.0,79,43.55930838378607,10541.479438461845,28,8584.73592165664,19.156298522392483,1,0
2725.27701933281,46,20.606190974248474,14359.236276511903,39,18622.76897680635,22.27210610910519,0,0
2420.0626675982035,75,7.88170507763509,40085.39623198967,60,2316.688855649858,29.720767752194533,0,0
2895.3121128698263,31,12.560314322848978,44856.146430044304,60,12828.78590115482,1.1841318656423638,0,0
2589.0408402379207,53,28.736118148375084,28109.62185023723,12,42104.27566201817,20.390539903688484,0,0
8522.074507243957,53,7.1569211418538226,83907.38879789127,58,106252.6148200988,31.926220790889946,0,0
1555.0189463107486,70,9.680581858795652,26159.05510006045,14,30996.54586921681,8.176189030771004,0,0
1649.045104377172,32,1.7592560381141584,27788.508106387257,55,2524.7748997621384,4.498297291051644,0,1
1567.5555499854927,25,0.9686499377934287,27398.69545195868,9,34834.936441547325,3.0741106967041816,0,1
1626.9910144988842,43,18.704044975717405,5094.826417981494,7,40528.286456508045,6.8763265835163425,3,0
1555.3207601754825,53,16.437898993306824,5800.5419970763305,32,612.0176400779538,33.03228161577264,0,0
4246.961614920579,65,36.79790611877376,53106.23292084698,38,102738.25538518326,17.742512445997882,0,0
4823.607332673385,38,14.925097887004108,49221.9516288096,37,28442.72779478125,13.161241169713573,0,0
1613.3846823481035,45,16.324543264640983,3000.0,49,27933.462276172642,6.04575263799178,0,0
1500.0,21,2.059099819736039,3080.3634177327435,50,10968.129116434733,0.6591178124449447,1,0
2862.0074294643564,79,1.1196991871276492,46070.78251323054,51,37335.80839413967,10.726809471840285,0,0
1629.9055146453893,33,4.676664702075329,25704.919634432918,42,20798.348598976212,6.52218395290085,1,1
3127.8855113530963,39,13.394265764447614,22125.42870051936,32,28237.414930974148,11.190022248091134,0,0
2469.096717866084,29,0.10279448834868621,39870.62933103353,33,44292.309262403505,0.1182298232673995,0,1
1500.0,33,0.4946541552389011,16638.714397146498,8,22486.368069874286,12.493851414196719,0,0
5172.585094075912,68,42.59439912351916,76039.04922310269,41,65727.65135645085,25.63769462655494,0,0
5929.722649775981,57,26.6769696059908,49017.03361568042,54,145699.11322429817,6.131187013240849,0,0
1576.50589808925,55,9.818680125452726,4615.649140265219,56,37048.25617483054,2.489852562610584,0,0
1784.26909904258,59,28.206476444867068,14940.327619105043,48,42618.866394181045,2.5911711823024497,0,0
2584.3413689371173,54,28.52844008901348,22675.260730426613,13,56941.04921887775,9.275165526907044,1,0
2654.3397857694426,46,8.590239927082836,27515.02237441578,49,16931.72418018075,13.980180143187408,0,0
3172.2593762110782,80,2.234317404949622,8866.167142817938,55,27755.368642991838,53.3348512321859,0,0
6671.58336184076,35,15.857245119691486,119113.32632697599,55,38537.50388590643,15.35041225714536,0,1
2003.5562887266613,27,3.1066185446606744,10318.967953562651,46,49396.52260480543,7.490951279814635,0,0
1500.0,59,4.365752294672961,6563.086290195869,42,5724.820116130919,13.47110219294967,0,0
1500.0,56,18.6905611129396,14933.474430826383,58,13744.19083345896,11.649194564831774,1,0
1500.0,35,13.063952526290274,15198.808574569659,54,7464.1659269758675,16.78679186763496,0,0
2168.476583891423,18,0.0,18382.07309261248,50,12113.858982570626,0.0,0,1
5925.419854043881,56,10.240621905067808,83679.76568731942,43,36602.486457666426,11.588173767786587,1,0
1661.2303566699154,38,4.854299735971663,16252.023921426702,27,26566.008612793707,6.5816030464960695,1,0
2497.594564329746,18,0.0,28384.71949366301,19,4748.512340276511,0.0,1,0
2188.490700052556,32,2.7636522722275956,29114.998672299615,20,31324.407598197915,8.705293769547724,0,0
4245.506041168361,21,1.726560650898372,6051.657778962568,60,86957.11663975622,2.6939374799150366,0,0
8864.52676100904,77,54.59061385776089,94858.86742314855,51,169871.7632664923,11.700120062088144,0,0
1649.1613663940473,78,8.813794132666754,26438.21052598772,9,6232.663112484713,5.064203861067755,2,1
1687.1707736474748,37,18.446229759486304,3000.0,23,38582.71621616634,7.709290355130419,1,0
3921.7312566353585,27,8.52729510956062,30934.99171542888,6,75502.18797973367,2.2090993434951893,0,0
3213.2569223255236,40,19.460583715281775,53808.771944696164,17,425.9582490168594,12.672718815660273,2,0
6097.834756236089,58,8.58226085320009,42706.94696169218,59,112409.56427324453,27.96859348589686,1,0
3044.7086737731956,51,20.92381684836245,26788.534382961494,46,56130.85452821973,10.254286472675187,0,0
1812.367625884787,77,44.892596904713166,32053.902977614038,47,22510.334509740933,40.44162604285733,2,0
3055.9939081584325,63,44.37125676883934,13411.246386119363,58,3513.0495799470064,15.441626468601298,0,0
4063.4472525663014,65,8.479919637824409,8571.184574983197,55,58910.429791507406,29.843502564314317,0,0
3467.7637046276177,50,24.512828784617486,54132.429652567276,22,66385.72053457929,20.257945815916795,1,0
2919.012686745621,51,11.180438607594727,46015.05561970769,24,19767.1200998059,9.179270212914243,3,0
3970.594375692983,56,6.673805691584088,35835.89749527928,41,66216.43288985215,24.157464564987734,1,0
4201.145792251418,78,25.282616472831297,40925.55401806403,53,37172.3886269565,22.85730574341935,0,0
4722.943207090731,27,7.144523209337548,71829.86547619604,12,67757.09462279448,3.028094499245987,0,0
3155.1472258278004,71,24.637039596314764,42769.6344028378,14,30334.038936689492,15.33225059452411,0,0
2014.4169059947512,37,10.212938903857921,11094.467661445713,13,15297.555813399107,6.567259942551491,1,0
2393.9321105230892,18,0.0,3081.438378246083,30,51225.02866495742,0.0,1,1
4288.018133256918,30,4.789311594689112,39256.38905624921,12,80811.8031232431,2.9421457700702063,0,0
1500.0,18,0.0,23402.264315438857,47,12954.342523993088,0.0,1,1
2704.765023068221,22,1.4609768064614874,43896.14412244226,13,29389.411553988484,3.6024823399236006,0,1
1778.7455599180555,33,5.891784694930574,30693.758299469173,29,30759.109583147874,5.256434115518432,0,0
2243.5386495518737,32,9.738970548235713,35790.21866080918,22,45492.16480215529,0.41316890292860564,0,1
4461.090511511154,66,45.01857485255441,48450.74612517137,17,76322.70785557212,1.181089397999525,1,0
2453.091849772541,45,14.643691663292678,20994.28417121091,51,33173.871296428944,3.766577985458217,0,0
2265.4758439602047,48,23.051997868463395,32107.337214287847,36,54053.451201453994,3.3013452929599674,1,0
1500.0,40,1.962544293973204,20365.451676322707,17,29030.385740308637,16.457875497171532,0,0
3329.0406930789923,65,9.924427759300567,33784.5641098016,7,9620.250175782643,13.857983694646514,1,0
3149.5545200982697,62,22.093792200459426,7825.273976585414,17,43947.238036099465,28.710430038430108,0,0
7257.49565943003,60,0.8404923924085412,121515.02868737807,32,74308.88868049206,1.7831283004652754,1,0
1864.4510969635162,34,4.045679660200941,16305.078160977218,51,37052.96550074967,4.731844417250281,0,0
2491.2320847088017,66,24.835261911598373,17878.761259171402,12,2781.6495736517513,11.239019264509462,0,0
2533.003485509793,51,0.4937195424579235,29642.84239304873,18,26009.105857396393,9.137056841627974,1,1
5258.49058681926,30,3.1745554347125005,65495.79037606578,58,41841.32520603097,2.2886132296055934,0,0
2095.583800347676,31,6.682400653186304,9601.32495992849,41,7396.676553034862,8.032908274330158,1,0
2574.6318684625458,28,5.731492479812457,39206.39203909556,6,24382.028680163283,6.626728696566668,0,0
3085.111506269349,45,24.99529571249325,18291.411990054978,54,51891.59699120388,4.008568243048028,0,0
2447.041487507462,59,26.459170553274923,10213.037787480202,40,22126.01974471365,30.386985369205068,0,0
1727.553477931663,49,12.856809878429807,13662.870624836618,35,25049.809411830294,7.751409764017497,0,0
2457.130528085621,52,31.631940022524304,32973.515643441286,36,36415.3990302935,9.619365084985224,0,0
3985.816495361597,78,47.09297900326766,69404.18175988279,22,58502.93037095618,49.72850033061735,0,0
1500.0,76,11.60051742453936,22136.672241471548,13,19857.445647907705,52.26762308572914,0,0
2375.904107283747,48,3.9252708404645933,40356.92284461543,8,6948.820741541612,24.742689404052697,0,0
1502.5719494972248,34,10.812986171883727,5094.167680909383,15,8206.143719143049,2.364205125614866,0,0
4261.070274733186,64,25.754625616541254,9416.989086840678,39,85228.55091014448,45.966311214439905,1,0
1500.0,26,6.3173889103420455,15721.471428620114,27,18838.70583460163,5.377243318258946,0,1
1623.9114347801512,27,6.649245450708178,9638.007272232926,9,28665.13507785084,4.596017593866336,1,0
2717.4970441500154,25,4.3764807370026055,40971.525048591255,37,38718.15602281084,6.6838898542740495,0,0
5224.102104718394,38,19.727643432577842,64903.16741146652,34,5053.045999169634,16.34760790853187,1,0
2129.915009810266,30,6.403076761324904,37278.57928743165,51,42396.69144122076,8.300916475544842,0,0
1627.239435709638,76,6.560133877099751,8675.578311486364,16,2616.771650198186,48.627040411963726,1,0
6214.474135346824,67,40.585404675983426,57535.65197373707,51,146533.26865138087,18.887862580618382,1,0
1500.0,22,1.007413449382836,14281.632174346509,18,8076.6345639403435,2.737753781760854,0,1
1500.0,23,3.8865107407195914,7599.008268863093,9,19215.23037975561,0.9529000936488402,0,0
2813.00320411987,47,27.75610578400149,31031.891803445662,7,4471.834179999198,28.65201842274596,1,0
1675.50547793674,48,20.903865418930238,14301.883143398778,39,37486.60257093851,17.669451002802102,1,0
1500.0,34,9.536482575196818,12891.399677741776,48,36747.75954618017,13.02779595896492,0,0
3260.3702646170705,28,4.603861756750406,23365.518540535115,27,11924.193145214484,4.07339880531034,0,0
2525.237489601242,37,6.923787453912662,3251.9982917350007,10,18673.281650604175,14.413187566228434,0,1
1619.312172348745,65,16.591223295676304,15991.710100792878,14,642.6411109943982,18.207090275059944,0,0
1500.0,26,5.090981645676725,10048.819810358444,25,29511.205948779618,4.720040695684663,0,1
3568.3248342814354,19,0.7512731169377459,3648.390095952719,26,27785.147832499486,0.7781348156863122,1,0
3157.736169790029,54,24.426614501438916,19688.620896826636,22,46484.8343767082,4.193060878664589,0,0
2091.116211584477,18,0.0,11996.068025207232,17,2050.2610955171263,0.0,0,1
6097.598888447988,21,1.4819615404304736,46882.11225834003,33,109064.74317011604,1.6348108469282907,1,0
1500.0,53,27.707402526407204,4862.225735906622,23,19852.648625877257,11.689919713085924,1,0
1500.0,71,25.21231614401998,14445.937528194652,8,27186.75922495632,16.385863442049914,0,0
1509.3744335684648,75,30.587526944923148,19276.954436222473,10,29793.70469820275,16.054853106214594,6,1
2153.667950498806,42,18.50726515609973,25226.24582047345,58,4804.9875175002,5.467003723424677,0,0
2524.5969296053604,20,1.322530612530183,37020.270567006395,57,36486.23982959068,1.6978091251112613,0,0
1933.9506684777896,26,3.274759367059141,16794.700090549773,19,31423.992469962843,7.38951303520474,0,0
2680.1565020383255,39,18.8036669350786,26331.356797852233,53,34622.1782027705,14.70355841128289,0,1
1500.0,40,3.576475510596529,22165.249491904076,31,6840.352434942084,0.6599892808316881,0,0
4885.713104568133,29,10.950680934493572,40409.34176144981,24,97176.50191699252,8.64856514641902,0,0
2110.788496915558,27,1.0696732062861347,27286.561729511108,46,52635.589166681006,4.787458570038288,0,0
4082.695485104155,51,0.49334904643988375,34246.63067097293,22,98930.88208589237,25.017632900159004,1,0
2666.4384324712564,60,37.38079384824812,21602.191775029878,59,51830.86786094867,18.368211693838848,0,0
2839.020196892753,27,2.204581575293605,39529.08526799859,44,29675.406736687175,0.3715372339966786,5,1
3021.0870747555423,47,21.161289195954907,12000.445348342208,47,25475.354358327513,19.77060459042714,0,0
2824.932382821105,39,17.031322873573455,19085.134483435162,9,4840.931189657239,9.326698343103258,0,0
3144.774665025614,23,4.2949319551605845,15129.286705776658,47,32728.165535886827,4.370217477726232,1,1
4587.2403512241635,67,48.58811754754417,32591.741906639247,40,17895.8106066814,36.16875890424994,0,0
2460.4182710021664,19,0.29403971003999907,12096.331447182314,29,15644.244401508346,0.35956174777780936,0,1
3261.5312304390304,47,20.597056915890516,35387.27376542214,46,72722.91411833557,20.998376833730738,0,0
2102.0017167148817,19,0.11539985828082822,30623.860471399777,18,50896.06350297368,0.4952085994495308,0,0
4875.921876846979,49,12.611088032062332,70078.80705154796,38,115627.48954627762,6.182762520045899,0,0
1522.310056045893,59,34.76683942581621,10955.329280153815,20,7358.682623826113,17.215339097049096,0,0
5946.257078149405,33,5.514870690886625,105896.45763457417,20,133923.7140595773,3.3384359176296883,0,1
2160.107195829439,29,6.502049185891755,23967.521665916684,36,7641.665468066819,0.05474171932214822,0,0
1500.0,18,0.0,11684.707695346517,48,19037.257795355617,0.0,2,1
2369.5549417436637,70,33.58947961782634,36027.11082025046,33,38129.89281801657,10.895108947229017,1,0
1518.4139094172467,25,6.8102607257138645,20358.678409036256,15,17555.403319009416,0.03035836080831056,1,0
3506.430866411222,65,2.6195697455659,48170.227730583196,12,83438.80408377989,36.844492300710236,6,1
1542.3412164424676,67,28.124114357579856,6685.075871875628,38,12848.192916680335,3.772261970371756,2,0
1727.79120518707,30,10.356345351003418,15483.623735781237,12,22779.962202823597,5.388708887266585,0,0
1500.0,32,6.7393579644779855,23476.617336027368,10,2829.372580487385,5.850364459758909,1,0
1721.9825035793087,70,4.083413668961787,16477.04121826611,31,36687.895400370246,9.433222099888262,2,1
1500.0,61,24.10319215392115,18928.044957236783,60,15501.127347897926,41.57534578110738,0,0
1500.0,25,2.324517235766743,16492.310192373745,21,26269.9543346999,4.226135234488009,0,1
3355.0704942344582,27,1.3944760680414232,51399.89936379952,13,57224.55466385678,7.321617411523523,0,1
3402.2426199069514,63,38.206553097756284,19860.707908795383,27,57520.26090655605,22.32632507557276,1,0
2790.571406329519,22,2.0863980519644865,30090.95395015633,39,35366.18663686045,2.8912476694916522,0,0
1500.0,67,45.730544206574265,4642.484034250002,45,10406.954645544027,47.51918120727614,1,0
2151.1519194259236,36,14.508297082855243,27391.871950219727,33,33616.83398680067,6.271297448455828,1,0
2203.9767109561967,64,31.876702513588697,29629.057882227764,51,52994.15187988657,23.19613722465749,0,0
1500.0,55,0.18594362451654156,3000.0,41,31273.09709798677,19.037865251604245,0,0
5048.614185879171,76,24.8137604850185,63049.347562119576,52,13728.22091988467,57.535699346800044,0,0
3577.9642049652352,28,1.974862816520323,28801.65517682911,12,2074.0923220707573,2.330991463922131,1,0
1955.6339762817342,70,47.361491374541124,6081.331119880571,57,24395.133467180513,35.115990446528095,2,0
2241.245935558779,60,7.332527356407131,18240.21937358274,45,43470.60953044637,5.8056464951390785,1,0
2476.5222696372257,37,5.435140981526424,10653.899259733049,48,19434.6665853643,17.614397109030712,1,0
1500.0,37,9.819898586955484,12096.768069144571,33,26296.435421408532,11.217256461032271,1,1
1927.6413568076803,38,5.267272379961585,14522.394047385742,7,44910.24925588066,17.1882305407894,1,0
1517.63527699227,35,3.56769951374506,20567.99161664617,14,17414.276982923915,15.219106253771628,0,0
1500.0,74,33.549562205754135,21242.49673324215,11,9155.98710864832,31.19815507783227,0,0
1892.0096289818077,67,4.357546614996169,21416.578634760153,60,43410.16780323964,33.41835629067172,0,0
5935.624885858056,27,0.5235098284883225,8224.854831532444,6,70079.54343586057,6.288485760260194,0,0
3141.5248237719566,51,12.284094741140356,52863.62804393854,8,32030.93265074505,15.195867175789038,1,0
1613.0007701984146,43,18.01661136269656,20430.21252883144,15,14249.312176350813,10.870956182566621,2,1
3025.7689295360124,47,16.089395989944492,4784.716937887656,42,31998.788783909346,5.399458350366143,0,0
4767.824928820295,26,3.3830117477342307,71136.70738881185,49,80297.06776665588,3.0713164840096736,1,1
3672.2084795379865,63,25.458820390106208,16174.332695376144,28,39817.722320497596,44.58406232454997,0,0
2281.9752929975093,68,18.27257423266368,24752.03883728968,38,18496.772577292955,13.493078855924296,0,0
1547.1731525422613,48,28.084390062963386,13820.56402962911,14,28763.405784329974,22.873227260283116,1,0
3242.250033303172,59,2.2511005273417473,26383.029236539252,58,16452.102900736023,2.4332462723221893,0,0
2741.9289882188455,72,36.3631398676111,44213.97027544578,18,13842.198332296332,25.243315060013543,0,0
3613.2259636074787,21,2.6738479944832516,30478.07392417346,33,62909.47406593989,0.17523039575143684,0,0
3131.7414133820703,78,48.233082524115204,7143.032398777657,56,67857.51834607626,28.5479960284739,0,0
3933.3784553761,78,11.042462089286804,67232.68082445921,12,23719.33798202978,1.653147648562614,1,0
1645.2055892234644,23,1.4796317449014418,27391.1906169368,31,7860.996926785417,3.0664738574195245,1,1
4557.669676814653,31,9.321623203192361,57587.77763396938,21,76375.8197337346,7.624618299725446,0,0
2461.878074528423,21,0.2528116775422966,22044.08213067482,45,38208.502924131964,2.3935296678910665,0,0
6914.621316237678,43,20.296542495814602,17830.118863745436,31,77314.51522454579,14.582155055033677,1,0
1511.6343569050205,64,33.069719451820355,21832.108759800227,56,3622.6559167407745,42.59596146814937,0,0
5737.507099426741,65,34.291512514061104,13099.443287009175,44,13165.489047061046,36.80591686149474,0,0
2462.2994568922886,56,3.809172070168473,5333.8743103353745,60,47851.20662458985,5.040947772246996,1,0
1543.364570098595,34,11.484168717059694,15642.810680492827,37,17431.111241330345,4.247571012897454,0,0
1692.332089453287,36,12.23672625395946,6299.164797419837,41,36299.13100507466,0.4721507598382839,0,0
1851.606612697561,78,49.855349449311035,3000.0,47,26604.515743229334,23.16804009436844,0,0
2788.5897205704546,68,2.0797978128234753,22846.715713842932,6,43135.170508109026,25.476812688472517,0,0
2944.10315535951,66,1.1093120864540253,9811.791792758671,54,68759.12010355723,45.40541994153919,0,0
1610.7658012370623,23,1.8650354993928038,6006.162406830604,26,6628.941311469766,2.611337161409092,0,0
2178.9643503521256,80,9.224873598647479,5027.918529792919,18,29580.760925389808,48.42373860046271,0,1
7174.215504057954,46,15.634765371966214,32187.790895797174,56,10427.471131513745,7.504672352601234,1,0
5710.996144451108,28,9.173489015067489,75175.16181027523,31,51245.48911504279,1.5315843725883171,4,0
2807.2987984805177,33,5.872195955010236,41412.609977860484,50,10393.918513717259,12.162543807393792,0,0
2254.992470693245,47,24.50356094090552,19602.811791057895,14,10589.217016928174,7.17532921586315,1,0
2359.0569712158363,42,0.005780988428795375,22673.875252283542,42,55130.85002536363,20.912042824106553,1,1
3094.6648292878294,57,6.572071094908184,4812.623409271385,28,47246.44354740543,6.624145151986561,1,0
1500.0,28,0.3042353965408562,3267.5646649685796,6,33455.92999461804,8.51586541015107,0,1
1916.858456574946,24,1.9688830830904118,10310.113298459833,7,21254.135402777196,4.6370854804467,1,1
1500.0,43,22.70473989241257,15369.409728185263,48,22411.625499876875,15.280516828515095,1,0
2750.5955130937264,73,5.332366797944326,37332.09872712803,33,2206.9755308198787,46.762137280243884,0,0
3152.5211186601464,39,12.734605311619807,35576.364889937366,41,37002.89256257299,6.944912475531692,1,0
1692.9831777621168,42,10.83590253886666,12978.702832179897,36,23873.46148188737,3.9848194959693064,1,0
5248.474383885261,36,16.892427822584626,15805.829108502247,46,2201.435088571478,2.8267321518802015,1,0
1500.0,48,3.6755742761128154,21409.71748962333,10,29605.84413088651,8.110767414471123,0,0
1500.0,43,5.300696262555723,10776.544315775955,42,11078.361910372707,11.15567830450132,0,0
2498.5066695640803,59,1.2112207130712243,33762.1163634234,30,28263.549367025662,35.916937468330296,1,0
3928.072263932747,58,17.35740998525495,38183.37759936989,13,52599.86168570662,3.5814260863094605,1,0
5575.627969767011,53,9.724151484762901,75590.20967252947,39,138303.05496265236,32.03347155521623,0,0
1715.7638523923213,40,19.13793054558706,28179.572616676793,44,4254.4143484273445,20.360883627481897,0,0
3996.9004746436417,64,27.827277407096734,66578.37674253981,54,55484.92864537524,33.4528739707875,0,0
2162.067765872146,30,7.36908885570842,21829.99881163417,37,28679.5124848807,10.80340336351136,0,0
2008.3223183416624,42,12.76585672515126,19471.97462295543,16,3459.8219907500265,18.479679124271094,0,0
3590.37870801938,19,0.091850337229201,19806.4459052704,52,56901.9697660324,0.5283009651557536,0,1
3161.423194278151,19,0.44501868372535525,53455.23116844905,30,22671.706517335537,0.6007502262259443,0,1
1500.0,33,14.992577845627748,13176.938763590333,8,3891.298731173276,9.423367147163741,0,0
4974.584817539068,26,6.681834326768119,15764.71332830874,50,22216.735933069947,1.0151462478648874,0,0
4717.575327463764,45,24.12339446251213,39419.981825810704,55,97135.25731590802,5.2124617129727815,0,0
1565.4686486767946,30,9.878716310957994,4946.7326079981995,57,4075.1012786664814,6.280424686441931,0,0
2745.4271262591687,52,3.503417576653411,26199.717128248554,37,32047.877941708342,3.9177626342120213,0,0
2897.827514941242,58,9.097930162591986,30547.981231964684,57,14146.695587040069,38.599171841844445,0,0
2548.7812206315066,30,0.037459816276915525,17183.49543556556,40,10342.94540544437,6.08552734217306,0,0
1631.6257108601146,48,9.105303746343344,3619.044445303285,37,8391.114892279145,11.402584344391787,1,0
1526.308185130792,38,2.1721480469298515,26007.620060457324,39,18803.46566125169,3.1508007518311842,2,1
2177.5273326481156,49,14.656593704349074,30805.48555342581,42,12944.769658942167,12.912550821730775,1,0
4209.086671871501,71,35.8877568944168,64234.78065093906,57,10178.934301494235,16.02858791060509,0,0
2977.9192132655303,51,28.858674736256543,21550.494694707755,10,59662.67615147101,2.901596649667143,0,0
1801.1166584682826,25,5.2445201556362875,25096.989180077726,50,24307.033046256154,6.76903706666615,0,0
3375.9575813016368,76,54.4379645551533,31232.128769782656,33,13238.281921713318,15.36872957083891,0,0
1500.0,58,2.155931615751552,6627.628954354172,33,17678.619323706378,27.61880968534097,0,0
4153.975619284313,65,0.5724522645774477,12940.454079691288,13,7099.403943634865,4.292157585653869,1,0
1500.0,19,0.6613381138362127,10298.79716771245,32,21766.119885703443,0.9131690093267725,0,1
1809.2315610900916,55,10.70603917822311,6039.913124471981,21,15392.255500193452,21.857803707741347,0,0
1500.0,49,7.858531499278968,26955.858893203753,23,3882.3198611311545,20.363032011674974,1,1
1500.0,71,17.537015647771096,3000.0,30,6886.644370064904,41.43457111545003,0,0
4181.62302252903,57,10.522046257802202,35541.45895570094,53,36139.95973885891,23.63069781793826,1,0
1707.463712311324,75,29.151875159190475,14830.32954120532,6,34422.78663853393,4.041725129555571,4,0
2671.985572028148,45,11.884008075051577,16327.81655826912,13,11606.81783459484,11.59872543806812,0,0
2152.0877180281304,54,18.447427849559627,23055.265401007142,26,5900.175604544194,9.43308335992121,0,0
2870.8759032811636,58,26.908544460017445,10190.488122883438,39,37029.92153062893,19.468680827247354,0,0
2303.654468000387,18,0.0,33003.3298550306,29,32176.118933284706,0.0,1,1
1500.0,58,10.05230748568627,9977.416815314777,42,3384.0494125281434,33.06132469195391,1,0
3819.77481418159,27,1.4958048312787091,42219.29884229963,31,27166.666217540464,2.2234279698879384,1,1
1683.169461504583,72,18.871602454761778,22160.385290744962,52,11056.910104972621,10.870257201009213,0,0
1500.0,21,2.225419425738516,24170.57400109911,19,6983.3103547918245,2.8742588863517247,0,0
1745.0468134501502,52,25.727966943789966,26539.34625939404,34,13770.08270187185,32.283564872232105,0,0
5041.293045710018,79,40.681228587736825,57174.58228706863,35,4676.872028866621,60.60136285997366,0,0
3524.951506612648,27,2.1062535777618714,26799.09265460107,8,57417.03472637519,5.115425215917035,0,0
1823.0046512026909,64,27.051967309316094,17417.860370113463,12,45050.416576269025,5.204622187093934,0,0
1822.397576085592,28,5.70689661576848,25638.38478589079,41,28887.1323040216,8.801677407371972,0,0
1850.2956605756337,31,6.295460575426431,29453.513719615446,16,16702.4547394305,1.8864947953493276,0,0
6920.279174670735,55,20.349222496202977,19129.677751230076,37,115553.14368916219,5.756990063078777,1,0
2724.5661917256484,29,5.409696958860349,20550.194336587556,17,38928.32391134454,2.1273732423469673,1,0
2797.6160028938593,62,24.88008010726076,39709.31167205751,20,59222.588429711075,28.750428757296085,1,0
3891.9122613429904,34,11.44809527393806,32451.075648328748,43,60507.03072257842,1.7151848516371597,0,0
2518.2866222739844,33,1.644422916051596,16741.247096808027,29,39919.650033573635,11.674224435176491,0,0
1915.1032561057707,52,25.487275573066807,15306.435668045428,6,10612.745218091306,1.9805542625738422,0,0
1982.2891316876523,19,0.1358861501275942,22297.50315573048,23,20597.33394466056,0.11044656067182013,0,1
2123.0718554651453,28,0.666279984103747,38208.260617280845,51,18280.501102475395,4.344871416665286,0,1
2163.597814597025,78,58.564781173288054,20296.43263239557,12,617.987762452927,22.75029011699404,0,0
3295.114674795443,58,38.27967075481766,14974.339143399877,47,25807.398218512906,39.58833073589736,0,0
2272.350954208986,20,0.1208730898811281,8563.108656535964,46,27612.593300252567,1.9337279134374066,4,0
3304.207854000476,46,12.41109636129894,5683.05811385106,7,49550.61412660501,5.311090605957515,6,1
2112.454627597422,35,3.1661639510961703,22180.54754363229,45,49355.86240718375,16.093314266333863,0,0
2305.9530822435136,37,9.221553045553943,23653.83386107557,59,13784.62776006506,13.152976176227355,0,0
1500.0,64,38.18815317798102,6733.465132897883,36,5716.087166570938,18.806785614528764,0,0
3655.470973080117,31,12.357953071657574,46865.330827358666,38,79455.83697013336,9.615202118092238,0,0
2671.962931834548,51,20.930337563900732,36335.54217568774,57,62914.53979113977,29.704651868316045,0,0
3823.439007779444,66,16.987472026167218,20664.424157940884,35,46641.58270091564,8.6467945823508,0,0
1500.0,71,31.976254979163713,10274.543982758281,36,4320.621046876949,10.38716585301604,0,0
6964.674055485852,48,9.36003918325351,124235.98416002643,39,84514.28237026809,12.261622866829812,0,0
2045.1485460920378,75,51.85994752742744,15057.397894832306,12,5595.696532618135,9.64507096609903,0,0
4062.2835661966105,57,33.94561806112764,56602.349747461856,30,89693.75655643863,14.055501942526815,1,0
1500.0,59,22.8875017614661,13044.498379063469,21,26555.628923109372,26.47335260956308,0,0
3093.398636368867,75,18.51353817668055,44813.63938385128,27,18648.323044054538,46.330633144029726,0,0
1500.0,35,4.987624484910632,21110.09258895752,41,33250.900999379504,5.132893940651791,0,0
1567.0138355135148,47,0.9691218464467244,19355.523649484996,58,24990.02087795692,8.170189830340302,1,1
6327.8591097826975,42,19.579700424607086,98279.44718245769,32,150802.90223227497,18.71383114534026,0,0
1988.4777586174914,80,27.923759208418495,33737.934246907535,22,48741.55931325273,23.623626012155565,0,0
2488.879978040326,78,19.507975704015866,27028.530833839468,9,204.19948802317552,49.108522072130484,2,0
3563.638141530113,36,8.47998638995957,17949.9434800398,40,10709.998511110893,17.88084576592584,6,1
2900.461201659792,25,5.731165933182564,22555.994432471463,46,39658.175020664225,6.857680731886019,1,1
2398.8156079260048,45,3.364583608103072,33322.42048756361,27,57322.86985382688,17.892547780876804,0,1
2699.2481529826046,25,6.003591917692791,32566.48091844986,52,67092.08260706815,2.626492479642154,2,0
8282.321412233623,48,26.92526505325062,33316.23218372851,57,117486.37230089033,1.96469578430288,1,0
2139.4619723828346,20,1.8934158300677764,4003.0878183898953,40,9296.041908545894,1.4760812654341215,0,0
2466.6209971731814,20,0.7949759848452556,31104.9469143663,49,10054.56507357455,1.955934482106488,1,1
3935.7625074769885,61,9.337037373619891,20734.94846368338,20,75159.06813577631,2.9233319182720092,0,0
4056.351742874393,80,23.165730744935306,38512.60223109231,57,60027.68586733284,0.3823980584796889,0,0
4242.324665127878,39,6.991154020859469,58097.342942919735,45,58201.92617552134,17.467300128216067,0,0
3137.876643951457,34,2.818462600045761,33152.71878288216,49,36537.8218599133,1.6361433926117943,0,0
1500.0,53,21.25433345355208,3624.215869350808,26,27192.548496813062,2.856804315595282,0,0
5422.907245392038,34,7.625986568138062,22531.44222652895,18,116328.70560681069,14.565377091570857,1,0
1500.0,31,11.254112900212048,7092.868692788438,52,11360.92804483636,1.0342905517344574,0,0
2608.2884159801188,68,1.6054790241029127,14042.222292492655,16,14405.431325226711,5.700882738771307,1,0
1500.0,26,5.150943420441011,15917.786494737858,54,25132.46873681034,4.556589402157546,0,0
2131.804129553895,79,46.53988158920523,20395.861749509484,58,48750.75897592986,46.165664555030766,0,0
2646.0396400017903,47,22.025110506460905,11784.721391193472,32,23030.95968957007,11.587595502712588,0,0
2635.2846151909785,38,17.721479341910502,5661.730689077899,36,17949.46501086056,8.411783213807809,1,0
2785.148339923882,29,8.019371171124435,10902.038374862175,49,15744.06967583095,6.958885858662525,0,0
5364.407430479511,54,33.401162219317065,95134.98870369849,37,34129.82290593205,18.195310613908124,0,0
2833.998428780002,49,10.312354594447635,25407.640860597814,57,9560.022048489109,0.5774770761092423,0,0
1930.846623211687,28,5.032094167515431,30400.935984714164,35,28807.180639596125,1.1358318627219988,1,0
3752.7641066824817,37,0.26751360237492283,57900.61657702441,23,26346.849767317763,11.050400294982651,0,1
4248.022115089398,52,0.23655796831190123,41188.110785940895,21,65307.431196807775,26.984525329727447,1,0
1500.0,70,12.486584263479035,19520.53656574386,40,3113.7131067213036,39.68136356235771,1,0
3067.3523397248277,64,4.637131068397922,13118.403951868482,14,8853.666535997485,34.04260172750767,0,0
3247.5138334904264,63,11.709511557108913,41252.33681053958,44,43528.20818087007,34.70726772936603,0,0
1874.955253185499,28,1.770432945283974,10557.006515384752,56,23977.440787806056,0.44443476324523057,1,0
4706.212612631067,69,1.45452126677106,71275.85189465387,42,31944.58604170971,45.650179813092016,1,0
2033.4099215746248,25,6.3651290248423456,4927.583131535788,56,42047.40200314199,6.224981736481722,0,0
2366.2626521023863,21,0.024669394166674574,33466.8984833578,15,11065.068010192997,1.5957719672928419,0,1
2007.8313668725186,44,19.13813575276422,5418.991114056123,57,18103.66794866264,6.463452638987899,1,0
2227.351468179679,61,6.5423591375392105,35593.559857371074,17,30932.995352784084,25.463674329601638,0,0
1500.0,57,35.5769552579844,9257.215212442594,13,32520.41634432617,21.757551128636177,0,0
1500.0,55,33.033449764825775,18187.030803179656,8,15695.661568754125,8.249416684537781,0,0
5308.039222664163,64,30.07945273298584,49298.61989559234,24,52894.73764179327,27.74398823071878,0,0
1500.0,47,19.49479034421755,10840.730204189644,16,21732.6535511923,23.12152936691768,0,0
1500.0,61,0.22958310469660737,17958.76674617916,13,11876.07807985861,34.66259518404601,0,0
1500.0,65,46.2889636073393,25661.836004056568,31,26593.996993484605,2.805797647155976,0,0
1553.9743713996395,65,41.25813236806328,3000.0,50,9661.677951691268,9.266675655185827,1,0
1500.0,44,23.272761868982393,24930.74782501916,28,30869.849885257958,17.37380737542308,2,0
5448.569292600572,38,13.184890741017439,61865.17053057567,60,37098.41108834835,17.196638908286044,0,0
3848.348595922727,69,17.58413336138136,56664.405145082375,15,95506.5031017888,26.58207120490999,0,0
1512.4971568766466,37,16.979324332719134,11382.863343190145,23,11966.214816967706,13.442987698364629,0,0
7622.347658823971,77,17.19949876092035,68763.71796678635,17,167467.95901229393,1.2432486287571334,0,0
3789.4304807189674,21,1.6881346300266085,59761.072355924625,44,37643.81910461651,1.825262435656198,0,0
1847.0457302008822,28,0.997309723438824,14873.179642636433,31,11361.863634212059,9.619091444366017,0,1
1500.0,30,11.063467561593002,15133.818952101667,16,8481.121892263322,7.932175284392855,0,0
7785.500830272462,78,8.4462274662728,10458.369867758622,15,165479.1232683159,55.33654299601918,0,0
1500.0,26,1.7991744458432581,5544.249148870079,8,11578.236986732878,4.52807566504859,1,0
1500.0,21,1.674402474384645,17863.005953357395,12,12696.112835990512,2.5301362133277827,0,1
3875.4371084457243,29,8.405023002342798,51111.61820922898,9,19085.85496760877,1.3657864908286228,0,0
8449.510785656097,26,4.954810447490392,92135.29007025366,45,203068.08935601954,0.9881061030945322,0,0
4728.43731812016,30,2.785606953601874,16248.190219094933,13,28931.409552782297,1.4421519503495346,0,0
3011.368832592447,65,0.04432299879204571,25813.12926586759,43,18628.600050627683,22.97592894572533,0,0
3062.8921263572406,43,18.92876450768598,21552.380514433367,18,72276.43540365796,8.256589020927876,0,0
3531.1488750445333,55,36.452671058710465,33285.46683071811,17,79530.1994586287,26.60987658841833,0,0
3352.329393024336,59,33.206437932549704,52952.03266337345,40,20860.78174819149,37.00749848631629,0,0
2577.7063817073404,30,5.522479417879384,36576.73707147511,43,55725.21547430089,7.432497942881783,0,0
2338.606708207282,56,34.34315593316605,5677.719701457705,59,14605.956049727252,8.102001131746015,1,0
2133.6166566267393,45,11.065887174195451,34426.45173326334,56,4505.353725453993,25.13367542328607,0,0
1500.0,75,29.92124280187765,13530.0623543205,48,30763.550564843437,30.08786827386501,0,0
1892.452162768694,36,8.588335813122299,25823.75208592024,41,36503.422611484195,12.959019956443594,0,0
1500.0,41,10.295349071307074,5071.0003972409795,52,11050.01706343018,20.481634560009073,0,0
2092.078200584894,36,13.953433847290302,25946.439074036924,7,4714.445144946426,17.816974777780246,0,0
1500.0,66,25.284907548935614,7526.313449041178,20,7741.458167893041,24.291069556880345,1,0
1500.0,30,3.800605464302593,12678.712877093752,54,28914.621408992454,9.696752624204086,0,0
2438.0206574887297,30,3.09789801190174,3136.9250927689563,39,58801.87755241876,6.802404783818904,0,1
4748.581673983658,75,2.151597067143703,16987.48512056337,44,30747.312291178056,27.72787492176094,0,0
3659.471925375125,45,15.746269370842242,9387.89357620505,31,74859.87775200841,14.518238020459826,0,0
1500.0,70,11.95799360085378,7613.47640992559,53,8547.474650143291,25.182312678728618,0,0
1500.0,19,0.1481339220163831,4050.4612956202177,10,25485.014693440633,0.4210281187946806,1,1
3704.9467064159435,27,5.8844696744490985,47284.272868841275,53,7744.586167509124,6.51348621462589,0,0
1500.0,79,41.553764727114476,3000.0,30,21948.58651433475,15.230224772807212,1,0
1951.6916093952434,39,15.795252737410985,22447.55379090348,56,13134.391299468747,12.944010781926012,0,0
2988.505338061061,30,6.042922756063097,10137.109098057825,39,69172.38900031854,8.555522133173154,4,1
1500.0,75,50.96111249662153,25601.617158036373,52,10865.65832921076,50.84917750327019,0,0
2340.1177518293757,26,7.4907420271858225,39460.46783021888,9,23309.95357746288,2.6550171915006855,1,0
1500.0,50,25.83587007335966,7250.329114284546,39,31525.466668296784,27.53917131251406,0,0
1586.4400073252077,31,8.262715266106433,18157.062997838217,32,17382.408298649716,12.288785227236229,0,0
2633.002380975809,78,18.22325721547132,3886.5496194423204,60,15693.500665745609,38.920762964503126,1,0
1500.0,65,46.1984113161504,25260.60784780494,47,20532.912033536144,36.25735137238161,1,0
2813.715429515537,37,5.208587176646828,27829.85222401232,59,59087.40469643896,7.708432236558594,0,0
2184.624437467436,32,2.837196907866035,3789.8724359452353,34,23658.259923728776,13.329895876985699,0,0
2992.5150747486473,49,13.706777527384066,20416.433741777324,10,9941.77018015348,20.79670510767915,0,0
2497.767904241984,50,1.8188982627964307,5760.953932261392,23,23921.55490281444,9.92501787576856,1,0
4676.369015926785,34,15.655911434748653,35914.77343745391,9,111586.94847185678,6.468181555744366,0,0
2365.804651982895,41,13.53397179757777,29309.35721709232,6,4259.727112617247,14.208376825026251,0,0
1743.8087772430313,47,16.15161065826108,15673.577258912945,55,17806.25691843501,6.789919770856558,2,0
2361.999125848642,79,40.00357307388291,17769.973627202195,25,38266.086120285516,45.98877866475782,0,0
2977.4244163493727,30,5.96428377332648,9008.70306147735,11,5844.514878482912,2.6962981952357175,0,0
2268.497594427433,79,1.9558745427670365,11714.43940536341,25,19563.100576701898,36.0991409420273,0,0
2258.204777036818,76,35.514054752743014,6102.653639938409,25,53100.46330113323,40.42637775369998,0,0
1501.0266280854987,64,32.94399833999581,22106.337300238047,51,1149.6247442813103,39.548403200430776,2,0
1533.648007976205,65,19.5872058493305,5059.622985369049,32,28822.685900414446,34.49331954207986,1,0
1500.0,33,11.359433581067893,16682.020846996784,31,31551.561230099855,11.982376373284275,0,0
5780.62570202396,19,0.22700129933842061,39461.94444856204,37,40039.60875928125,0.9129318014978482,0,1
1500.0,34,3.5404254570589444,7262.4488087071795,15,8051.788856992959,9.564344979553157,0,0
1508.546888850625,49,5.003926618314793,17907.905012388237,23,34501.255321875535,26.234680330522515,0,0
1500.0,60,15.623779911144798,13153.558889111988,46,28650.063580527167,9.738633703057227,0,0
3612.6917381599505,25,5.929084247723585,28187.929541418303,17,10240.238821598245,5.703132195543811,1,1
1877.6526343767978,69,42.22351516960228,20801.54482366138,15,9960.818395697508,11.306023806630492,0,0
4386.373751337707,20,0.7656484159270076,41019.39206967559,29,68137.39855294285,1.8692584374855596,0,0
1524.7414850410962,78,35.3471241588142,9391.235853209382,29,15987.55977544059,19.79840024746012,0,0
2574.593120671702,29,7.928979481224072,27043.633994414453,58,32451.096643710076,1.8902179799317413,0,0
1500.0,37,4.582928717932437,18572.21370204271,56,35682.841316335034,2.8152064424548358,1,0
7185.583602061958,33,2.522116288421206,10446.28428675393,43,75490.92633292898,2.8090832540674855,0,0
1500.0,31,12.637247911760042,13379.729087145723,51,33063.07484303509,5.818024011321158,0,0
2618.616465366578,33,9.263359698144278,5186.473244743773,30,43255.924992214605,7.832240866200885,1,1
3129.3396427323864,76,56.9221118663525,13045.879124408235,13,9514.714836999652,52.999578286387276,1,0
2772.7350746415536,70,17.563311330875912,29193.15292719739,60,51608.01934576442,19.81276975224017,0,0
1994.3865486309023,66,33.745521598758316,31362.150408671634,19,25937.44948935531,10.439150821778597,0,0
2056.166519246114,80,13.801425465556738,32914.48968855682,48,11570.935745759154,46.11690893404166,1,0
2262.207328388931,79,15.933210447708689,4952.080817701793,36,16375.515015170722,8.213918883644963,0,0
2036.827845896607,60,21.499889093324207,16548.791317692896,29,28379.75505383514,37.47590162463789,0,0
3752.334708753269,66,15.341670024387419,40942.13755605782,21,56444.728452933276,19.65118249002259,0,0
7448.6467522067605,68,8.381078192029223,26071.666789103412,25,180290.10068593518,30.692074182748986,1,0
1625.1891991714126,71,13.932677205434278,22772.7161121458,43,34727.04835022032,9.867770158675699,1,0
1500.0,50,1.1439486229076685,20477.99909014959,52,7718.973262322858,4.656932770554775,6,1
2103.6829501419143,47,20.428285022847113,34409.51545802317,20,40705.84805992853,23.16634186789081,2,0
9125.611005445448,76,28.542766110979972,10442.09177488263,19,1891.6953930924706,24.92273293104447,0,0
1500.0,29,1.036673730449782,7025.448221719567,58,4867.8172936928995,10.854170939988313,1,0
5439.890674203274,32,2.4037159037988767,81936.58064921884,17,27158.710774837193,7.340171222334322,0,0
5556.565317687861,35,1.7430871479149483,68900.63682137917,39,82959.4302682852,14.376099482880724,0,0
1628.6821454433134,80,37.98075411310434,26392.18750377793,13,7926.999843665827,60.75774808072898,1,0
3019.784328913984,45,2.5436798175373325,5955.178148528628,24,27576.137653363166,7.591054360729543,0,0
5407.9109039225505,79,46.01122231514818,60289.48587451813,51,32823.28577745233,48.85378444147733,1,0
1792.7028686738254,40,0.45124022504860584,19134.9371314292,10,15122.19376160497,0.484135593142212,1,1
1974.421655797273,31,3.2418852439465975,3171.839439540055,32,46519.91355050916,8.836803534793374,1,0
1603.710839145812,47,25.829333600865308,15603.906494194538,46,39987.581684125165,21.610831642417633,0,0
1500.0,50,22.993002179911873,17042.767938403067,18,25714.578984904096,15.275638797936075,0,0
1545.1825693485237,62,3.2106066487302596,6570.091502360118,37,22108.00368185684,7.132629245170088,0,0
1500.0,79,50.08869237359597,8469.904369678905,36,26566.79421811062,37.61995343278544,0,0
2250.135931880185,32,6.902491701562867,26744.901669287443,46,43408.058576924894,12.565401232097805,0,0
1500.0,24,5.0806981630129755,13441.674163798938,51,27712.97788535679,5.587915197469614,0,0
2511.3663623579946,32,8.410356842305507,39142.73920939239,42,5141.553516248639,10.445433465874439,0,0
1500.0,69,34.77348463367579,10230.735033234303,7,11636.003223254025,13.449376179705702,0,0
2649.1235481241656,59,40.73356397622403,14658.168014429966,12,22744.80401660117,35.68340396845672,0,0
3492.736931391475,63,10.455099566580818,61970.656850695916,53,32242.71847364343,39.99703800157627,0,0
1500.0,55,23.085986266171368,24733.962138317125,16,12911.766699432826,13.587961612573162,0,0
2712.785140962822,63,20.714462552582926,4049.853634055087,16,53380.30722723846,8.23417814446563,0,0
4338.213671168089,73,2.169857410748029,61179.16573778581,28,81081.7197711272,48.10626887733525,0,0
1500.0,74,0.8103559241604419,4313.536732542675,36,172.51135847444198,49.565449654157604,0,0
5540.914358375102,71,6.3191146243465095,8129.897239812678,49,41055.61597722441,5.348022481214346,1,0
2780.706900597653,61,27.91094484315757,15718.846069072099,50,43355.64522621398,41.580324565567,0,0
1500.0,28,5.671630879133922,8368.319916058159,13,4509.960824579982,5.330805530787978,0,0
2141.639652266947,46,15.496027712584368,31971.293990172107,37,3812.0272660998817,27.824445458402217,0,0
3002.137463807195,48,0.9557028758478026,39271.99044068354,53,62174.125737345545,13.350247506500443,0,0
2302.6201870684904,79,28.62748277796043,40727.27280132291,26,26058.998586795326,32.530283700932436,3,0
2969.9957352278734,42,22.190947628220684,38894.230486485045,36,63534.69583533247,6.3859879673098945,0,0
1500.0,69,20.277185334842976,12165.51660802922,6,30883.22726912121,45.84631972128384,0,0
2423.9372338309036,71,33.12089089878818,31224.602512861595,18,54136.85180558803,23.516742204846597,1,1
1500.0,41,17.935829539332303,26986.206213253252,16,1810.2961335242655,18.73612323342983,0,0
2077.302936717596,74,43.89981563194571,27155.359844983726,34,9666.21332345969,4.46511940532463,0,0
1500.0,36,9.347041483114884,20922.874577498114,9,11105.368665053269,14.188439312906628,0,0
1500.0,19,0.8579519454023363,25428.307887351617,41,5108.639543919754,0.4902431422514749,0,1
4358.360556007351,39,8.218939960638686,12779.024521509877,20,52896.31295111036,0.11356547439522535,0,0
4024.7600224628163,37,16.885171080911167,52246.75005084074,8,80392.25614752181,4.298995840977103,0,0
3087.219005712345,50,7.68726932465745,47739.83250708926,56,73412.66410857732,6.199366766179743,0,0
1500.0,25,1.9615148489339973,25836.654305632772,34,33359.030042867475,5.262352069166079,0,1
1855.6222298319803,42,1.2748949807760264,8510.770394447156,26,21216.10274887223,11.452852555037246,0,0
4303.58525704845,63,35.80118264440273,41171.50987714735,7,68479.84300256401,7.187327850919384,0,0
2387.3620784600034,26,3.3364418898616446,30007.78628329554,11,13768.879419226037,2.0544238163620205,0,0
7908.008403831517,51,7.5608482590761685,41176.6154415841,36,79674.96395703394,16.6345345750942,1,0
2741.67633024015,74,12.980255546528461,30728.81434436187,59,59712.51752950508,1.0997390499017365,0,0
2454.373990607179,40,19.83079870704313,13201.683283628186,29,1791.5409658698509,9.330762938186222,0,0
1863.0793172125645,22,3.3356664018441475,12424.446245453802,45,24814.319547881667,2.7122456146149605,0,0
2376.6506786223986,72,29.890667809287898,20215.35774330181,22,51858.41667505458,27.958747605437456,1,0
2030.711676168734,78,36.96664802494327,20299.46438760689,10,6194.171885915338,35.88597246452993,1,0
3259.925991726663,42,11.383813693206985,28163.217231724168,7,80075.69754531943,7.838834808279595,0,0
3737.5525366803113,25,2.741665800151662,35074.40335974688,17,1157.8436909000407,1.2815300681382906,1,0
1500.0,33,13.732153218274972,9114.013285351462,10,33229.50042986866,12.146119355327716,0,0
1500.0,71,6.65747328657601,5553.60989757708,47,13262.721539811258,47.998648186127106,1,0
1500.0,65,19.666999116662712,3000.0,46,4975.896812916101,24.00480680762,0,0
2920.1645014890646,62,15.160723951466515,12649.096345433922,25,11487.793934934709,13.421813353581197,0,0
1500.0,69,25.40568673280857,16339.562858397467,13,26294.201938285154,26.07144630541726,2,0
1500.0,78,27.457912472710504,21545.943918979876,6,32651.987874597904,52.73913123824373,1,0
2734.5392395504145,32,7.26445344311514,10602.380578473281,11,43825.52749100427,9.679688863251643,0,0
8700.621462719891,18,0.0,24757.105750128903,59,202012.11046963208,0.0,0,1
2200.9866116363596,39,10.775971531778819,30237.013492186725,16,46357.11371269418,6.895967884639058,1,0
3502.281618008064,20,0.48483762777442174,21671.0386155953,8,790.7982856409405,1.4239582566749918,0,0
2310.007723926006,55,6.820259912563077,39675.515640675614,36,38659.69238647014,24.162811945929814,0,0
2091.445412275043,71,3.436213595668135,27488.715135432667,33,15928.170553283575,30.295672414472115,2,0
3661.0016566872146,31,9.914483263829831,23997.326971605344,52,41598.1323968195,6.866923247996615,0,0
1882.4868997698613,53,14.9604672299796,11148.514203735176,48,4425.291288456029,19.284225909885894,1,0
2558.216903552302,35,10.652942616299892,25333.695993631838,10,18041.77110944983,14.444408525353884,1,0
2635.7783158845345,64,33.46929379201819,6182.110923799378,31,41690.4988430758,42.13574704619067,1,0
1529.2768422029746,58,27.17266661254214,4588.596258417216,21,8349.168363798748,4.514418575409529,0,0
3810.9100285778004,35,7.998512224524599,15203.945608287286,58,61692.59957466365,9.669116819035684,2,0
2005.7475914642725,20,0.7757970579034597,28422.047273924134,36,46284.23883548661,1.8368168449464692,0,1
1500.0,27,3.3836391867659734,14603.362661362624,33,185.2614376858963,1.212659866431847,5,0
2966.328921731431,66,30.722342252642704,3499.20347412182,12,58271.36029461003,19.8172499182515,0,0
1500.0,56,18.80218548779119,18674.67145053878,43,24049.45800611956,3.3850465113343504,0,0
2242.8432243388115,64,39.06008340747149,18397.44421360795,14,2614.7493982421342,5.219914492447921,0,0
2197.2998658382867,18,0.0,21279.729026806406,44,43405.853616468645,0.0,1,1
4012.7920956297403,44,4.43456982816948,18619.259570556882,40,22523.905877522167,11.600669205592828,1,0
2867.179371440009,74,7.629084486560636,29762.17595867916,48,19053.87927162347,38.56942062425752,0,0
2178.1587148942876,44,16.390424076935986,38434.92847538286,32,5092.299968748814,3.611775004331866,0,0
3462.587651057953,28,3.012257480622794,7785.835212967337,17,46258.42373955498,0.2194748239275579,0,0
4743.896635447722,66,0.8913945007247452,27640.768184671415,58,59088.04812896551,42.74322995274547,0,1
3001.284577474563,22,3.5545706774518204,15399.468350357636,30,26049.237288986227,2.2981825581960877,0,0
2220.9580612961245,24,1.3614046034628495,11605.257182117399,48,9369.87824335078,0.1199265334260411,1,1
1500.0,36,16.727051730344563,11157.012117917122,34,31423.258293714967,17.862110656703766,1,0
1500.0,74,40.1763292491822,22361.799510976274,36,32864.19112753769,27.56277344877045,0,0
1867.0714497081622,73,41.945941945131636,30841.402209766704,39,25232.518936446242,26.17320794909017,0,0
1579.349431183801,46,5.640921882208492,7008.610248220706,38,9642.928542521298,17.385597161033395,0,0
1992.54059300556,32,3.278721958635381,20383.987045640457,32,4787.580182526477,0.11066347873646953,1,1
2278.23764124987,52,17.723103630018237,26945.36024628263,7,49468.750386682754,19.350704706018963,0,0
2955.2277951201777,64,7.91659322189366,29171.251755575915,19,7096.441668198382,28.956259583524215,0,0
2124.3596017724253,54,10.995540936589162,17800.643652327057,18,699.9784936192481,10.690328451710613,0,0
2885.8532932569037,72,17.358973809181443,12304.07677200211,29,33865.31361023807,39.25003012748812,0,0
2288.063093947693,29,1.7559292657804049,21278.366952035376,10,41829.85592660817,4.151749978397645,0,0
1500.0,47,5.950302168459662,11730.978106638888,39,17157.637667889023,20.815420899286064,0,0
1500.0,37,14.982484998156874,21786.865743807877,60,1927.8977619951038,2.732678390597772,0,0
2040.0953875603177,54,6.019050763701662,28523.132815399757,28,35193.13028935491,32.893121377476646,0,0
1500.0,20,0.05691478368784497,4916.966370744603,24,24087.47327091941,1.7589147473125204,0,0
3071.621267959575,26,5.034839541031507,7693.8703439895235,35,52335.030421723844,1.2050118087021646,0,0
5125.139165024348,75,55.63103780536965,84250.1999842361,54,27061.054004093232,53.49187441387469,1,0
4317.013049784256,58,13.248552584924855,43617.55700807181,48,85876.0103993099,22.311210910690956,1,0
1963.740635720514,56,4.508916721457587,30600.21612003696,21,23524.052218883535,26.662687777868797,0,0
5013.549244360416,43,14.25968313418827,9969.788856125078,57,67225.78070615718,21.007344809413215,0,0
2396.505950184913,19,0.9063542110956462,23847.068683794118,55,32702.121648147415,0.08356994708000365,0,0
1834.6384587734517,40,17.249359156226532,18658.73315727603,57,13154.65299186533,3.724255864255664,0,0
1575.973625284918,40,13.695349105079751,24635.51656804926,45,9855.118780486111,6.38860027269116,0,0
1869.9026925618534,76,18.273276803240766,4972.763067243546,39,222.805005513151,27.677859920446792,0,0
1783.8027659092975,38,10.8376034655244,9075.229612016317,54,17686.865628666394,6.921090125974811,0,0
2425.3446629081986,33,1.3686726195638306,19187.26867041881,16,29413.54832643635,7.587695654130796,0,1
2412.2511788112197,26,5.43156339424536,37918.91221448304,19,44795.730277059585,1.4873362187498902,1,0
2212.050762536501,30,8.70115222677181,37518.62916412548,53,3684.5554940582115,8.185849679197975,3,0
2808.2477557564957,45,26.055853818567808,50201.13140174295,52,64869.77984278611,1.5048417919607413,0,0
4250.770123926578,44,6.770331327371863,73565.05738407513,20,28050.66926954866,9.397687161407001,1,0
3722.8871971172425,68,0.9228209521511321,4098.935472060084,40,34131.49405491133,8.95166223355613,0,0
1500.0,69,27.82603168578468,3000.0,12,1813.5924598223178,37.2265968654047,0,0
1500.0,34,11.308648070349031,5263.973888518511,34,24492.615405679626,14.138453421278582,0,0
3691.824100913644,55,29.245076607670555,25586.761545693604,49,65430.45672727577,2.9150897405285714,1,0
1500.0,53,6.780862655868371,22662.909790167447,59,34829.670648366206,27.476324955324,1,0
1951.5496513549188,18,0.0,31566.61872672993,27,16433.46309965149,0.0,0,1
1500.0,35,8.714045729544038,6264.277360511867,28,9651.327370433755,16.55749368243894,0,0
1500.0,80,20.497250218140113,17301.43586630257,29,27228.243883907653,35.92194755859552,0,0
2974.4204744880667,68,43.025574329372255,49360.96507970604,40,52558.07584927501,16.369594300370338,0,0
3352.747165503895,26,3.790081229909762,29783.926639868812,56,78548.50071733627,2.5757887989386417,0,0
1608.277934434112,30,9.594943729224035,4439.2342488447175,15,8255.235322068987,4.547640951533431,0,0
1500.0,57,22.644170658811795,13174.248077157934,13,26448.47335104507,23.89402888577745,0,0
1635.2738365912764,72,41.746867647324045,12082.242554403876,53,2733.7108691958806,26.47242065551275,2,0
2739.394536739709,62,14.63761140733425,29640.758231702584,53,32897.94418186806,28.75994116190074,0,0
1500.0,32,11.639832707024357,12685.796452381142,17,4477.154147464063,0.5503942294140662,2,0
2442.6723780986613,60,11.532037253142907,3162.969456866304,34,39885.54159960809,4.447025116006775,0,0
2189.8308512486265,61,23.482248744141504,39193.50819715653,34,32927.76176882647,41.99119847535073,0,0
3036.9540193628222,63,9.63032009282434,31098.968083604606,28,3707.584351602057,44.792347598380736,0,0
2358.4719337893252,21,1.4265795648785802,21348.23427821739,31,18845.24160262508,2.2399764514181695,0,0
1500.0,50,10.1816067042785,25842.742973353375,42,14813.761210378227,8.204708805792954,0,0
4264.645448183896,41,6.134178904655927,15564.361970286349,37,26447.22748134336,21.927779891212648,1,0
2023.9548742649415,53,33.844475630981314,8535.097131381277,57,1956.6606019977655,7.479597782709623,1,0
2175.431910327772,68,8.00370527433653,32057.710085481103,43,17339.38316250815,36.571566121380286,0,0
1500.0,58,31.49303349829581,8151.192540637723,11,29723.433804406068,4.610332467681553,0,0
1730.5503561528694,27,8.857484635348934,25243.297164629967,13,15579.672787903808,5.840140487038507,0,0
1500.0,53,0.696551930902724,8424.103814166814,22,12126.365821288247,26.58302511746476,1,1
2007.9702541711647,37,13.281520866799806,3140.8464172411573,17,47275.30719247041,16.333162747173567,3,0
5661.47458175749,79,15.427620138933515,55421.59178230065,27,5892.281395561125,44.79267452096864,0,0
1500.0,58,1.6195129731321778,6515.504070234965,19,28773.307336574362,36.939414214218075,0,0
1500.0,62,17.727141474091756,20825.080469778015,39,18116.009936788123,22.920623347631903,0,0
4959.913996342092,61,40.21436583734763,59024.929596740396,24,117111.32025054697,29.129430096413092,1,0
1968.1946447350322,28,0.11765094366997686,32871.301669346176,11,19360.675288057388,3.6955008508835197,1,0
1528.4508631926296,29,6.466742611227598,21873.357782246712,23,27055.198029325413,0.11428394218243765,1,1
3912.561595830888,79,30.585185194314782,15936.611587942163,41,6840.660522619185,46.15827028350776,0,0
1582.737866242615,35,14.847530794307808,23112.230448882598,59,36750.08217734024,14.787631013810497,0,0
6028.812524898224,47,2.436049721098144,71800.32219381949,42,51929.57862392977,5.043809833282084,1,0
3206.2561570239577,61,29.305619285125964,39668.371599510865,43,42002.32243542739,1.2315523216075182,0,0
1688.5892998560482,65,31.965155826364033,25579.542766436676,20,5845.964069599946,7.73158673856879,0,0
7233.798208821863,54,24.086880607042197,77799.56611474496,43,170999.3708792598,32.230414556614406,0,0
1582.65135489451,80,58.424738685972294,14120.509942293294,45,26626.93803958879,18.321644141022446,0,0
3321.435854150071,37,15.638663051130727,39268.99599223301,14,4479.57709510984,4.440378182219763,0,0
2603.4972575282213,42,1.0073454298441442,15790.930193133432,58,10102.010598576313,0.3501557962371926,1,1
4518.600988823321,29,5.1819113577496445,18545.02179929329,59,45167.257427831464,3.2676066193107283,1,0
5212.58492322505,38,7.95906112402667,59850.864888984885,11,28248.43277366214,14.312781540444725,0,0
2247.5640898155675,42,7.4435333061792495,11182.58043572933,59,17116.63727211301,23.018142921029273,1,0
1500.0,28,4.513367251540973,3537.8352883384714,7,37405.91853285662,3.127412324376333,1,0
2844.050873054979,26,3.0735534794078196,3000.0,21,46830.76005413551,1.9254825616855458,0,0
1521.2026934120836,79,26.372367892598586,17252.61359511043,57,35071.99751381945,54.172210248220686,0,0
6683.272128135052,67,47.983831414823484,47829.03293295026,6,72813.97830376223,41.7727376907792,0,0
2380.568091512572,79,5.406611459724426,32826.33545007393,35,42271.883560622526,20.01778562876487,1,0
1806.3674008851012,80,57.17831393000125,13327.37646428773,53,20759.238956587495,4.265919532937347,1,0
2444.446921209283,42,11.52568112330464,22640.61067784077,38,20058.1868311822,23.807746571201825,0,0
1500.0,52,21.2072363469844,11880.666806792315,6,19468.992993789612,23.143945773700683,0,0
1500.0,69,42.33933129750239,18089.657173288324,44,16024.16406703075,47.255605351290846,0,0
4273.66755338782,49,11.174353903626923,30148.014033687476,21,104762.61887611315,10.598108703903307,1,0
1538.723024513406,66,20.66025158822241,26749.238069719326,22,19086.566792413112,31.08890011598372,0,0
1500.0,31,5.3237402436232815,25371.74815826252,53,30416.74248370483,8.768463992685966,0,0
2966.5620841291716,18,0.0,45733.92826334264,53,49454.03379014096,0.0,5,1
4239.231513847073,34,14.808469146350319,70562.45197048478,43,50831.27247278758,15.888928593856065,0,0
3279.428081786464,42,19.894317388632288,28319.090300421827,23,38873.52656567974,2.607988284575679,0,0
3819.3144692830992,76,6.321999412052614,38648.85286504658,27,32644.646774998324,36.604777034965025,0,0
1500.0,25,0.7568634673396722,20423.361110235233,27,4011.8177862021043,2.355079638538103,0,1
1500.0,22,1.7114780594119647,19251.721085932797,40,28555.099835149376,3.2466337082404877,1,0
5042.884448537263,22,0.3946295069312362,81399.90150174253,36,115746.14887285081,3.016591938985769,3,1
1849.2327246994355,58,24.763723810844787,24368.499939150388,45,10076.231243614971,35.70074096895655,0,0
1923.7695373129848,52,4.885514646898953,34558.67299579925,32,44519.56172797665,11.685897827536426,1,0
4584.822991818491,36,9.40271875140242,31748.058857268,41,26626.84300125025,3.3215461948397706,1,0
2998.677104321619,40,0.15883883408179056,45462.82848360567,60,39738.40166495278,0.4796368973256102,0,0
2837.669156518605,26,2.5327707873011738,36491.835084033344,9,24377.138497783362,2.0440534697456894,0,0
7264.474858947152,71,35.89110835465074,92647.98549333001,54,20796.15490970404,19.46009160702724,1,0
1550.0848855596143,47,14.037129266607604,10136.323008251116,59,2047.5991599031395,27.435942592491767,0,0
3678.690297671793,67,47.93520481395042,52808.44705521422,10,33599.91857717513,24.077259058515384,0,0
2278.692787459548,33,13.111556940993163,37157.2587055844,30,2697.053066981765,8.346592561631843,0,0
2559.9058344389377,50,11.490264929380839,12070.785024259367,36,6668.966685981057,28.164120385539672,0,0
5118.70949511023,19,0.0454865414722746,59548.23168339197,19,18209.49919311095,0.8850695137641408,0,1
2919.9146516824835,31,10.993141901495244,22384.918611529883,35,139.84246350945017,6.862905745321626,0,0
2969.2445627825177,63,41.00554396416021,52918.82090085817,52,11376.08271570352,5.116657442999928,1,0
3983.352321246818,18,0.0,36408.46906459556,17,57487.60928728746,0.0,0,0
1806.733863244014,43,3.1987485229941215,8819.46828747583,32,37016.50441005467,11.422205000153054,0,1
1500.0,75,56.881162661500404,11237.36944315673,50,7253.623477802618,42.81666122513953,2,0
1500.0,42,6.206021317266572,18172.878940323968,29,3032.7226442812603,17.080361959898696,0,0
1500.0,33,10.863073692125552,3440.278969414195,60,27356.782441345207,9.64062352949648,0,0
6842.5375007821685,32,12.712488268700103,77055.40666996723,35,1396.341481351624,12.323437837232822,0,0
1500.0,43,5.892177858267736,25246.2313590619,23,27531.078826364293,20.066160207678134,1,0
1955.322669284409,64,41.77989351514504,30221.794478280153,19,6409.412590610594,45.177255077150996,0,0
1896.475959989671,61,13.30770790537928,4078.2769617785398,24,10823.428308354934,38.23381640012569,0,0
2615.1420174352506,33,14.646198335760841,46778.68741438782,27,7849.996724824809,2.9348464176514275,0,0
3458.72556676891,31,3.65638026494617,44542.705045243645,31,21386.87018577905,0.7490153517651431,1,0
3544.8829447267485,46,26.696203093219385,13324.413892965416,12,70736.00677861209,11.606306433241052,0,0
1602.4795201684615,41,1.2315269705315228,3000.0,33,5309.980349549738,14.202602370729418,0,0
2014.4128803713963,64,32.6265125368114,7879.990008796337,43,50066.50137286671,29.582760985971802,0,0
2579.675701103933,72,28.7340012271982,39337.45065044203,10,21095.154622115213,14.445689121991368,0,0
1926.037149510397,32,6.690279079718229,3000.0,41,44393.62150983764,12.038333502281384,0,0
5345.658776309705,36,4.02289765660512,26533.19958221216,23,25396.300025301316,5.926436345617685,1,0
2892.9621552507806,25,4.939170528435444,40137.52141872954,19,13589.510356615825,6.4338022446820045,1,0
3308.276977811053,51,6.296713217728135,36271.54884800413,53,46757.17562366219,15.562846243006309,1,0
3179.835350199936,19,0.5528417959847682,45492.33693854228,28,4022.4984675753262,0.010390666041836027,0,0
4210.811323866007,44,6.584379439046521,57623.09416784281,60,84321.80179533597,4.213074091063401,2,1
2439.5328798785617,27,8.600592418032205,4538.076589947368,57,26811.396462519333,0.9208733098949787,1,0
1500.0,52,0.973460590412196,24259.041186900864,19,26219.867750732043,1.4968770572104595,0,1
2751.298809322756,40,4.394022162447204,13370.049870088596,37,12011.634338700182,15.708380837834872,0,0
1543.4164440746565,66,11.63090910659749,16063.371312787378,10,24785.62245439097,9.231161906899306,0,0
1651.205365996563,25,2.898474780374715,19736.690408210496,27,24523.316306165147,5.870338560845403,0,0
3048.7904290868532,45,6.2837165304914455,11788.695711235665,33,57596.31981198041,7.1406583779896105,0,1
4363.613115102699,40,10.809679985913276,76781.83687203325,48,32443.604526506784,0.7111963427985124,3,0
2234.335991107898,21,2.617396569775617,20776.311164420436,17,52125.13574554346,2.4620260319256873,0,0
2617.1943309778026,31,9.25682447831922,5181.850645354016,23,62897.79272963522,6.059896056902833,6,1
5631.990547887114,80,35.95764279317689,95369.05715828358,41,122231.59931990744,37.16933729667762,1,0
2521.0083735930366,70,4.628165255099342,27646.772785188525,36,36052.54786171717,17.483819009361284,1,0
9236.56842240299,59,28.4536764439603,119025.04725417662,18,97050.5342274248,1.8876562423813144,0,0
3014.0208747677684,46,4.659599960706316,29923.164369102633,25,4369.759003702847,10.36495849659549,1,0
1500.0,18,0.0,22785.81784681267,50,35521.042554787105,0.0,0,1
3342.04405604548,21,0.7501702755304596,5224.513392488958,41,79522.37955905267,0.035059810609855635,0,0
2723.4019962394577,80,25.857021155895854,15148.738983874988,60,1272.404389957556,35.605981996636764,0,0
4488.90472631155,49,10.864576271855766,40328.41908123998,60,40050.85487193155,27.68430679133436,0,0
3197.900383226589,50,27.482045269595417,7362.402860651239,12,70356.71598266077,6.970896717440841,0,0
2046.4241026091063,66,6.074134018243591,26604.35928175313,28,4136.438728930567,44.48491973512314,0,0
1500.0,43,14.141122059619715,11538.41705841884,39,7371.239126632778,2.4402129705896503,0,0
1968.5198782277237,34,2.2729857510889957,11093.30998121489,58,48163.64381324841,13.206981603565145,1,0
1500.0,56,26.78224177302309,3000.0,55,31773.330454513067,31.932325615481975,0,0
1604.7320949661864,40,19.911718811478586,21242.023766275513,37,36590.439040080455,5.670716983759056,0,0
3052.505849958471,49,13.472837269884856,46321.038332390555,26,10848.179863570034,29.693145645162488,1,0
5532.789940849265,69,24.89270527351377,42689.287075636355,11,29229.170302816892,21.24653501130066,0,0
2743.7183498716154,32,12.983919710758672,29060.657037407687,21,41527.31479506226,1.9775852245183134,0,1
1500.0,30,6.2518966637922855,7306.0089612047595,40,18815.18328760122,7.100573409926,1,1
2820.1108382989064,77,28.768307844924095,32649.43837755634,59,21045.3161737676,58.80026753867071,0,0
4264.78614857713,19,0.5783291027043042,5144.7684383043215,52,94235.38641476397,0.8992915489592944,1,1
1579.1143053713142,77,40.66455444541416,14696.731963768956,58,35584.891437276674,16.437566740791045,0,0
2051.426242613291,36,1.923900751566565,24517.606771030005,25,14959.205824135988,10.385758788810762,1,0
2226.2604021711645,41,18.88554213805487,36976.53816996276,47,8668.676235340845,2.653456172566782,0,0
1500.0,62,19.162221207943407,11224.063336618248,46,5590.965778886755,20.321171390831935,1,0
3154.4020694470228,41,1.6640157276421674,44187.60058611414,16,38201.79597091528,12.030611556897174,0,0
2066.2249347428997,28,7.861826691982131,23060.474290251586,37,6865.987737169621,3.152782983311285,0,0
2781.49225251392,76,21.863098357803782,46615.60142400432,19,32914.804014027184,28.082850810346326,0,0
1500.0,39,2.107717396996133,11658.63072931548,29,17322.527732244653,19.318707621804645,0,0
1736.1024957744005,32,8.872906553605507,11153.800166813477,49,38372.648692149465,7.00192692051623,0,0
3285.6170331298604,27,7.921182180902775,52837.36768227376,44,24330.851659947217,7.478912795108377,0,0
1798.9200045644086,58,35.510140376559455,3304.894564269316,48,25214.223086436854,12.695617166537353,1,0
5709.176766016898,44,24.899250345033302,18946.198147554456,36,106119.303767687,25.256509781684525,0,0
1772.5954330928416,77,51.19462212623459,4255.780748067517,22,26407.89610544802,5.514330773265943,0,0
2498.8267461591927,26,0.017127354763801783,38314.18380674511,30,59601.25621717072,4.684693174735914,0,1
3688.3148685249243,69,19.3922994870829,4353.414663194217,14,55534.7246576258,40.28427755350693,0,0
1500.0,45,22.10064965744858,23472.257465174727,27,33819.831692629195,21.97910663037663,0,0
1500.0,18,0.0,13007.328781967304,60,9189.614597015361,0.0,1,1
1500.0,34,9.624776102075298,3000.0,50,21028.22897922886,6.426334218959779,0,0
4422.326777831096,48,18.18950842123596,34617.83255814708,53,60066.90869025127,18.725885173923093,0,1
1630.2326599150144,61,15.696088073669392,6807.222803425587,40,40325.9286343048,13.582956520213914,0,0
9018.28630923992,27,8.140265345531589,104745.66655933991,42,46107.4121570111,5.92466413692132,0,0
1619.1616928451983,80,31.20015741393929,20319.021074604778,60,5707.277739456337,23.48440162138756,0,0
2444.273490266078,54,16.73223141375003,22702.33566421717,22,37377.34610220028,12.631187613068004,1,0
5157.258784037924,79,60.84833848537565,8709.743318517287,33,28840.956777988846,6.592158460914985,1,0
6656.513237232538,46,13.818010194033267,80904.52445442977,6,106363.65047422731,1.0990806078852806,0,0
6862.499185642496,35,3.032770282785878,105096.83712077136,58,166842.63945029076,14.199654430207094,0,0
4292.400561331159,64,23.60119345171815,56855.046211048386,14,101569.57164868386,22.519046639179415,0,0
3878.6187974250984,55,30.118619214237413,58603.155351467656,60,22409.01338815016,20.826305928733248,0,0
3059.142179229986,56,29.520692422134694,13486.723573371064,54,13069.905677303996,14.144398856082262,1,0
3388.3507985334127,66,37.85192472520661,54590.04152094338,18,47499.53528565671,6.563618182740981,2,1
1630.8356905695637,23,3.540118919989559,10563.3935265054,52,23923.433601248424,2.2478599884560326,1,0
1500.0,57,9.91449533360084,3000.0,37,24834.377676774384,8.92932604321558,0,0
2204.253205988822,29,9.482924944242546,33808.08179151459,33,40860.84377045107,9.214513514549315,0,0
2011.0222575466717,70,46.45906019956578,34209.42234436824,58,30213.46318991976,51.31300397987347,1,0
1721.109763129334,31,2.5239850560411377,20901.99919899526,36,4808.47964402351,11.558249761185474,0,0
3238.977900151226,61,5.6095923717099385,15982.486133211702,13,63982.60510756961,22.71579343480211,0,0
3734.6816688598656,72,52.68266830381205,19717.834080739394,13,7424.2842850867,33.91911423983041,0,0
2318.3796350183225,27,7.814915672853311,20707.949700521294,39,1158.7659143812405,8.533102884653145,0,0
4977.29348105017,71,47.34151580212718,80946.36273398467,28,95770.36811582808,28.550142480202435,1,0
1500.0,37,16.84115130786351,5314.740231762738,15,20563.403416337842,12.133193342539462,0,0
1985.2245246827176,32,7.583615536472197,29860.858679871122,42,34671.520422771406,8.809213052392595,0,1
1500.0,48,19.39205209997399,8928.221621981334,53,14353.024657784954,21.243634554373955,0,0
1500.0,24,3.2721771128018498,22118.947320441996,30,415.96850716846825,3.8417105974699126,0,0
2110.1738633903637,75,2.918761903848757,35123.02174635553,56,17462.49845293315,38.23020768916764,0,0
2065.3167229992264,58,29.820123414110906,17074.79085076175,38,31399.796660029904,29.035778889311928,0,0
5076.601693679238,27,4.547988300022922,36581.28676516371,50,28645.11474542909,7.281893067011539,0,0
3124.2402934053343,27,5.829381673112068,45731.887165706874,9,53721.65032787025,3.627494723367037,2,0
1500.0,65,23.62407083385016,15001.813500674547,12,29790.037870947934,35.05419726024718,0,0
6122.653815402543,78,29.508679339347356,77363.61164177372,38,69532.98926885879,6.012225549237737,0,0
4322.410589932257,56,6.527986160155139,50088.51331245955,7,94630.6753150848,33.295149025178084,0,0
3041.6449100834952,45,7.525270308811022,10947.215755872105,53,65001.21131691793,7.831196313548178,0,1
1949.7057556480263,47,4.606728066374718,29950.280427781006,51,42798.86610876903,11.700349108531226,0,0
1500.0,54,7.043986642512328,6492.265341034972,37,24788.888724631313,28.929974855670302,1,0
1799.5398515237498,72,52.540778542696465,30320.080660553143,10,13711.998780466653,34.39730005691431,1,0
4019.0938302290765,20,0.30622689154439686,21139.27586381294,51,48354.8514942354,0.6172559797023363,0,1
6226.206191490437,67,13.194250790955175,83904.20860492843,22,110594.64513075932,11.044556445107373,0,0
5160.475165379105,60,24.80476562502057,30132.745675232385,17,27165.212584825094,40.22400684584478,1,0
1687.7183686472144,32,8.542500067312986,10805.366981769092,57,31173.99405311581,1.2288690544422154,1,0
1500.0,38,3.0794825948765814,9405.047245948785,17,20553.32314098901,0.08670217218682552,0,0
2386.2716213393774,69,40.47958871504583,32725.730668573095,40,5728.092322557885,34.31968001660387,0,0
1500.0,54,28.2673032448617,15698.785508219524,26,20898.23726250627,22.121079374970662,0,0
2637.9100708581605,73,13.05247373121401,42233.446052132145,26,4403.736187093153,40.56876796234811,0,0
2036.1551488368743,29,3.175329329430065,12675.75041076509,7,728.2963028389073,8.047972147699515,0,0
1709.0277558497899,21,2.813963596378491,21813.813015452844,58,38009.959506088104,2.5897773817980694,0,1
1500.0,64,37.98088651505599,20700.189291409322,26,18371.85418516855,42.416995158789014,0,0
2929.1866177648662,26,5.582376264500191,10472.41604917254,20,39784.91967785525,6.200196706063088,1,0
1647.5004478058597,56,3.12486241740282,12867.009922506917,16,11529.94010296598,8.827126461639677,0,0
1500.0,59,17.148827317005605,13811.846105935481,15,20352.926979656004,19.00334331025794,0,0
1500.0,78,33.558112324609624,10570.028442306544,23,6332.575955614979,38.50291443935334,0,0
2175.180225137628,45,5.060104775561977,14086.280358474492,28,40547.849835694935,14.562862258808034,0,0
5853.168269596666,40,9.860984806380939,74154.59770343403,36,120480.02951187697,3.4957452735617434,1,1
5506.544472855978,80,37.263604404298775,25714.069094278162,59,117822.95113414257,36.53492789869083,1,0
1717.4519704080285,62,14.404573925077566,22429.309035161135,60,4579.272992399227,39.007260575094925,0,0
1585.7033896046632,78,46.85668913702923,26791.650167602813,31,22110.826079841358,25.11103339590586,0,0
2857.852766353043,57,32.77753368391341,30317.124856726263,58,57782.2799114869,26.088380152980736,0,0
1500.0,61,13.915207185665043,17091.57303685659,7,4808.118307964561,26.48517430988254,0,0
2607.078552614929,39,17.6118002443416,5662.199030400534,44,6486.568396380598,7.917905873944838,0,0
3365.54150919144,41,2.3822610203693455,52825.90085786395,12,68736.30517814435,13.001237764386357,0,0
4336.4584695897975,68,41.88645493113282,25379.61053487469,29,86375.31859693171,10.51060169494305,0,0
2089.99145813974,75,8.706774605054147,23942.670056790805,44,23444.120589489314,31.128113745625686,0,0
1974.3202431396471,43,2.073178812743151,34836.69685267592,37,5415.1245394734515,19.97073976225948,5,1
1500.0,47,18.611486728789327,16685.316314606596,31,19354.618399385687,22.009485318146723,0,0
1500.0,50,15.101995704169418,19980.091930341627,28,14805.120000174982,11.454545593826293,0,0
1949.7113392654164,33,13.618359006192492,16709.871396484737,19,25275.445156336576,1.6812782385976317,0,0
2702.820209102724,39,7.626973117907833,5476.506579567228,34,29723.941048051758,16.798793865837183,0,0
3649.960207375798,66,13.783308645006176,53140.46028750714,30,51876.3746549085,12.721876295737095,0,0
1500.0,74,28.041154744075108,3000.0,36,27267.36444424852,2.970450963875792,0,0
5018.963478239083,79,27.81271733188834,64800.75639505637,7,97224.83892938784,27.156770573176175,0,0
1902.4199629202487,67,16.876974264642225,3000.0,7,30865.917237688525,36.23405594778083,0,0
2182.5473616251015,60,29.1371345453298,34176.92168472576,28,10854.932862239484,33.95672030054588,6,0
1500.0,35,12.912551176536441,5519.718913741005,52,14892.113460191968,16.697436536772877,0,0
1500.0,24,5.11790381418082,14613.923133785054,16,2670.9010775895617,1.1364461041807412,0,0
3591.1399575443506,67,47.6699736308068,40046.819801812555,34,40550.58931659425,14.395947672566106,1,0
3311.856354705639,43,6.666404803312612,29072.3756592979,47,80340.6187563534,15.23726246198743,0,0
1891.7731513977458,25,5.0126543774297305,12850.775893553968,40,30350.223076203787,5.679405879812174,0,0
2291.2318884729943,23,1.9712911774787263,20513.039454460668,54,8856.328098850063,1.1703751062124619,1,0
2932.9574740368025,47,19.635377186582133,18460.23324297215,14,19693.171364941714,11.887519060839017,0,0
1500.0,56,18.087304233270373,12672.119850562012,37,2421.511736345505,15.519225401194701,0,0
1650.8094584195946,40,21.863008260894496,11723.257783336263,35,7528.264380249459,17.004608128163063,0,0
3418.1186412371044,49,22.595966209513247,36319.158095035455,20,41687.515388578446,7.468898376046562,1,0
1500.0,39,20.002317309120816,7567.066137247079,19,12932.114303573728,20.34392964861448,0,0
2595.2986162829757,59,34.23375152872862,46214.90142838929,56,13233.577997132785,20.929016318053957,1,0
1500.0,60,37.921842468861584,14272.183811245222,22,5497.440508607103,11.846807137423191,0,0
2854.1703669136787,74,45.6074750440218,12275.088378406861,27,46813.46851660748,15.919907344235249,2,0
2165.47969654411,62,20.203001736540102,19727.811817975886,57,30213.98414277921,0.8051994149747013,3,1
1500.0,26,2.014307626775075,23593.58580288302,35,31599.011708057547,5.53944712605032,0,0
4190.631195765702,48,11.109605263515666,5744.163064059622,22,19198.631491120275,23.278449080267933,0,0
1500.0,24,0.12141739583970268,18828.630037235864,21,31799.45474730923,0.19456663754213754,1,1
1500.0,26,4.191945339717337,15473.178818245166,57,21671.668970994604,4.687476313047626,0,0
2465.9022860762116,30,6.060693603244904,9573.83086705306,13,16412.009566027285,9.380072013245062,0,0
4153.682387955228,75,29.93927649533783,61877.819692611614,44,28406.321553731643,21.445682758287127,0,0
1500.0,20,1.9480624499441277,10906.557870537144,36,14639.264630394466,0.8654831657093793,0,0
2284.5490177015017,52,30.989436117464535,13695.036335297491,17,26279.579521346273,12.295246597012767,0,0
2795.731518122527,50,5.174808906563456,42154.39841515778,38,5766.551645106819,10.100822994127167,1,0
3233.136779061921,38,7.377650431117784,38328.596569368136,17,68057.4617613814,9.822834473038416,0,0
2433.3954253318425,48,12.718685383897858,39592.32768994238,30,7393.937052085854,4.983019803996736,1,0
1804.6729956402207,69,18.387178810434037,21129.15287259765,43,21812.173079812186,22.47507174282481,0,0
1500.0,51,26.35036679892913,20390.85027726894,53,14361.308744659565,31.08022910098278,1,0
2315.495854690717,49,16.245167765895197,35240.874947548036,23,29654.96550339743,0.8494650317136109,0,0
1500.0,74,32.037589750411,3000.0,24,33280.59439005645,9.22563128776961,1,0
1500.0,52,29.002461005589467,21289.2484511692,60,37090.81274460399,26.441881281978315,0,0
2807.6634171859478,32,11.282994147815021,32100.04446282807,8,1422.8797874380803,1.8487992587919635,0,0
3630.6397906540033,73,7.271633755116483,7920.72191106262,40,35692.76820189145,14.920449472651,0,0
1500.0,49,22.13135210659266,14468.737007652235,10,30660.39490939663,14.100006645375029,0,0
1500.0,23,2.1771806445101776,3602.680988590824,40,12247.60800982414,4.715811288205523,0,0
3104.273046831953,79,17.97358308681253,41942.15110424551,56,50369.637683068715,11.193572425517736,0,0
6847.387751250803,62,2.200828119696199,70463.2431615437,32,169859.5879484084,40.61572213618992,4,1
2233.748822250791,38,9.74499120690902,38444.49284636286,42,36118.115116456014,14.370490254257051,1,0
1500.0,50,11.373973783185004,6169.951975080131,51,4169.676660872585,21.476637175781505,0,0
1997.0112311126977,49,7.796904229968425,22571.35662003709,26,42083.61462752286,22.429818245550994,4,0
4704.063697074358,69,35.428258209444834,21624.09294617771,21,113680.45395686803,1.5935775674362098,3,1
1548.0010020700017,36,13.850736971680567,17707.745600869923,33,27574.09375384905,1.7802046992513478,0,0
1500.0,50,7.833264608941594,19927.56741020184,30,15715.053744115134,10.71492891968731,0,0
1693.3956675969357,45,1.335080790342376,22486.895041140502,38,40150.4187019529,1.9971233950142966,0,0
1500.0,48,25.46258101695705,22284.386762406553,22,36321.45056434494,29.62769128486266,1,0
2362.483496646723,38,0.19919482408606637,36642.95505752644,48,55229.94684886965,11.608244162903551,0,1
5396.863077362209,71,49.666962177838016,12486.286826423455,35,55563.269203085416,25.829214570578156,1,0
2637.781759206625,51,20.711455841429295,18030.667132031773,46,52076.912437512925,25.921888901668446,1,0
1922.1614246036568,32,4.505852892818484,24375.088269008666,58,31435.958217680396,13.677428895367857,1,1
1880.8964966759622,31,3.2042128244975707,17823.312917837655,9,8450.240957337948,12.41669000110207,0,0
1500.0,36,0.1621019567605544,6362.236642247183,7,20081.808812893276,14.275167926196529,0,0
3589.2924661867046,60,9.88979951445684,37314.50950139326,14,67092.04265252377,15.841317952356812,0,0
2115.802689374533,79,8.401426392545607,16770.711337159017,59,47389.340073276515,4.023528986252309,3,1
1999.66720365757,32,8.570327090124039,15258.761987596357,36,43122.741780761244,1.3772776882071363,1,1
12787.317805698593,23,0.8327279429690065,188815.14600202534,30,49441.68483061136,0.005761703972937404,0,0
2602.7246031303753,69,26.960121714367585,20637.450201349802,42,31755.403444316224,0.09704500446765085,1,0
1500.0,26,4.7209313787557665,3000.0,41,17935.073604779438,7.491374391467695,0,0
1746.7344970588558,54,10.729501140488923,3470.8955270021556,60,39246.375745060526,33.37261089146997,1,0
4153.244604066333,37,0.6662340313556554,64608.49068470072,10,201.15296797751617,12.68352219439124,5,0
2350.301098133012,51,1.2293780602684712,40731.220455011135,29,43404.98096725725,23.98033189926998,0,1
1500.0,55,0.9748512911749514,19054.438079620544,29,23199.05687048495,18.988712896051396,1,0
3661.308638589791,43,18.478116678413656,26340.409946476226,34,84353.93989548205,5.946056402208311,0,0
1529.2317329592236,35,5.406164981843069,25929.9673200996,55,17468.31278667351,15.544545834849755,0,1
6187.669354456848,45,21.500105021126917,75908.17722976829,50,101736.46064578305,7.49766961870245,0,1
3999.9071852409543,78,25.90396943057095,61413.25629834222,36,97272.4459101232,44.38027565697807,0,0
1726.7096798543264,72,24.461897444818046,24207.58765408485,42,32112.645707673943,13.253526975089502,1,0
4467.387205629787,68,25.644130125478686,33261.343389002875,24,7525.757597295284,43.50742090245889,0,0
2292.3219407821102,26,5.704251651000831,20947.094428668093,28,9601.020867794996,5.209915475403848,0,1
3529.902472353557,49,8.478588840720919,14699.384454457178,40,72491.05698137928,19.92354563725869,0,0
2883.047142836908,76,7.05206627294456,17195.184247880625,59,24130.783195966105,5.647299731031357,0,0
1500.0,70,28.914981429955997,21342.204362806304,55,26471.92914743531,21.812382964798484,0,0
1550.0579436667886,73,17.98376927835066,25107.269176349633,11,27119.183425903724,28.86996791522796,0,0
3891.2217025975488,76,25.66449619274617,51814.83577028884,11,96667.72606226815,17.054104727844383,1,0
1836.971493887148,23,3.234733541686527,16363.65544178113,42,21578.569976876803,4.404873059167328,0,0
1768.6880662254432,31,6.423634634836518,4369.8225632829635,35,32624.882272544386,10.889709239645883,0,0
1500.0,45,16.747528061722758,3000.0,6,1828.2328982288377,13.32776463324831,0,0
2787.720417197745,75,31.01940012047679,20527.475742753293,13,32239.360829961686,19.38177855071455,0,0
6866.355198120195,41,17.01531655453028,61007.354582363776,33,32045.544891205383,18.43547225612982,0,0
1500.0,78,42.3561970626972,17032.57586643907,30,31521.433189244133,11.813486852474327,1,0
2237.9615342538227,30,6.41027870170343,3000.0,38,46992.063483781385,0.8581957811235932,0,0
4801.680815412802,60,28.51392687610769,85591.34888277127,58,28373.66260871744,1.9198404150218042,0,0
2113.7042052612014,29,9.60915562499874,15191.109726517458,43,16819.016665362105,0.4255158698780025,1,0
2832.1870119808655,68,21.61356438940843,43665.55277169372,57,49738.71143384258,24.444432823508922,0,0
1500.0,36,7.429735309478286,15141.650994467811,19,27684.972127960013,4.595645449788483,0,0
2794.948342938012,38,15.284912417047602,8992.664477067166,16,45951.15891483098,13.80750242723895,1,0
1992.3510534068093,44,15.146399763091845,29005.870722210166,7,49644.14027500413,17.001180925053138,0,0
3797.7022722140805,75,4.047386472687547,49624.80449235297,58,82475.00519975214,30.895140407209418,0,0
4243.154800864411,36,16.058016282439464,42289.03505144633,35,44241.1348027051,6.351179065703333,1,0
9175.204881757516,41,0.7080113514657231,89434.41548575256,35,75001.96029280395,19.560493634671797,1,0
3037.5247788677575,43,18.709908905243577,7554.7897708062055,9,45323.64746997678,17.742568832501338,0,0
2641.7265381915786,62,33.386942278989764,32095.47727056658,18,53999.29017402723,11.947149457392976,0,0
2457.5282954399636,45,25.733999302612123,40527.51111936937,12,29204.250919007547,13.545593882464768,0,0
1818.4841327967154,63,2.436048378104434,4701.079035951893,43,33537.05751011956,7.032204397091847,0,0
2660.225343805515,73,32.827127343147005,14577.222613591457,8,1274.2505670572218,18.082696010604895,0,0
1877.1861848035778,35,7.2732897006599,30671.78724192514,14,43449.356515856234,16.951383108680073,0,0
2422.737884665841,61,14.217217058960307,14133.880848770994,19,46869.96777054387,9.625301471489427,0,0
4558.179747265663,53,3.1611496104675565,55231.65738777795,57,44919.73175152912,24.440582450134848,0,0
1500.0,59,23.068818906523678,15137.863206050177,16,14400.462206973454,9.77516447685816,1,0
4133.720833706249,46,13.413140318889182,46039.60219052272,42,10632.633517588152,26.26776709216272,0,0
4556.970360334148,34,1.6728713304163882,36767.51127127254,19,92979.70823022554,4.9621255198458805,0,0
2069.4999978603846,21,1.83746852129125,12623.649908234043,24,39766.96919407929,1.0400672239401278,0,1
1500.0,61,31.731984170876355,3000.0,13,23634.36403258561,25.53597024184605,0,0
1580.8183059351209,62,33.760245246360526,21582.55817704674,12,4009.6062105221613,25.87691792905713,0,0
4506.819624085787,78,54.322391295745646,61669.46679000961,12,29558.130371565385,34.74458338783079,1,0
2180.746581507583,76,23.749303029549075,27046.35528320651,60,25019.404219404234,33.248770767561965,0,0
1500.0,46,26.686037521419834,17912.661597050326,8,9973.947891158474,8.741233024165844,1,0
1673.000154480906,21,2.596288215248058,8604.559750501458,8,18150.961011887313,1.3032306700156253,0,0
3506.385502724166,27,2.668514139215451,4838.334683620905,23,19807.356118076765,5.3409009882687934,0,1
2983.055716982436,42,3.8227928963870035,43994.58821452656,50,26071.94453846195,16.11048296801078,0,0
1936.4028801863246,48,13.061681883840402,18104.118156748507,38,31577.739103326836,7.593870405707845,1,0
1804.874922770372,20,0.8037974159119332,11219.550529503564,42,40265.003418888446,1.4029501234058817,0,1
1780.2926110850622,64,26.483088045235398,4865.259159164487,33,17136.68192099617,42.47070750518129,0,0
1500.0,19,0.583386232327748,3099.4005679854045,41,25946.558668528407,0.7579277033437887,0,1
5369.320424961208,74,41.99927112527861,37213.33307867099,21,18093.68179643067,4.717036958072416,1,0
1849.598267768483,42,12.237358756934643,27153.083044802937,20,25007.399875501756,11.259029282160505,4,1
4313.207847642084,66,5.031486765156746,71678.1981001533,34,99387.54747166493,20.892664105875575,1,0
5098.613038837595,23,4.291456677765531,82825.81244243441,23,3560.8464214208125,1.682516560091318,0,0
3824.0715852238004,43,7.744114579629676,63632.60544454545,54,25578.962609923365,12.283003497575082,1,1
1741.685894494435,25,6.799082222146144,28618.217139953882,51,5769.052968060765,3.077436413799151,0,0
2757.4222356187843,52,4.0072436951121855,27471.703540554656,51,36751.025546234945,0.20979622369025397,0,0
2179.154892181403,44,24.914530478045084,10307.546149281921,24,37026.155012881296,6.150437230393817,0,0
1500.0,42,2.1842833651804074,21850.18786233892,34,2166.7197023666,5.130771486776335,0,0
2639.6394238755342,35,3.927614345100011,12229.767718723535,11,4638.138190176263,5.937412201127593,1,0
1500.0,71,2.4687369305867044,8313.785557292511,50,32611.09472808395,9.246207311388167,0,1
4243.839426714175,18,0.0,21072.035512548307,55,48404.505591618436,0.0,0,0
1710.3622796222523,78,51.017924194307504,16684.072404780843,52,19795.37383281815,11.796771302100769,1,0
2466.7032234454673,65,20.40134084535108,15962.203403945028,60,58249.98762616449,40.14677896171486,1,0
2580.6803103800294,56,35.28383885161233,9343.747504279481,32,20658.965910129307,30.287494952852107,0,0
1915.2477458781523,20,1.1805981435111992,16670.216791446535,12,42950.56294947377,0.8841923948514896,1,1
3049.3434703613198,72,34.020385314112254,48351.68011930899,32,74270.93359605412,47.402011834853226,0,0
1700.7132295573717,21,2.5362576051023096,18196.60863533485,24,10276.312986283527,0.6979968543623517,0,0
3566.0489086615626,58,11.872008202073555,56813.24029849994,22,45827.19193110086,23.36836564796927,0,0
1500.0,54,12.753565967794529,6494.740719518004,46,20038.35573375969,5.145295519670795,1,0
2367.3081069639447,68,45.29759595973222,9087.044388499526,16,51262.169825975136,41.670034477469486,1,0
6415.106954544922,32,12.613488944542693,69185.71692760843,10,48740.07998114525,1.8281418048859353,0,0
1500.0,25,6.835379433406096,13314.886989429962,7,29926.591625753055,0.2230211128491023,0,0
1521.1779277873065,55,33.36801770834183,18593.258794827936,52,36926.875283261106,10.117436512523225,0,0
2929.6824500418697,67,6.241229765634683,42505.75323811412,17,61547.98859179756,44.14581937800415,2,0
2437.6018340394235,36,14.827037150465772,33571.198544791485,47,55403.0505588304,2.3302274746759783,0,0
2678.0563145116303,73,22.541116296027674,45576.34057711427,47,47425.32696647935,18.18686477825468,0,0
2890.1188984177434,64,45.576862373513144,22457.261265269102,57,65313.49065276597,14.555089678560863,0,0
3130.9658296502826,43,11.807024108220027,14116.193070072484,16,12903.542657106897,20.041156852422276,1,0
4065.674403234359,56,21.045771135084383,42142.808520358914,15,72405.73927466366,16.017965191640933,1,0
2766.671525474617,27,4.767974237311186,7975.298759152444,33,50621.605953481536,5.50410344653215,1,0
1933.9276967242265,55,11.904270104756279,11430.419886620333,12,21233.604907719757,14.962171215816392,1,0
3196.8317993903524,31,0.9752871556079362,14494.745277627218,19,6372.761702110578,7.168941196779296,0,0
6278.805687285096,66,42.99125905929209,48607.89653402437,18,97705.08335093808,2.997154752836723,1,0
2052.987728168925,58,32.10703250105147,5934.534210193884,10,2662.766480417564,14.961177525605397,2,0
1500.0,36,2.511482050074047,3000.0,56,14340.093605870607,15.391905079319168,0,0
4059.8218328883627,47,22.526279869152113,49389.75470791048,47,39955.77476384794,20.04095933228501,1,0
2066.869370025078,22,2.50338666420244,23509.053032402117,13,51616.05839428698,3.92731617658648,0,1
1500.0,72,22.093764547551604,19563.15286898586,55,11242.576264841644,42.54765501831173,1,0
3519.5271332834964,48,7.620634472866882,43031.74304807093,6,72190.24740329289,13.545291446753222,1,0
1645.1214622790565,24,5.158372701013395,4841.608222797556,10,2186.8470134564977,4.057682746197257,0,0
2101.0798266745355,36,12.603388667292954,12497.939242373666,16,27827.015618813653,13.966446162389204,0,0
2650.7268961823775,48,16.432197284074107,8487.50126296355,57,35565.576682642204,8.090509797640234,0,0
2452.2832881318604,69,31.08799522882167,37594.80456443293,48,38546.81893510352,3.060912421394798,1,0
3262.335077601527,75,5.190772378684316,44685.384983338656,53,66062.70970146888,23.133294275917255,0,0
1737.9864269008506,56,18.00895091462529,7692.256754241379,15,33105.31239433067,5.497580159895579,0,0
2928.390369165247,41,4.455106734071146,19919.664146046303,20,55713.2218466249,6.376545754537543,1,0
1914.5719031000124,51,6.8766614072912375,33375.688293273124,44,20691.44551344604,31.245901350646395,0,0
3315.440466352908,74,37.03302188806454,36803.74010215266,52,60297.209777181546,47.43662522046104,0,0
3097.8144205822764,40,20.04763534035434,45288.94758222772,34,38050.122887549005,13.034204360488527,0,0
1500.0,65,18.976560692482288,8247.071386602594,30,2510.6691879375826,18.859065207021498,3,0
4012.9831198700867,62,9.140968012536376,18342.943110172586,53,89307.11168091808,11.630535849145467,0,0
1644.5467695184468,57,25.301130552229516,23560.743668910472,11,36597.87973635896,22.286872909028002,0,0
3444.1478317308447,23,4.355935231751589,43602.332033728526,16,27801.054929973296,2.665801248364463,0,0
2702.7039730941733,55,27.687795641532162,33990.89380588548,22,61750.20600379422,28.88888991011672,0,0
6069.314967433242,58,34.75028922146349,63089.24173072457,20,115011.09674935964,37.12080755056229,0,0
1952.9448848108332,53,18.779413485377976,20663.781393976496,21,19568.56784094685,11.512805546550664,1,0
1822.3383482340987,44,19.548782353598963,24614.064550769774,7,15102.884116615824,5.3637248796766475,0,0
2184.8866216137158,28,1.4006455935893647,12213.608371285276,41,53264.405951324436,4.027996159457051,0,0
1869.1725390646488,22,1.393098461452766,13078.719732537025,24,33300.56875111748,1.7501652096528164,0,1
3428.8083023308714,74,21.814753210965257,54236.290023723435,43,32471.667948126826,2.2327362111242968,0,0
1500.0,34,8.180731939936553,9376.062625810024,55,24074.39579928019,13.787144515192363,1,0
1500.0,69,47.38289437309801,15430.894070172124,26,21432.232463901335,50.77520927204226,1,0
1500.0,24,5.245779361333046,19417.306332170443,16,19670.250851398527,5.539252156269135,1,0
3724.4302853465124,44,3.497662799518798,67034.98552351147,46,60028.681923880846,22.37728946665967,0,0
5658.065650486129,64,7.948323986593307,47527.48347218397,8,76048.12565814736,45.65961395913889,0,0
2085.0600396309887,74,20.027870776979036,17259.24899475393,39,34131.93002018285,50.83727219059363,1,0
2012.530274170168,32,4.070414122469435,30840.01885283219,23,45662.73018400414,9.637146690406441,0,1
2295.093103652867,63,27.664692892031802,33723.07190925135,20,56990.88946225495,7.504049194747545,0,0
4184.042094137644,30,10.833312573174538,56184.530568302114,30,74192.1533726841,1.8762014800424138,0,0
1500.0,28,9.622915416725867,13312.355753930236,59,34793.28006564122,0.4877974656335271,0,1
2517.704721130416,77,38.562574199578364,16382.616608317361,55,54030.58872169681,24.298021164069368,0,0
3775.7665337958156,62,36.879004861647815,42848.97766596503,56,27849.80833789777,35.58825939196016,0,0
2909.1080276385023,43,13.130055005769927,46242.587700541226,20,67848.25256296348,12.257398619972761,1,0
2451.0453576482173,39,4.374865884060834,39276.082171965274,35,4338.901771467256,7.692755819943231,0,0
3829.828683095256,45,14.16658712652389,10893.839941420498,22,31588.601335289703,2.9493683333662433,0,0
1500.0,41,12.766899833065976,12422.932237235342,23,23997.93506643,1.190326109083528,0,0
3206.1670131374713,46,20.788811797979584,28535.762519304975,36,42234.473033540664,11.177016015861003,0,0
1541.11024548043,26,1.7590639176587928,27153.53224898995,55,20897.93239662216,0.7994030414698594,2,1
1500.0,59,15.100725665556,18788.949388685905,48,29808.312367546798,4.245475082257294,0,0
2925.3266532012444,21,1.0920824076436988,23177.9162334379,23,14239.296781705632,1.1860452749119388,0,0
4700.9138258914845,66,46.05310059557591,6783.343726445512,60,115416.30857188642,24.136485912130375,1,0
2047.55835709502,63,19.97752321470235,21727.763219251465,40,22393.03122955736,8.400729913853178,0,0
3729.6922441445076,73,41.530168201398055,9821.367204323398,18,88565.57644745815,37.65496274432403,0,0
5360.181105822517,35,12.763793483365463,81397.83032303055,19,51339.26045541955,7.117764011607785,1,0
4551.458224366776,60,11.152855761736138,62777.43141728834,41,68475.17208147657,3.8607465850260745,0,0
5442.427604594484,33,8.578045340575981,48049.31959349358,23,61269.68955486483,9.555511868440728,2,0
3321.494529441676,50,28.61769258619674,27557.055885269277,10,56127.87372478956,11.422234198244443,0,0
2301.896210026392,46,13.305536144794583,37416.77599720617,19,10567.12671591452,1.4650013581354542,0,0
1500.0,56,35.91446527901675,8855.687935662274,30,15023.569981518185,36.0233000273533,0,0
1928.8237333772468,77,12.653035530125534,10094.189154313364,49,3297.3782808945307,33.70062046923451,2,0
1500.0,27,0.6674319519662766,25449.534537056934,44,22428.803137125506,4.299483321275735,1,1
7288.2482020513335,26,7.131630985157995,107553.98495256498,17,175406.57897224743,6.873099158830677,0,0
2004.7262628481908,76,49.16550948180856,29971.930795430206,45,2300.749914296244,54.33094490019604,1,0
2363.17809785602,48,29.77769627801534,10204.899792331349,58,38970.580664758294,6.609656044986341,0,0
2990.8621126716475,45,18.343624179035505,10276.697491036195,58,57955.27832632057,21.873901545225735,0,0
2261.9472707453024,77,55.264587673361824,3262.864246594454,33,12051.000461035497,49.03371567968164,0,0
5609.843335757703,74,46.30914540471021,28215.86073054963,40,38297.60012050719,3.0465565019455445,0,0
1567.9790675524985,20,1.6888526662401737,22204.525317758533,59,7901.873090971761,1.4238882303565454,0,0
2457.8299374889275,71,30.164503234076218,12487.381337851459,6,18274.742055263647,3.337297735377582,0,0
1500.0,72,20.647688287502387,20092.133731669343,8,4128.095969751532,32.112355305054635,0,0
1500.0,31,12.149254943062664,7923.660766869249,48,13888.045173203338,8.700078102802763,0,0
1577.3902186331875,75,24.630679010105986,12177.409054663156,55,14548.632601428479,20.922345236005278,0,0
2163.8184948780317,42,12.931664813992057,38329.359183286055,12,43669.50632289831,21.138899919783793,0,0
1743.9078704827675,32,6.2456002997526285,9001.702655022347,14,34919.93776261783,11.207163897544612,1,0
1508.9486983450836,19,0.5648183139601971,11163.656157014824,41,30055.367050169578,0.9259597136213963,1,0
1500.0,41,10.821616816823525,9177.723101862948,28,21263.846745709885,7.242459112512582,0,0
2109.6807992592376,31,0.6235782615331864,6041.334188510095,29,17187.60569828295,0.2798614008035414,3,0
1500.0,65,41.45626474236184,13992.300624336038,15,15411.169365016267,38.138679548884944,0,0
3354.4086683602004,24,2.666362913494619,24949.22381145225,55,26646.039167226947,1.3378641359786445,0,0
2310.7833627779187,53,20.613027697757204,29608.253149953733,60,33617.73302914151,16.350461419846948,0,0
1500.0,67,6.8202023351413645,22348.66094726443,53,35174.21704926249,40.048737421337506,0,0
1862.9844198352473,41,0.07792050360070013,19099.772976122902,17,13250.32690472571,4.971109109531687,0,1
1500.0,44,6.377542434734717,3000.0,24,17206.943161729865,8.109627832444417,0,0
2632.122886435674,54,25.36509715680061,30326.477765561438,37,43108.70662778094,15.806879508160408,0,0
4615.833536769641,55,3.6701976141765082,8962.298154135311,29,97474.27755511811,10.057519456121318,0,0
1500.0,47,26.35773577120757,17217.086251775134,27,9500.022024036181,13.37832126708203,0,0
2352.5716866405237,44,5.590586803260799,29749.466760215804,8,16485.055068158177,0.2495127568576938,2,1
2022.1709933284776,56,7.774557343087481,8820.810313116552,45,44748.90159055293,8.063142964550437,1,0
3194.663505100342,80,11.253493620532723,47692.76257432164,32,6409.942172665232,51.618308299104484,0,0
2483.087800488328,32,0.19574398159910644,40942.26218259132,24,37584.48910530125,5.788747419182011,0,1
1500.0,43,19.295136711955866,22233.717584902402,14,32267.078103599517,15.910144193548492,4,1
1852.9242307077425,18,0.0,11463.775827152682,56,42697.98691513884,0.0,5,1
1500.0,73,33.778948643890935,16459.39681736368,54,475.77203373257856,35.743326544676634,0,0
3991.027223424208,21,0.5645999450395869,66058.91402541636,18,36883.67449382525,2.9999216029387705,0,0
2234.3852354432715,46,7.987783914344632,14414.690242039782,7,14370.715992708443,16.66805390311054,3,0
6283.326880077523,74,26.651895052437943,93875.87546695776,41,89228.360845206,35.188079507946895,2,0
2135.885411633248,18,0.0,3000.0,34,33793.032615480835,0.0,0,1
1500.0,60,10.388757616345197,3000.0,16,37491.54291020733,16.942021809971354,0,0
1500.0,67,35.850649292074515,20872.64733864367,39,19228.59363370971,42.17552002566159,1,0
1500.0,63,19.775170048181415,20916.91334424159,9,20680.007952647615,37.54223881462495,0,0
1500.0,39,6.254794315560458,21618.91829023349,9,15536.75654271157,10.97038131758776,0,0
2557.8431378068003,28,4.5591593702211375,42998.51014736949,57,9443.380235391589,9.034541497377726,1,0
2921.343121946684,27,0.6408604578710928,8776.904604141584,6,22152.88379001696,1.2864331638514623,1,0
1500.0,76,46.32386751396102,7415.617117084053,30,9261.934414163694,38.17498547036846,0,0
3612.9181361073865,79,14.841417606960995,59119.348768909855,31,72368.52884696968,15.18189816663392,1,0
1693.0999567242338,34,11.606593971087527,6794.436135956003,16,23103.043992739906,10.328982481683786,0,0
2394.036557794203,53,2.3921930006868153,30159.827283177794,28,17727.459473032664,3.058989118681853,1,0
5360.011210321134,73,52.53042058911274,53695.90086727009,7,65538.58605994208,51.89850023077163,0,0
3616.4986887900905,64,8.878689328662137,8731.285684024833,24,19788.114068419167,36.171273821162664,0,0
1905.1349856355594,43,22.06855190517701,11144.053288056157,34,8817.30528370149,5.024039122397269,0,0
1500.0,65,38.04524085192542,14769.49151924468,45,32247.83389657072,29.951998722885754,1,0
1500.0,38,19.35719848162832,23234.927975437768,60,35430.407042480205,15.182912810749423,0,0
1500.0,30,5.734687931348995,19542.23148517418,57,3000.5477935120457,2.5133498619523307,0,0
1966.2400002133002,26,5.819178350767612,22753.356307913822,9,37598.574358534424,0.7466424617118168,0,0
1500.0,28,3.7071065703778405,14148.838693506077,21,16999.18261602338,3.5177976609569983,0,0
2054.542897947164,28,1.8436823801969382,12486.746878437385,52,19978.97307881809,1.35754341195232,0,0
2303.692468347862,23,2.2153796646672443,6973.653737962703,42,39704.7910349788,2.8285585255211467,2,1
1951.452429615413,18,0.0,15522.42359598999,32,12989.535028495138,0.0,0,1
1544.566520249521,71,52.04836500767835,3000.0,10,794.7268265827137,24.508489919347987,0,0
2422.9959990613224,23,0.48123245570358186,11116.584778683766,20,12963.201101390634,2.7143173867060373,1,0
2815.9849062388944,30,7.070540681431445,23519.71810340199,28,13018.655619952233,11.784625751311218,2,0
1500.0,39,13.155740960335175,12174.432234633834,54,1276.8518082585945,16.645348994423287,0,0
4798.280045653382,73,29.59437485807298,8411.492050983627,8,38544.03372699782,34.62093222405679,0,0
2091.792279020403,48,19.865576571355007,23039.04745640762,23,24814.855116424053,10.911168434380084,4,0
2231.3616703677585,39,2.43979627524971,23082.61611873186,48,41047.49876388275,0.5684564158762676,3,1
3260.115596532378,54,19.98066687139048,7588.809611345414,31,26542.339160645555,4.194993985875062,2,0
2510.579475453937,64,13.21177827185863,42764.63810118622,11,12210.219952742176,33.61989352481165,1,0
3730.2299094190807,44,24.444577645827472,10032.4803563217,49,21506.619024328145,9.599302134289994,0,0
2586.131195062348,67,37.34151101854656,40168.256702094186,59,57617.52111861644,16.387434356289596,0,0
1576.810545845929,69,49.59823859014688,3000.0,22,8070.132394719292,45.33789628813331,0,0
2694.120106297132,31,0.4882289066224641,43102.63114494664,51,59219.499015758556,6.298615576679024,0,0
1500.0,64,13.116126058312599,3000.0,43,16766.21233079233,41.38054464100304,0,0
2344.2196137409223,75,11.139087438385893,32544.342701477035,47,54760.995514985334,50.53839509292538,0,0
2168.353721979244,22,0.044618349247322,15501.005209085371,53,22122.202566668853,0.32072516685821784,0,0
1969.5014694231143,75,13.812566624040322,26686.125703985406,55,8748.66998054918,53.88568977071154,1,0
2057.6181782875965,53,23.75715942321501,16110.468219567045,32,28242.349069230015,2.6934209262645097,0,0
1500.0,49,7.163756586171625,3308.152019461964,25,22038.99760684004,29.868689572663595,0,0
1633.044430896116,51,16.797113700926403,22940.37751894109,11,25944.55669011165,14.936292280779881,0,0
2324.0454989174864,24,5.326908689789992,5139.151703234826,56,23908.42740946052,4.565164054527457,0,0
2411.299313890992,59,28.444074734312085,40210.94168137949,40,2929.809492798713,28.95191905478399,0,0
1500.0,65,18.547566285583503,3000.0,17,23501.9971106067,24.36926379325284,0,0
4429.9311115388955,27,3.352220450208975,40527.35644083891,53,103331.48270977983,5.575093369520789,1,1
1500.0,67,22.331054886415753,19937.37798669529,8,35908.44856896489,46.54599089346054,2,0
3763.864346320339,34,2.832663056958502,28926.01226482388,53,56164.888873309326,14.837623850611845,0,1
2793.2383454735423,47,18.386022255063654,13108.58115505824,9,1388.729528185994,18.97545545751352,0,0
1547.7769886408107,38,7.28305638209211,21521.13686831882,57,4103.098014205524,13.154373578690503,0,0
5863.025175606118,77,50.289555606460574,84034.79836321092,50,122242.68622008064,14.569382910118446,0,0
1500.0,30,9.078631920693795,25028.722090836367,9,31115.41641200033,9.943481936617486,0,1
3661.1580940526496,18,0.0,27073.557052886783,9,86587.81725820951,0.0,0,1
3828.851910339866,18,0.0,36781.0215629702,44,53965.21939985883,0.0,0,1
1527.1505387580453,64,9.656864256980281,10954.53108998078,26,32979.43798713638,30.261210873246924,0,0
4749.791090125964,50,24.836859651379932,25508.235186796606,49,97951.01424912947,9.57824083301168,1,0
1924.6018939002433,55,17.9971366626702,26497.072716565675,7,28360.009998259833,7.010811901040091,0,0
2588.3645208393855,42,5.39400091625658,17533.791867191314,21,50708.49100831655,1.8471802613557307,2,0
2548.287926589409,43,4.879365376000155,21096.104841276163,12,8008.666570652786,14.649873306503173,0,0
2051.097289685103,30,1.9848108540163083,16126.65435587367,24,32776.676054901516,3.40861629010482,0,0
3449.361947741862,76,45.07534937992451,45239.212675150215,48,82219.93619569011,36.56955184626723,1,0
3416.6601763908457,45,6.182654003108416,56725.1881949579,38,13833.843379645177,1.5837240118618312,1,0
1500.0,50,16.85255243280632,18502.27956333812,14,27901.600567500045,12.021218080180066,0,0
4525.064605917737,54,16.25566899503003,40802.073749915544,42,36289.41144099124,9.379915753311922,0,1
1500.0,80,35.9358757521536,21369.730425841528,22,30641.397139418626,22.96071283606901,0,0
3896.7588106347785,58,35.08619601484777,46357.83993946683,32,67921.57121971152,2.1713371902634826,0,0
4103.878681005537,47,25.164674312370188,8332.417072212296,38,95022.66976719881,21.00126114616995,0,0
1500.0,74,25.260260022192142,3939.421453680462,54,26697.578238521073,6.5350506560065025,0,0
1761.7310250290777,66,0.7375800352667188,3000.0,17,18071.422626105323,0.6913260647113564,2,1
1500.0,65,20.04285886857225,13148.816318261157,50,408.4700433872171,44.47558776529868,0,0
1962.1447876316784,25,4.243354761968983,29509.692983742327,16,38895.44390059915,1.3501346765553492,5,1
1864.188550250721,66,26.772708436706964,11786.171563127686,18,19036.39285043874,39.746942325382115,0,0
3390.7733213376428,64,29.961460866809453,25534.97502049055,36,56849.20492863652,44.36564758882772,0,0
4539.943338113568,73,8.474165286019591,74732.51050624071,18,11924.896790069823,29.376665976281906,0,0
4758.206525812644,18,0.0,72454.91692048611,43,105985.31944056529,0.0,0,1
1621.0146922371662,29,2.0091678061814946,19947.91163292147,31,17655.19225959069,4.041589694817507,1,1
1968.3048507269496,22,3.002095922786996,10895.874884963014,36,45255.842520727674,1.7023794591015795,1,1
1500.0,41,7.79901510504164,4484.557808555309,27,26513.153767293414,11.087734129926822,0,0
1500.0,23,3.549477166907268,3000.0,11,4554.834828676996,0.7604720186031461,0,0
3754.342309294355,42,1.14877437374657,10584.172136276356,25,54362.55877791328,8.75368137456862,0,0
5369.932152887682,18,0.0,32080.72401031325,26,122157.15622556765,0.0,0,1
1500.0,42,16.920828534319988,15570.64662127714,15,29998.895995628674,4.377554869955339,4,1
1594.227636449144,18,0.0,3328.7495476502295,24,16658.897931308373,0.0,0,0
2176.5075583016614,49,24.6538983887139,7217.020974034369,40,51967.62198219873,20.199184608313914,0,0
2576.246148885557,59,25.86196905730221,10506.890002177084,31,17297.95878680811,2.3492087865890237,0,0
1500.0,59,24.09003265814173,17615.54337107431,12,14066.538874436843,0.919583605944898,1,0
2788.428834555723,20,0.7070977084086743,31978.891370080393,42,52263.11546170036,0.705056925156698,0,1
1701.7090679301361,66,23.157670578293644,17634.84059276469,13,9908.394924397422,33.224173302328374,1,0
2190.8639681475197,36,10.752287417601355,11520.711238858727,10,28227.8839084375,5.9475226924919085,0,0
2982.318617113056,77,27.87526472097854,21797.8704101939,49,54337.03923995914,39.396264735429135,0,0
2216.162218309073,60,29.329159605503524,5858.923854503442,41,35678.42582833912,27.949242007175226,0,0
1737.1267951522275,46,12.143514126994868,8424.770103338189,56,6747.431024500859,22.583529433479523,6,0
2079.1503586811036,67,9.911385905359488,33809.040800057344,33,32728.96180311111,4.874795120488393,0,0
2103.5893362935685,19,0.21393378280104725,37138.3642174665,55,30118.694029436854,0.5771288911874637,0,0
1801.7143973398433,26,0.04643015074352874,21638.973597735538,8,25126.926318862374,0.499976956586516,0,0
1915.3624747042443,73,16.552674355726985,31768.19427580424,44,39554.49458571146,9.677092715033579,0,0
5320.145564862355,34,11.982682247656314,63451.31356798369,13,24458.840215807013,5.20801444569828,0,0
3006.421248433864,77,46.85559982141896,4703.065808847875,20,56488.098826189766,41.73596518533849,0,0
1877.1047179307209,63,9.11103939430875,33684.576483822486,58,35708.44544716894,43.82450887518367,0,0
3239.9880563922916,53,33.56653989049927,8690.26074187959,32,58534.06483120927,11.988228503506873,0,0
1837.9374681104625,78,30.144167608807603,23167.03751907356,54,23248.453025481827,31.268669124161054,0,0
4210.002627024932,34,14.671659984296042,22305.500972606813,56,41630.47917665066,4.144889526758966,2,1
2706.2067381200436,66,33.92473352935829,20739.4995305184,41,26701.949749282743,32.42350178926151,0,0
2081.790918617615,29,7.946767653246544,24941.689557653124,21,38190.90791718569,4.032444547454911,3,1
2824.945380890706,77,5.017573657058197,23786.845042039306,31,35163.2747530549,28.414174232858375,1,0
1500.0,37,4.1798314110416825,7888.92450274377,50,12691.264658659758,10.788444641161947,0,0
1500.0,67,0.4319268314291591,10028.377765397281,49,23455.113165199557,33.62587416545655,1,0
1500.0,20,1.432255280953475,10209.476981540996,9,31387.92226886313,0.12010332257950651,0,1
2388.972657559885,60,14.466408113997419,41349.548476993004,17,3673.5675212988294,23.305845939036935,0,0
5726.634270126868,74,44.05254090027542,83473.83358458921,22,139176.82044076975,24.145189477608415,2,1
7534.253840964154,67,16.607874776914286,66266.24216836125,46,18205.00617578995,6.554489237503689,0,0
3136.7048146656975,21,2.4580012568965834,13791.951944062386,49,40129.285676420484,0.6241100049940851,0,1
2908.7085407267996,34,2.091172059973008,43011.86981272306,31,40737.157133485096,14.1422414576022,3,1
1500.0,67,8.495284681117901,5508.153026013524,36,5182.901451050556,42.717024445911605,0,0
1638.4884355199674,54,12.271555425021713,7500.766886838071,20,37504.74439884483,1.1998891592522956,0,0
1500.0,63,18.381932499702298,10833.341491923855,57,17680.015398468524,31.023067105631352,0,0
1569.5336577859578,59,14.296815244562113,25059.047765120285,39,5615.811614130729,22.72167983863152,0,0
2013.28078102134,32,10.691058455325077,6523.781422671334,34,35816.889354745814,13.15742180406148,0,0
1703.3465984969066,50,3.1024445640548706,5242.868941016029,14,28250.188372426674,29.056182752717305,0,1
1500.0,33,5.268255294577321,14096.362201784283,19,36107.458866804285,8.69342869278543,1,0
3332.0754292633596,28,8.372399995154593,18989.428559512962,41,36779.14242776774,1.3895492131850362,0,0
1500.0,72,3.6070421721572874,16002.562512028077,9,10042.348993678475,24.83001127814221,0,0
2518.9206500003793,37,17.90452664575579,21858.749162887165,43,3778.0035333347105,13.77812297165111,0,0
6910.142013020608,55,36.49372316406448,58005.838323659125,42,126649.34627767277,35.214255498325244,1,0
1500.0,41,2.037067997976842,4355.310747418329,29,23147.91334614084,8.3680763323094,1,0
1500.0,78,17.47635133534422,5096.767101370924,22,36472.90630877848,47.080288557213116,0,0
1886.913450196195,71,19.737235299873877,28225.085044887328,18,33594.84197875439,36.21705992393136,0,0
4046.1771439138697,33,11.64587052979089,64981.63138807477,25,94393.41629267127,1.174391657133932,0,0
6483.988438816295,47,17.281877551385282,32352.638776961237,22,160734.6360381549,16.181328658302352,1,0
1500.0,51,21.264068116254723,4393.242788881611,56,16066.167908725718,6.055791506799733,1,0
2902.084563584996,18,0.0,5537.419447591857,32,10904.22095706949,0.0,0,0
1709.7103492932056,41,2.713516987051592,19389.926685596198,60,8371.202504715617,14.031951479634703,0,0
2083.3415647462357,41,19.163817508936035,27418.867943045458,38,16582.108387381144,22.38010610757816,0,0
9455.849662269851,26,5.644958433441152,69384.84824073514,26,120301.04667860431,7.483061320998476,0,0
1500.0,39,12.124176229123776,18831.734621011306,22,4590.749977363356,0.19682950557650503,0,0
2539.0792995842603,29,9.787088682613623,33313.48179032045,27,19152.140068556135,0.8803237318886957,0,0
2856.1540025608324,34,11.204901662140914,48271.341215755405,30,21977.665729157794,12.30614898287298,0,0
4012.551004328622,79,12.30369772049255,8437.800275373707,8,409.8474732999646,41.824227451540686,0,0
2330.6226308647406,42,10.313889145816002,9949.333143000413,32,20635.84199528344,19.222694364405392,0,0
2616.068237026786,45,13.3391574072648,5663.635449604113,32,7596.5520325572215,7.2040029120447375,0,0
1780.3999123621547,78,3.3130576050243388,28051.79740068454,51,19126.452567298456,50.959366125748595,1,0
2560.658722075119,32,13.36492518704078,37062.92753593511,17,12581.587771027434,6.193872607833903,0,0
1828.4872204515182,47,3.7287405631094757,19690.823822370654,20,37580.63452575563,7.59534605555881,0,0
3108.403531410924,68,34.87306336133634,7529.41739871155,43,6257.63227325659,0.5303873792446179,0,0
1802.111505817696,44,13.162006938362884,10175.280391422391,25,39000.415589746226,22.65546490530944,0,0
2717.330426907088,39,0.5382772475728743,16470.384857907662,27,39437.06589985959,11.242220834043621,1,1
2173.090120995922,27,8.322727282779255,22888.363615501232,7,24916.687357084214,8.778438753767933,1,0
4102.400782075029,78,51.11020852913599,22098.591818075456,9,56381.582769132896,42.88088337403557,1,0
2146.7995958083884,75,29.882701890518625,4809.513103904019,50,20185.77316246163,4.583777178917379,0,0
1500.0,48,6.868270084183358,20134.438697259135,18,4785.446437197941,17.645735592064273,0,0
4420.715436313843,44,3.1621951576824503,26897.240078452345,60,84643.41809991396,0.4452380354070349,0,0
1500.0,29,3.9973172737533926,13035.541514094164,37,34796.684628615585,6.135600396342253,1,0
1541.3724714572393,63,11.494272647074073,4886.663695107429,27,36610.20200749427,15.759074839458634,0,0
1591.4268588138227,48,15.200736030188962,23303.774592613,30,26684.70763795875,19.29887504156297,0,0
4702.929781436941,49,29.958688179826297,49917.09378918432,32,48245.87832253103,16.788800393634393,0,0
1500.0,49,17.823558290118882,24490.433468351504,60,17938.498585368616,8.10186002584914,1,0
12403.843875464681,58,35.597242235603915,116881.62639637709,22,203722.49842478274,6.49402436423296,1,0
3947.4743368195795,76,37.75097257475508,67123.78688873118,11,81226.44090645532,23.473266207821474,4,1
2496.840477986474,62,20.91084716983682,40353.33525136941,48,23380.859768524762,43.4207978533826,0,0
2142.670655183846,52,29.05665713293462,23140.45216673762,56,49109.00568904981,14.813753778675236,0,0
2583.8989062572564,70,24.51114172899587,43606.36487399368,21,20947.161661372356,38.93693116675916,0,0
2941.330578315368,78,52.11769023062166,19096.61438107561,13,39035.85224918829,3.4184115363222434,5,0
3149.0892791046554,63,13.120954630909438,22723.56612663268,38,75685.3534458226,17.04895939878316,1,0
2997.6455903127685,38,2.5762614752597623,5315.200853525776,15,70309.69604154506,11.606460743980076,1,0
2319.8768345391272,27,7.697830179266445,25556.726920884612,39,40351.072898494414,6.760768619956339,0,0
1981.21162594729,33,8.811227456890002,26296.04238459211,24,16075.560765340017,7.925754859755901,1,0
2032.0485354933821,24,5.334554389493761,28753.133676520756,19,11127.24546008247,3.0917732748046878,0,0
1983.8614382338098,21,2.8134816209771496,7036.512234240406,8,3974.832804422208,2.291720737791507,0,0
4119.85625955275,44,1.3943381496576785,35227.6723427173,60,72988.85713062962,8.145480650291407,2,1
3060.875292224456,69,25.549434394802287,12263.931304253698,46,38524.99475310216,4.62113656444102,1,0
1500.0,72,20.248085650024578,18384.247395783346,28,21460.788522909646,18.74612543493991,0,0
3167.650507008952,42,15.02060152968281,11673.071920603606,45,37409.33273107311,3.8159096507864314,0,0
2458.003974513867,48,23.807735916069706,40239.448763691114,16,29677.1063300205,28.978326124002997,1,0
2185.7410076107763,28,2.8059021597436895,10755.57025517562,52,31216.40440156289,5.775115474766917,0,0
1783.467622638755,65,26.16952406553907,10618.478243145659,11,40763.91716559292,20.990220272398076,0,0
4098.03142027926,37,13.465843018193091,63377.72576639332,39,3008.6004479347393,17.32898568497478,1,0
3718.7376718942514,53,4.705087899250691,32702.390816162162,6,74526.92228436768,31.512648557848614,0,1
1500.0,71,43.145546015417146,3000.0,40,14644.359770934965,22.03195579093311,0,0
2762.4652261243587,71,32.123808792207576,25989.179670655125,30,51445.68461163635,46.360550199239945,1,0
1500.0,72,51.275021604137194,3655.855052193137,34,35569.737346663365,3.4574003897226646,0,0
1500.0,80,21.050792986102984,26626.29032652642,28,11485.762257237568,54.9145870106179,0,0
1564.4749108881917,34,1.7303350773951784,17205.933456162522,23,3502.64955848448,4.969336456886907,0,0
3548.6282871425788,62,22.286052845624713,19024.389645436404,19,20608.52005415335,24.865380510987336,0,0
3730.2061341454923,28,0.8581077170943885,39477.51961911687,22,20711.301024145498,2.69688583272391,1,0
2928.3575481158573,47,28.116269176396198,6754.96170874184,7,54310.008529627165,28.559187157910845,1,0
3290.525912362504,52,1.3152885807445123,48035.59799645221,36,5088.648746453186,2.4405194334335274,1,1
2933.3431486205354,58,30.140156044292322,49076.52316811045,24,3735.1416876133394,17.878211471226045,0,0
1551.8221849513486,55,19.42878873126303,24620.519604068322,37,26908.930114823506,22.97656172884177,0,0
2800.5116162762365,39,7.741033702464062,19071.145914469504,59,38977.49861262376,12.927857299083099,0,0
3429.690280577517,70,3.423792554450042,22423.514092846384,33,35820.33220223667,38.41543626777188,0,0
3343.79019463493,60,26.131010815291525,5338.325570384781,46,48097.78093881409,30.425443705525808,0,0
4246.720658505664,65,27.505355481374895,51274.08178280977,13,78059.81178500122,37.277707144414265,0,0
3260.27594329343,68,14.044163653379988,32907.20834068482,47,8433.630681386523,11.714370474484582,1,0
2679.2616026639744,44,23.665764236668114,23601.316218010328,46,37059.97624033266,9.633168828449259,0,0
3978.1916314795158,54,10.947960264342129,65360.599302953924,45,81992.2036387634,13.753192175289817,0,1
2176.369297309199,63,20.237643476644777,8387.599559015349,44,19719.492982396936,43.01278474095639,0,0
1500.0,66,26.10059788409547,3000.0,27,28613.17453584896,19.646969140089993,0,0
2018.9102605094363,52,3.407883857993727,4535.238997172392,29,42670.720165034625,7.5435531639590145,0,0
1500.0,21,2.796485157640897,7195.971664597908,43,30784.84469325502,1.8970332791752522,0,1
1523.3268645790176,33,5.618042286765617,3000.0,7,24767.63446740033,6.409003722378424,0,0
2039.6117112647999,33,1.211688208115154,19474.912371045786,46,36577.607018325616,3.751200946736224,1,1
1500.0,38,7.745823473506599,9509.30660845624,46,29537.819276804286,14.302709489164023,0,0
1864.2631472493265,43,15.005063677314517,7584.216098233411,24,34195.68066225464,4.798132166193211,1,0
1500.0,74,28.764549621994455,20627.143911190884,46,16938.0060857467,35.46782627692351,0,0
2483.220384836899,53,24.30896909130459,11114.081301965378,7,9878.309224852692,15.068574840797698,1,0
2209.81263737441,36,0.9987109572223913,28040.946146260667,33,17111.164845214873,5.745008957952098,0,1
1500.0,75,16.2188147855072,10406.255099114791,37,7771.746084077181,53.920989246776166,0,0
3173.4833673851226,34,13.107689229441636,30786.19041967116,24,28675.9252997244,5.190520125036478,0,0
3698.429598489796,62,3.5153222628198777,62413.73511957271,21,45243.9137601919,15.290324462598603,1,0
1500.0,43,21.38714886739894,3000.0,35,35964.250190034225,21.765959103329273,0,0
1500.0,39,1.9298179336192312,14256.744940675278,27,35979.85481209735,2.709910620385358,1,1
1500.0,72,45.060527604151595,23287.785488354264,19,28859.56953438212,5.835712480887297,0,0
1500.0,75,20.56493886148742,16493.34333344389,57,36755.26081362527,16.11434369281664,1,0
3484.957622197075,80,37.95696192194738,19887.951936006317,6,86951.07061076703,36.68142724301651,0,0
1985.042540104857,73,8.4087913606399,15405.080041326248,50,43931.80758237959,21.13650880605759,0,0
1909.347495496959,45,1.786555486579883,23990.026561751616,59,3794.9991869418436,16.430970982563228,1,0
1500.0,18,0.0,24215.703305001978,7,15976.653879909822,0.0,0,1
3132.1655603434033,61,5.497714170073908,5318.819146477968,27,41823.80524147121,11.242386496995923,0,0
1500.0,53,10.934206418787113,3324.2399582045987,51,4653.0969605867795,19.780681683436505,0,0
2282.3546873855908,60,21.604096353462847,14894.363452772484,38,46139.547561297426,9.120266494866758,0,0
2572.304106873145,54,21.195340688340345,12751.566457550898,20,9561.473972416827,15.220966697656017,1,0
4667.422297485479,19,0.7898681073797429,25688.675833485268,55,44728.93183842541,0.5726478769916896,1,0
1500.0,34,10.499838291973738,7142.384964959963,46,2584.2067472955505,15.578414436494631,0,0
1500.0,57,23.741574680052565,6493.538745806522,27,19672.240798449107,3.1155796572261343,0,0
2443.330263047347,55,15.235935016973661,7869.0076156749365,45,36469.23588361893,17.035317207123484,3,0
5944.853402305194,38,9.476168699202773,100332.60016830375,44,109262.9649743433,7.925419214842617,0,0
4365.205272631166,78,24.871249763410866,15065.287610348174,46,37045.477006351284,49.454474967070674,0,0
2478.2617307944925,26,6.737328240491065,11089.884625527702,46,36587.29040738116,7.202376952227474,0,0
1685.1335501625083,30,2.760005430580798,8739.974323658898,16,30928.407820610293,10.88415802237638,0,0
3442.376752264295,28,0.057209315419646245,58042.78480154096,9,65580.30202540317,3.751393130415938,0,0
1500.0,78,39.07919383357436,20770.71040682766,12,11311.569241876392,18.27930881372892,0,0
2869.7975699451163,33,3.036932754582471,41396.51517375573,26,4857.414357522926,6.73705875682627,0,0
2916.118084099445,33,13.35172704464714,8109.404820782399,12,2742.570970061512,5.159794589577046,0,0
3956.5014800285535,76,49.82468712298605,60207.142870482545,9,75970.79132843399,41.69335687295522,0,0
10075.006393458096,19,0.07672737192820589,79988.32084774754,17,97082.48887221541,0.21357104862958254,0,0
2740.3167145343923,59,4.361924621977171,14984.028353337824,32,9176.132941731707,27.006047447029133,0,0
1669.1503539622056,61,21.29237846660665,18006.379100891034,22,7698.49430068605,39.86046392349354,0,0
2177.5030911109593,25,4.264558639385482,32612.702011977948,25,41707.37567849826,1.9593949878727694,0,0
1500.0,60,11.546150174254112,21355.62985241019,36,22458.825025903683,28.42940589673062,1,0
1507.047590718142,79,43.72466071866161,24308.613142492955,31,18890.96083863144,8.757228415000078,0,0
1763.2159395396889,59,24.391556857673734,29583.672834037872,36,27462.422635682837,4.976741625987623,0,0
1655.3229109504232,30,3.8978893169826563,8356.194558384983,40,5690.154056056315,1.387733736778392,0,0
2401.371183425561,74,1.4208033303696732,19704.653443159572,14,19153.47121049773,7.757577511339537,0,0
1500.0,34,12.002404500776283,3000.0,10,14027.381901940204,3.4586379249510717,1,0
4091.090612967753,56,8.160639301353143,65246.62857494252,57,32165.971802723776,21.387558832868184,0,0
2208.599505476799,41,19.192896099640453,8012.19511970696,53,47728.73598768246,17.64066991815736,0,0
2197.0807434068442,20,0.8405805201085104,34373.48600258554,13,31935.73001814577,0.25371404742183157,0,1
1843.9363864189834,47,16.735245836321198,12169.213946434224,26,33620.55701634644,25.230433277131016,0,0
2405.119516035663,69,44.5203852508591,17457.00930615807,21,14232.660908113232,42.97853050594152,1,0
3476.5790079345466,30,10.36347601103944,5789.367373954093,56,22951.85636507326,8.728656318034698,0,0
1500.0,36,6.687352354384319,9835.40913901565,21,8450.099365430486,7.667384390306515,0,0
1537.689018534614,24,1.2533333562890587,24760.14937017862,23,26447.466038041388,0.009343408953154997,0,0
1868.611058059921,26,6.201168621828757,3000.0,52,16305.546606588698,5.878119530402374,0,0
1500.0,36,7.795443664838361,11861.350562691496,33,15190.654965156116,15.821750604175909,2,0
1500.0,62,8.44984771659618,3000.0,23,26592.06029395729,14.752600551561926,0,0
1699.4815612290743,71,47.93454314280896,12415.899428442492,19,41288.84937692145,38.05334074471929,1,0
3572.1182615747734,57,7.726063575402408,14055.895617136,53,14455.94410712327,2.4198569600899864,2,0
2551.4286366836095,39,0.5419505320158526,13491.221568498908,42,3997.8506403685187,14.899392300904497,0,0
2456.4547999399774,35,0.34475955404613945,39104.72731486199,45,11965.75562075619,1.1612448544311817,0,1
3526.262754032693,78,37.33892138725586,29665.87288929999,21,64791.6122266091,35.23118015332093,0,0
2047.6447647046568,40,14.556851335785668,11578.54216727785,26,9963.188839629196,13.14617228969646,1,0
2737.3776182433257,19,0.3110417050569839,30162.486269595465,6,39989.82970280191,0.3021565544238195,1,0
2086.468151605613,67,15.680538473106106,7126.996130412694,16,30791.916319281463,3.8770136267598443,0,0
2555.3622979386582,67,16.635201837937196,13823.634376022988,16,18808.94225353433,46.51740396090943,0,0
1602.7605067759368,28,6.801585467588787,16486.339886244965,7,2753.7941790972577,5.355774040166131,0,0
1500.0,48,1.7440137308048576,7556.8375671257545,37,14970.019404435174,17.392743753715877,2,1
2051.130658450893,50,29.73172328612242,25731.785952635306,59,9578.0326535519,19.680668448975158,1,0
4829.564006925556,31,2.892773574306804,45182.271959788064,24,22273.129413630366,11.583623050040016,6,1
3675.404491236987,33,14.995098078631383,51910.730123236244,10,48018.13709123753,0.9038346682013637,0,1
3755.4696008492724,28,1.7152269378718699,64294.22957816104,8,63197.14929537946,8.932877678525328,0,0
4358.450559817798,50,24.68948663399608,12938.858601517206,33,8217.319419243438,7.669648275560771,2,0
2318.6993327892,79,13.628165240707126,15510.487433893137,31,33523.836029252096,4.754965225377194,0,0
2461.493698259943,24,0.48508080985952384,15833.1497757811,28,15150.594846240687,3.943595112787988,0,1
1572.2947532984913,48,26.247999730519467,5613.264637957827,35,26465.575218682367,29.30926932770051,0,0
1855.9647657315882,78,51.52507555145351,27422.16399742725,13,37593.30111573371,3.4345239783957537,0,0
3098.5022618189614,65,18.967808445131265,43124.76227574725,41,62513.33938573711,20.0277254477562,0,0
4281.832882338789,79,42.846164694966035,39543.72435337884,34,39592.11314054157,32.31685604597093,0,0
2045.3097998561634,63,25.067966970776272,20743.743112149128,18,29006.05557857378,11.345353384657054,0,0
1723.9887131952853,64,39.23598122899244,3469.0968847004674,30,34208.03846632752,45.21211886103653,0,0
2208.9893392835093,31,4.0957276011425074,23069.856265412396,27,3358.230483235419,8.332521789849757,0,0
3073.7811015297543,45,14.1391547999726,44424.76166511406,51,46538.91597882773,22.797468166861208,2,0
1500.0,70,25.239363302636622,16132.603126388358,38,31369.57439341671,21.620439462529106,0,0
1500.0,60,14.864044702788068,8265.312438070681,42,13963.387421307241,14.866147260082345,0,0
1631.4178017922375,33,13.371825968345584,20145.27009750437,58,18574.022605742488,8.297368423216383,0,0
1500.0,36,2.9858026439256387,10717.954964113816,12,26202.30257097562,7.835011967279515,0,1
1669.9064590447392,34,2.3921382323311384,17137.992544469125,28,2834.0279703730357,11.439168882188712,2,0
2035.956118524126,76,33.46075304871958,18911.204755842933,11,19628.447328532508,15.417449232284092,0,0
1721.09049053813,43,16.43735574962355,12873.713870202708,20,12723.62486454931,11.23977577730999,0,0
4909.155175455836,23,0.9730962716228259,64903.57566099866,20,2085.685207841285,4.475663736470299,0,0
2643.104944848479,60,16.410132574694213,42358.119422645126,45,12949.40774901864,31.756531814419837,0,0
2605.1900250045323,66,45.435064462979696,3000.0,39,25783.797903382445,8.067367920858931,0,0
3109.489765657077,26,1.972939381525392,52461.696962775655,19,15347.563705461765,7.09491863513278,0,0
1500.0,67,32.74967440375231,14543.635970122237,34,22589.936932295866,28.861812931814214,1,0
3910.8557193229512,34,11.842390299161453,50498.69751384317,21,43865.39038475895,10.86859493235973,0,0
2118.2162932484384,48,13.443860983954787,32928.98054186372,34,2090.7480466882025,8.827696975477982,0,0
3193.1537363307825,29,10.312785854355413,28549.230042573443,28,21956.146190772986,4.856986899992232,0,0
1500.0,40,16.206448174813392,22791.838870804702,15,730.3788892205259,17.749874535937522,0,0
1500.0,71,24.270002732627585,6029.305396107657,52,13430.069246042849,17.52583959444865,0,0
3462.822586436492,71,30.17476569413298,12832.694454646373,60,22431.30054555582,8.748265622040243,2,0
2716.2980991914246,79,42.24942004893114,33076.39800063624,9,46733.01120732138,23.076599691992314,0,0
1500.0,22,2.368760721716873,23688.6466415693,17,11527.759709869959,0.27687466963755236,0,0
1500.0,60,36.90529852069519,24256.867527169,47,14068.449921913649,30.149971256367156,1,0
4101.012327772429,53,12.491103179814042,48980.800774518786,39,74365.08490806664,5.171106807096923,0,0
1500.0,76,17.393372923236686,14899.975370337595,9,18034.412846574483,16.537302609528993,0,0
5450.540866488963,53,7.484361132334251,36157.15751163994,25,75824.43327183367,30.837835194386223,0,0
1500.0,20,0.07556593612919027,26490.01059778295,33,31550.49989052932,1.0809953159135421,1,0
3137.292855423212,75,2.451795969663154,20187.935748113185,33,16226.730064550422,18.316291113999114,1,0
1843.202521197936,41,20.011269441513505,25161.859575723687,11,45581.73150286418,12.596338470342372,1,1
3077.1314269330014,72,36.633229905918995,30905.755982682043,19,69243.5416411123,11.786993620122027,1,0
1637.191084191536,74,36.98981526444322,18573.457774842598,60,11728.543403388061,1.409695263514168,1,0
2019.2145974822695,34,9.834285102958177,15526.083014238819,40,45075.85718780384,9.659719663420848,0,0
2258.6115531707533,56,32.270327498375984,39304.342738455634,52,42572.352242835506,27.13678544581971,0,0
1500.0,43,12.006673141640686,16077.899315531413,6,34903.36769858069,21.99454413614949,2,1
3319.1147672327875,21,2.611232485674901,56233.73590456102,24,57348.92522655934,2.315650083194171,0,0
1665.2533257529278,72,19.410031413840915,3000.0,6,28079.39262898753,50.04059582675781,4,1
1947.4382045036514,62,40.77513019091998,20906.527933633835,18,168.66806581406263,43.38195292388629,0,0
1500.0,29,7.685226780893641,19788.265687994422,13,17797.932325314614,8.19428992520378,0,0
1500.0,18,0.0,20499.54436463656,23,7510.072731690863,0.0,0,0
1988.1000851058236,38,11.281698433772503,32574.2385518182,59,16107.659413878077,13.474630064563694,3,0
8324.335417123337,36,9.5945501067886,8947.223402406637,40,203699.74122274446,3.076880241748844,0,0
3400.0056023194597,38,2.7579764346066793,3419.088838961378,28,7267.678390457068,3.634048526445699,0,0
2185.0779700929365,69,30.15338819328132,19727.930202572,55,39467.23175696959,5.623232272078419,0,0
1911.0536992719515,35,5.351355603188285,3000.0,57,8262.671995683373,16.0305702398899,0,0
2235.8041501190655,60,2.198648206003302,39276.49092449502,31,413.69863904821284,28.255571309253966,1,0
2983.6883435120067,69,48.38146404303481,14247.433980756883,46,37401.928920208025,40.28539727374175,0,0
1500.0,20,1.2829807381285756,13552.95059880354,43,6045.5737034884905,0.6623146736487284,2,1
4076.0225718306765,78,52.61513591225082,8312.39469043763,25,98381.55629304405,27.62530260460547,0,0
3272.99165055984,66,32.450688240636154,32320.21347494064,7,16667.442995125224,1.9094175281612547,0,0
3278.0438921749173,61,15.350298762024856,24451.762432851407,31,15737.50142830338,38.227318218709186,0,0
2810.6235913723804,49,15.893330242193153,4944.506614185227,41,2260.2279328412424,26.443106311759852,1,0
2232.303211523853,27,6.081720843124594,14949.98581721835,30,18406.435966164263,7.063302013778648,3,1
3197.337399520641,57,37.44984068285606,24473.738858147564,35,1927.3290003893278,2.2737806395664686,0,0
3057.9430821859437,32,3.5513724277037504,54519.04387675967,23,38139.173375918566,2.439496298084072,1,0
1817.609779542417,22,3.4999082344964707,8241.151474641523,12,22975.071226095653,1.3366826310178457,1,0
1610.852828549362,21,2.772233415882808,16529.369162583658,32,2144.1774892071858,0.7891880260250151,1,0
2335.5926802053596,75,38.21368433556052,41537.03116614663,16,14017.192423131022,47.792210796270915,0,0
5176.89680488721,45,25.14419893983612,74880.32582379515,42,107693.23510674303,5.260565471416738,0,0
1500.0,70,20.68968654882316,26830.871272493267,13,17345.42898470124,27.670472197626673,0,0
1500.0,69,48.60382497806258,26191.607023834316,16,16297.876559466438,29.140435988784922,0,0
2417.812446654138,68,35.139143858298745,22539.264012732572,29,42237.79001915848,21.250592358126863,0,0
2271.028828064506,70,2.184299905778219,29156.35254187209,35,40587.937558172955,12.51577244998388,0,0
2429.2501668510404,21,2.7206184954571584,6990.247904189853,35,46274.94437792935,2.8808828726433946,0,0
2525.4492807452298,32,6.782619326464696,21465.131990318063,57,52433.52476401389,5.787589391766314,0,0
1953.2281805106697,34,7.365231756445326,28816.59104079726,57,11340.962687373176,11.636959928586638,0,0
5011.170959552321,61,24.358064057124274,48060.63960993642,20,8316.11428689328,7.913998969217842,2,0
1500.0,20,0.29876909354245584,19418.825336839414,40,14259.932947999536,1.6456223370724565,5,1
1500.0,27,4.222494437106588,20516.658914599062,44,32066.17164836821,1.9430264091030005,0,0
2086.4302742710674,64,38.231851969016304,11076.807002276339,29,4070.0341856585665,31.064104684359204,1,0
1500.0,59,0.6347808246381288,23830.334010035418,13,21598.26745511063,20.766336060373394,0,0
2004.76089359095,73,15.010443817840422,17675.939360795976,48,35137.59199005196,8.060642753978456,0,0
5507.183396550537,40,0.05400090176457284,25185.157915286472,47,66279.94529919825,0.5488823154336999,0,0
2233.8628118902134,35,7.067092255547422,35098.608849378696,25,14250.67334950975,15.822720511490697,4,0
2507.108806128441,18,0.0,20314.901344764465,46,20452.33438506404,0.0,0,1
1500.0,52,27.15824218989737,20632.96717868285,52,2686.9536743844774,23.968348575355105,0,0
1573.4111140383138,70,49.14986757860434,16232.19366783659,31,11508.855129185858,33.93961786524317,0,0
1796.5833312705463,75,34.68476293933483,13459.678551979398,57,1993.219716489592,19.47804241956601,0,0
1854.2891550668091,48,7.6388059995868645,27383.9550620237,29,33670.41417734346,5.561486986641856,1,0
4468.9291147080985,76,53.600581049928536,48872.158916075176,27,100326.93112528206,10.34303846841406,1,0
3001.087744396043,61,33.338577416856175,22926.97710772443,10,47530.71214290185,25.169097681160277,0,0
1500.0,18,0.0,4294.745693545739,20,24626.370859994502,0.0,1,1
2528.9959067349687,20,1.391280431437872,41026.81397149221,41,29851.150950607956,1.7518700407004641,1,0
2904.515754749682,20,1.8486327100148583,4655.889235217934,42,11330.258125785871,1.2800061568238725,0,0
4134.335822365961,54,25.64618502502518,64802.34421047535,34,798.4582054160804,29.49389913889889,1,0
5267.427477212969,36,6.630741136525212,37500.6383346662,20,45296.71553289162,0.583435124146958,2,1
1500.0,46,19.964789664094706,17803.13846928585,32,28180.820901410854,18.787808116800665,2,0
1500.0,42,0.9666759056493088,25016.09295780997,54,36016.184224334305,5.609007322310903,2,0
1500.0,50,12.3652979785786,5368.518695349409,60,16165.684715321213,8.090846718902725,1,0
1941.6415954952874,53,14.221306114595274,20655.490238959865,13,17736.459704172983,25.220178518126936,1,0
2854.0579593599514,78,10.010294065250081,39943.56477850722,34,31819.785613483844,47.60597752949646,0,0
3801.055172427629,46,0.646393455449565,52754.56025280108,24,40649.899508280454,10.408593303879474,1,1
2117.9987521494504,75,7.602730488351341,21043.89031874794,36,33140.31763216591,45.034378561493455,0,0
1852.1156554620043,43,16.365537394926378,21522.641138181683,14,33993.147189551484,11.09361688380889,0,0
2400.5829813560636,21,2.4068664490910625,33315.19195191912,15,47108.921792596055,2.5729360451111423,0,0
1500.0,66,47.43376765089476,22946.204762814,42,24360.180353803047,1.1953810645724463,0,0
6969.134332209604,31,4.502725540410426,97225.15707100615,15,76263.92673039195,1.0854359205930582,0,0
1500.0,67,29.369581890793985,10527.126051121688,59,35628.89083318269,38.0412385561164,0,0
2444.527956375977,44,24.36576913719317,43865.4623445179,38,43452.688132837975,16.22633032358864,0,0
6720.9407788840945,50,5.345337002820884,56365.4776156861,30,71688.58563404676,17.888648116336586,0,0
2216.622487890016,39,15.070557313197597,3138.5156629049607,59,24747.58024479454,12.89355495411004,0,0
1989.1815083009265,65,35.48400045801067,14251.467398035235,9,40677.80952057681,43.71895948884109,0,0
1814.2093236938001,20,0.17795107173867675,5755.234792842932,58,19980.834649359753,1.3110740628761324,0,1
1999.7642448733982,40,18.947486474027432,6128.326457410968,10,25810.63828512207,14.244474566516391,0,0
4698.81985304689,38,16.262100942216875,27187.821261351557,28,34248.792436831296,15.189417594124555,1,0
1500.0,58,1.3361202630973779,3000.0,44,31459.306270698693,34.66482822559307,0,0
5132.7072895389465,40,2.0038571273611323,65209.543272103954,60,67018.46229933001,5.762074521243809,0,0
1500.0,21,0.14738068167555696,3386.7165471485796,10,20720.097689603543,1.8502465776999122,0,1
1907.1041504464602,38,6.694870635987245,8497.908183990034,57,41988.492892770766,11.679499271049504,1,0
1743.9633142415737,54,18.334403664477342,4498.196111923001,13,40133.70863128545,4.854581333940331,0,0
3052.4636522339433,60,22.35860457409441,6330.356096019094,22,62895.54016803115,21.853312904249904,0,0
1500.0,48,8.03000279308328,8327.667471258312,6,2451.3904866490648,2.086515442213961,1,0
2847.4950767443324,38,18.231937731205484,30531.646488481518,59,31572.249595254423,3.699191748046793,0,0
6723.541427267672,43,9.206569746797829,116987.29757923848,55,57709.994816351216,22.82407704795451,1,0
1500.0,58,1.8220062386141,23826.69468591496,17,8006.804299841952,4.769727261693739,1,1
2451.213267497716,75,17.112945357859022,38951.92787904762,40,55700.99500041655,32.998229091267284,0,0
1534.423166672967,52,18.057720366501286,6127.165929394609,57,34143.560739356246,10.998343663764503,0,0
2791.230908618132,55,15.104207435764586,15361.322397526928,19,32468.84583837003,20.546591756884663,0,0
2231.7276101232706,41,6.298377939282961,5130.0418735798885,53,7507.579142207598,5.404391476405271,0,0
1551.8176495997484,28,1.3132324976431742,22088.513111694756,23,518.5251382179254,4.443794546776601,1,0
2888.029621404396,58,32.76658000384919,6315.765916106841,15,31657.647917047605,34.69333732593042,5,0
5957.412135921889,46,27.89206677947737,62337.326407098466,60,5950.732175114695,10.534075378941978,4,0
1988.2356463039198,64,15.158938142098576,10366.431474925812,20,30298.52130353072,16.23942314804304,6,0
3280.879705063437,72,20.607536385536612,16859.048984573998,47,49902.90792127449,24.090376280561927,1,0
1500.0,77,36.464213955940465,26763.48890881393,38,33710.22929690431,5.929077810414601,1,0
1500.0,20,1.4368829494710826,20797.885077952706,24,7126.842310850872,0.7746940491761098,0,0
2863.56735317645,18,0.0,43606.315144018336,39,26587.81069332813,0.0,1,1
4995.355280072006,69,46.151405366072574,53568.719644902645,50,107343.36490812732,25.673254402596545,0,0
2685.4063649251816,78,33.600239353735105,42448.87065716025,30,31841.971166217678,50.87646474908576,0,0
1859.0447940571023,71,23.870674049514342,22258.97384371255,21,2775.7067361815216,29.25987450922449,0,0
2207.487506699544,36,11.640109556878292,37714.82025929398,13,6113.852519760902,10.93905320770835,0,0
1500.0,63,42.87617317121279,8674.133944163737,40,30504.546434191918,1.3753517066894871,0,0
3079.3796073557737,66,38.13851013224186,34244.032382806305,26,57253.1675018175,41.25671904557161,1,0
3587.759472486327,39,0.8402757412376112,45680.18924643214,24,78561.30524977134,8.08507460880543,0,0
1722.1870743859554,31,4.320028839619475,13226.283386355937,51,5117.529089379298,12.673084847887187,0,0
1705.266732331785,66,22.58614487765869,27207.59159385769,16,32417.834397607014,5.78233773745248,0,0
2556.0874443291937,74,17.612984043709893,45131.951017446685,49,41862.60104987192,52.90162554797331,0,0
1736.8078618402778,76,40.61087852816648,16315.714349239814,16,10086.218186653063,36.788872567506736,0,0
2129.4671475892064,31,10.741498948213554,16271.026643204994,16,51847.434848343146,0.6804239037777234,1,1
7008.275780215039,61,31.447839092966678,63235.28540615548,27,99930.09662966254,41.78306034697945,1,0
1927.8021769497823,33,14.839999302424129,29874.234008330324,26,43707.033379960216,0.20809602217896184,1,0
1813.3167689833513,50,8.721524732576931,21710.77500628672,32,38945.19965939983,23.382405398111718,0,0
1546.6583925611003,30,10.499873940293057,3000.0,23,12880.782232326968,10.674359380657135,1,0
3325.2681096652755,55,28.36503861145599,33973.89343449391,47,44555.00653302559,6.505027506515823,0,0
1998.8488218059147,66,17.384580362791013,3000.0,53,21556.000425736223,16.481145153494808,1,0
1545.1014164970989,29,8.075369980226656,21994.675193514853,45,27389.918955379104,6.173522745927462,0,0
4567.481408019935,72,5.620101646585336,30060.004900329226,43,67146.773072172,36.709701435628006,4,1
4821.216940609548,68,39.466674117027615,43507.2749115445,35,94598.72873441008,43.59379338972971,0,0
1587.2639691204022,55,19.696232295722798,23138.38463647312,56,466.348455390757,28.15960742249732,0,0
1500.0,56,11.10702656295162,3000.0,50,25792.24730304594,13.806583465119633,0,0
3843.476326500186,50,20.984873657093765,14202.437186326992,52,30657.984267446278,26.29503397717339,0,0
1515.4286206219103,50,20.531839958861088,11767.797874374652,50,8494.816204137844,30.914455074784424,0,0
3411.284138313099,46,5.865614236148792,16745.06521614737,38,68331.54910049133,6.3556130747658095,0,0
1500.0,22,0.12158965924610454,10116.486357264108,26,3345.795419556952,0.2963823738177176,0,0
3608.0709155115524,23,2.168112934508369,64833.32000211045,7,20607.501101966725,2.13309865970948,0,1
1500.0,48,17.085356080332637,22548.068158132173,18,7640.037791241682,26.441913118726525,0,0
3300.800406558246,33,13.149079175558976,52899.71939958251,7,34643.999993414014,2.254372573187921,0,0
2225.7521608843663,48,27.84650386942783,37681.82554482182,48,17936.04486902105,26.5739456364603,0,0
1500.0,42,12.691325235762394,10193.86494801199,50,27017.56189161263,23.813112569668,2,0
1765.3955075996419,65,35.428763737121606,10681.187061589084,36,30866.611134108614,2.5381048515083493,0,0
3221.0901956886746,63,19.768647254759863,16038.008995728858,15,26209.27740809296,22.28653682349678,0,0
2340.785765515633,50,23.874629010332576,35373.9252104812,28,25571.95951515127,10.524335830824008,0,0
3045.520615008495,30,2.457618299270003,38228.53710947656,27,15829.716523712043,4.724158259175732,0,0
6548.834156962409,69,18.9243014749801,32841.90363558612,52,109829.66275131139,23.033372369661738,0,0
1500.0,27,5.708051989322533,11113.3426448666,34,14858.352754971582,6.657335608060708,0,0
5374.747720818857,41,0.4176332089628131,51673.36199208733,38,17847.670052901107,13.599893172937055,0,0
2338.805868842989,27,6.502151793050586,23337.49598273276,36,7441.231984595813,8.650809793951023,1,0
1500.0,58,33.421420050726674,24162.557078068727,19,12087.025440794081,13.310583969581362,0,0
1500.0,48,11.974249832818543,11204.436390154015,15,28024.68857385734,16.245122474482283,0,0
1990.1868048019462,30,5.375309006125972,32728.43993971116,23,1268.9598308536395,9.759942371204364,0,0
3666.1874589528115,20,1.702564424433062,31174.503104314004,16,23626.258684562283,0.7460568339873603,0,0
2058.7370346519942,76,44.98796884890994,28180.683177855888,44,8362.906823065825,26.987353635432754,1,0
5070.198317186186,67,14.119324962635375,85251.95440882417,52,121238.30600024093,33.56375308157611,0,0
1500.0,69,16.52278143463849,24643.180451063294,8,26448.06014891349,43.89795514881963,0,0
2193.7135653409605,51,22.402981668889687,4317.664284058149,7,12791.142575815385,13.717488523986349,0,0
1500.0,66,27.03350843751174,6745.459521902531,59,7779.771953857298,25.533622663043523,0,0
2697.2756806726343,45,4.380198419605417,24565.147587246305,13,57858.623083684455,26.328301702852652,0,0
3596.7576453907513,36,5.578738366124996,29984.09290582102,36,17104.983117328982,0.7644449150460721,0,0
1752.1186879673894,40,19.79963209133039,20841.72915767204,13,43674.151441884496,9.86103176650998,0,0
1500.0,62,30.27967521577959,25590.08079604801,48,10586.367000427488,27.98320144968482,1,0
2463.704722286578,49,30.5652038482511,7171.54902799319,53,5194.272696683021,0.2612511844258797,0,0
2807.939455420825,30,9.204150359769233,24377.399615192568,7,48503.07514032825,7.161438018796975,0,0
2758.2787289466446,50,30.143181828594887,11780.574370263581,27,42039.118676013946,1.7983985492162873,0,0
4357.6151620023975,51,7.1342229377256885,70592.62122508998,10,108921.00567712881,28.29942708939005,1,0
1500.0,50,24.687515994141624,26096.794737942146,12,30078.215413949067,25.82675505627411,0,0
3210.2973941898977,73,1.1119636081288586,29335.468347627404,25,34417.32012127668,1.7740325239227945,0,0
4255.123783390252,22,2.6830400868461357,11778.927540258968,33,71976.63662982146,0.19521609822950436,0,0
1500.0,73,25.810525296613275,21525.014001428168,18,30669.3545101257,41.44876623588813,0,0
2632.8139713228124,20,0.6935201438401373,33835.35325989792,7,33813.659340655795,0.7390897851566207,0,1
1673.5478164177869,78,51.74426113758535,11764.043802570988,37,11416.585513516675,34.50154727629949,0,0
2111.5182759986265,77,50.40179386679431,33965.728968233736,31,11091.047589452482,15.949367916157652,1,0
2673.7093741465387,24,0.1338102293918615,47028.2541863002,8,19737.418627131945,1.0378132566245983,0,0
1689.2235926768235,41,14.018617816336914,17709.00160735398,46,35814.44485523312,6.8097737035939145,0,0
1522.8830435219222,80,22.805597907899298,16169.019581887958,47,14483.85023174777,15.296249413887262,1,0
2250.221263323606,39,8.728881031509433,13631.231923983913,18,16126.444625967433,9.414456203026022,1,0
1500.0,62,36.60979252562614,16404.90391757451,26,30220.77104231554,32.853751272658194,0,0
1500.0,78,18.590386291660696,12710.879173383586,50,1197.0128165453814,33.2477644756174,1,0
3208.8095980814037,40,20.747073834027642,19693.258548315152,42,47647.47501552792,13.401922774673807,1,0
1500.0,47,5.209380964792082,3213.2225113594836,28,32761.192619485184,13.632279297284443,0,0
3185.8419306271494,77,39.10062297872249,16872.325956853496,12,32661.550070253394,19.15928477196616,0,0
2848.150772946489,35,11.425786139234,12427.98862092493,22,19176.46823609933,2.439650031128295,2,0
1500.0,49,7.818050004265464,15322.070606125697,33,18439.090103848364,10.99152923253403,0,0
1521.3287980956259,73,17.861283493196108,17082.07362611184,52,27287.966929651124,36.58592389176258,1,0
4258.874368818308,70,43.4095216141569,48319.99317880405,35,55003.95477998904,38.15642599203866,0,0
1500.0,24,4.570831529729714,11398.615526664817,10,286.46229846649163,2.8150892634492815,1,0
1710.5626932183677,50,10.531068170072306,13959.740444402572,29,3349.476591031522,20.63991278665746,0,0
2847.3200322040234,22,2.1358261877397355,43228.16450215778,12,51346.32172153615,0.842164327537009,1,0
3397.736590024508,66,2.960654220148582,30905.668739603385,39,33973.232118390675,41.283183394749905,0,0
1923.022820543223,45,5.636138824762989,34214.70402734624,55,37728.545813585995,23.380284168263465,0,0
1589.8093667803669,78,29.149233531623945,13471.238397904617,47,25814.128726873747,19.21967563635152,0,0
4828.559316203957,25,0.6018161469544812,58149.74138617551,38,70197.09248337561,3.8339856750644903,0,1
5746.779069917272,32,11.806652968487125,10667.00455464697,32,129500.09879450526,8.493268397813068,2,0
3783.3756830253674,69,36.61831671549004,45804.49219055329,19,2016.735357965211,24.093931978016638,1,0
2314.444494186403,21,2.8309010119454845,35814.28971708586,24,8970.460603671178,2.7334264606733614,0,0
1500.0,51,22.884407896812895,25532.674882599054,53,23414.09833094909,24.410659244175008,0,0
1500.0,22,3.7616054890487423,26931.675596814148,56,2468.5517456285793,2.6900419704349305,2,0
2943.5828001354325,50,17.74440178211088,17064.058334411522,43,47463.10066049145,16.642983089142632,0,0
2779.7576357208227,74,33.61224221947029,29969.376263816834,17,68390.4519583697,4.751450476569571,1,0
4773.71079612487,22,3.9078842185050435,41350.86512634678,8,104879.39274730449,0.4312855104803863,1,1
3158.168502993687,55,23.758778433977632,33428.88884901961,12,46655.38043357554,11.063327903028712,0,0
1500.0,51,1.0159567724046377,5515.05040834109,40,33524.12528647358,6.9802348561741425,0,1
3938.5629007270263,75,41.25675826793983,61262.5449504215,30,11448.235677835755,54.29426539875568,0,0
1500.0,43,22.63671730343539,24694.008055286984,54,17051.031184708656,10.245312966293302,1,1
1787.9335675447992,18,0.0,15455.341653344258,20,19161.110426628304,0.0,0,1
2534.1412809186677,21,1.751499817876268,14615.172387389115,24,21315.14297661033,2.4542390509986944,0,0
6618.454214880119,56,25.50953349755362,22464.14729326371,24,33.32360827239403,30.877670364009607,0,0
12215.430245664218,71,52.4801648303386,154207.6161113697,28,272107.5705927099,11.432498832783132,0,0
3083.1210244266367,43,2.2665522127334583,19448.146361338244,16,59944.09001494131,11.183045325020386,0,0
1996.6815563894459,50,21.351834516263665,32869.68264169467,26,32588.714008708328,10.174463732708464,0,0
2963.0609172120535,50,9.068726226259002,36763.32518317975,57,9553.415365824161,31.053152122845432,1,0
3598.277307538907,25,4.4806327761031906,43095.309815089866,39,34022.173753921445,6.137210109069691,0,0
1851.2804354694786,37,11.544847941794837,19456.65371175441,44,42779.71215508285,4.748549558488768,1,1
5927.549956067423,33,2.301852481622431,10540.356115151813,56,91422.0263356671,4.702805412152423,0,0
2506.240041436392,38,4.134932914804783,42211.802546514926,12,37807.29120165351,10.57818475155649,0,0
2903.7512048115623,62,27.351701433901393,33901.11350096077,47,66287.30978990486,12.258654545780837,0,0
3185.16170854144,72,6.924417154403803,57011.380520148334,49,44579.023592511214,44.52461819569321,0,0
2784.636535201834,73,14.584948132167757,28222.4552468417,60,41604.088305444275,45.05772028476461,1,0
3503.1480120958704,80,51.78522395975615,45792.74852102676,32,30277.331196367602,44.90910714541445,0,0
1572.63957944604,43,8.177287650040965,3075.394961986959,55,14603.56766842608,17.23275511890108,0,0
1624.4653663874403,40,10.737323437932584,19070.43554542937,28,27843.61507373374,12.040633164888712,0,0
1500.0,35,15.999385697479285,20998.56509555411,43,12016.3206236742,5.900908370841393,0,0
2812.209287824432,79,13.856094419053724,40031.07650952809,25,39308.212179333925,51.05324561916779,0,0
3389.423330582681,48,11.688780520740313,47763.408151372074,32,23657.89447068996,25.76496513755317,0,0
2840.6127825484095,69,30.929346552720826,13767.89528305192,58,11797.436860932341,2.5249829120725376,1,0
5546.768796350465,59,30.96889610966286,97522.03606935352,13,63011.63450565282,16.34339597088725,0,0
2201.561564593554,29,9.918187253839756,39447.79157574927,42,11968.01958262578,0.2929033849524696,0,0
3190.1011718067152,18,0.0,7289.795500731947,8,71657.1933875571,0.0,0,1
1500.0,59,31.842243049277542,25379.38378169981,7,11385.486218513734,7.2608231074037155,1,0
1784.8598284281807,26,1.8266466927464835,10567.5058962693,27,26656.975043673705,5.390934118532262,0,0
3237.4645840590492,20,0.049618660085131605,41173.52223547403,11,21322.09071811072,0.71475163538874,5,1
3522.7815193601455,77,22.642661890981802,23771.326871432662,44,22723.637259143437,48.14786174069774,0,0
1878.667783410789,68,7.077442549391167,32786.17856622983,45,16468.217749372136,25.484345012688227,0,0
2123.07419966854,43,17.75969118595745,5786.577986096348,41,48611.741600292364,8.11004811128892,0,0
1500.0,26,5.289044694605734,14192.543832387588,49,14681.165185697495,2.5909653380059234,1,0
1814.6246838465743,59,1.8028373064796483,15019.308198956467,29,37257.260185814506,13.404016939284693,1,1
3603.6796950667554,68,41.82968895654756,23576.709311592327,17,17774.97662724795,39.42896084596515,0,0
3030.135929925158,33,3.731148994367734,36283.08350574176,22,3649.0065846444895,10.666733982400103,0,0
2908.4225866748834,41,9.941222736293971,9388.235819452664,27,56836.24304545461,7.341924468970259,0,0
2269.6377765691946,67,32.72875303733138,29921.227429711522,59,30746.493436079898,24.020196358236547,0,0
2216.9435284731394,31,5.582444229079293,39173.53869846597,24,27918.2920328726,0.9899940118812299,1,1
1535.8256118181728,78,26.477268167996606,22542.077569989422,14,10451.517874099149,49.65001610156539,0,0
3243.3292616534504,20,0.13125599067148075,50661.72676545659,17,5863.697260219079,0.5319096188874919,1,0
2783.696833228275,51,13.247637125580125,19802.731105926912,37,33603.39885080583,29.344429680676996,0,0
2894.6236061165687,50,24.47513258303947,18881.839093454444,58,62757.347250679464,19.097494176413633,0,0
1653.5517621576907,67,44.84364052214329,16187.977468473966,36,4961.5653064278395,27.823187948586074,6,1
1500.0,41,9.51043415245755,3000.0,22,34843.90797551896,3.742531073227096,0,0
4037.714089807889,26,3.388686615032631,68928.17369977181,28,27731.936954288245,0.5562828767201315,2,1
1697.0375617477673,30,8.431525275883825,5845.187832072722,15,22578.503219438408,6.6313989717819215,0,0
1500.0,19,0.9427720011052766,24526.83249878636,35,2494.064829996819,0.467989123255224,1,0
3233.8006669615597,24,1.6023656414361613,7828.70083622651,24,34362.89896321837,0.7180982014635757,0,0
1780.0434409999402,65,20.68677770728303,26673.28125859355,31,5602.592673370672,39.27262295835477,0,0
3955.906317028184,80,49.35034110024267,14175.448090272414,31,4744.495084864596,25.868887388894333,1,0
3100.607293038114,38,12.19387138748077,5110.537025742812,16,74922.89583459671,5.2091560078177395,0,0
3216.223511602535,36,1.990554191351185,42554.88457826552,25,58703.680266306845,14.18889767663499,0,0
1500.0,42,15.065585653494377,8646.765154447921,59,26964.664538012275,21.913539762646487,0,0
4300.855313261655,64,8.590329091477038,56540.91308839053,50,9736.027828259705,14.074284346695848,0,0
2549.5898757509826,39,10.714534615646487,26608.665367082376,9,59236.56720644531,16.294947593434593,0,0
1802.4417878605177,28,5.2910326766043845,5136.464566498697,52,21154.741738466015,6.525196570085134,0,0
2389.557919840308,50,28.038507591199515,40254.99750246839,17,50914.55361950876,31.671289080130936,0,0
1500.0,49,14.337322494385582,13034.01145646868,30,472.541291766404,6.323773929748054,0,0
2764.8980628487902,38,5.588848444717884,37286.31960890151,15,20612.763064475672,19.21357989012909,0,0
1500.0,56,8.7767212322092,14276.02458639844,27,37351.76707974246,11.980338154975808,1,0
1500.0,37,16.610785657002385,16911.21761151072,12,16043.926601077468,7.8271316633484735,0,0
1500.0,25,1.1970759809275986,9220.726605095657,29,33318.5077074133,2.5117806990187437,0,0
4072.362619658457,59,17.460610996208892,17943.3394319384,7,33393.20533039836,11.00647858062341,0,0
1562.2855644945398,54,6.738232137370092,15972.32870515248,37,20517.852998776536,24.95601293149057,0,0
5133.5373397520325,26,6.186432320915003,43551.50644178883,26,109629.13678147555,4.713162565806757,0,0
1644.6932889370714,42,11.384943359390856,12552.17521796498,12,24909.725241687738,7.336606696610315,0,0
1500.0,42,8.427448573363488,18650.463474912885,13,27194.71284917669,3.173098956438631,0,0
1500.0,50,11.555188500046938,19107.919116283967,58,8581.245158233653,10.156020407462616,1,1
4357.685692760501,19,0.8522142067229794,7759.473607234664,56,16983.03822341092,0.3812313116838498,0,0
2026.8861986637812,36,9.967931177299885,13699.02738301309,43,11670.123790259324,6.851761976179262,0,0
1633.4375294393278,63,32.304053300906865,13067.495913191315,26,20134.104067113378,16.076679019316572,1,0
2411.5139498685303,37,17.043731808763006,6383.679520633651,13,48288.442589768994,0.925727618239601,0,0
2910.2099487276964,59,36.97140871766632,14581.06778476806,30,25754.91063611137,19.025357423962195,0,0
4082.9267411307605,58,13.140362173514525,7667.371213425131,33,57652.53650269252,33.44832388981228,1,0
4898.452296956208,59,39.0505017890018,87859.2070339715,33,98558.38620244569,7.3950179661992586,0,0
1811.8926570617227,46,0.6965246964089524,24499.45664570042,59,10815.933139810131,4.078405615968677,0,0
1500.0,23,1.8841778050808284,3729.9789908202183,36,33111.59005949285,2.359255276224056,0,0
1759.1643275532667,34,14.332781720141465,3000.0,57,41915.71012209004,5.929648194400183,0,0
2548.229997773768,77,16.203575909201994,33707.71273724641,41,2482.6217265287196,33.1155578020995,2,0
1500.0,42,6.553954807711641,12699.400224908006,30,2216.66662817952,22.72978343191174,0,0
1500.0,55,11.197024548029882,21563.316081146688,57,3410.9894529831336,28.152791262313773,0,0
2667.997139417085,21,1.8369401545407666,44553.13140215149,46,51810.39729733234,2.0611744595438934,1,0
2150.0388842078883,47,12.71165049281626,24054.86425921184,42,10177.044858798483,12.062171387416681,1,0
2248.544388673869,37,13.807961890713509,9400.81149388538,43,40793.99095627658,5.459836891251062,0,0
1500.0,20,1.7898212851293316,21445.94791918454,56,16547.85262019574,1.0805282065917616,0,1
1945.510339897376,40,14.832386248742933,33557.718038695755,17,40673.56918807602,19.479757608548212,0,0
1500.0,68,10.223336009878775,16295.897820028877,42,30320.827980159796,43.837125525568574,0,0
3603.313530020822,35,15.855592340128537,45379.97422686842,42,86449.12729209522,7.573754128736692,1,0
3902.55651527655,43,6.612321833686963,26291.795702834246,36,24492.234973943454,6.155508830913414,0,0
1500.0,73,8.244186243048697,11228.956213837937,23,8596.468603951205,12.393944763798162,0,0
1500.0,53,3.1488547601336316,20233.68969525313,31,1181.5490733224729,1.1895945865781417,0,0
1500.0,25,3.943686184663159,25158.16300937389,11,15390.603578494834,5.898649724071626,0,0
1544.5483802395077,34,1.8201993996904289,18060.099289745674,14,17726.13184321988,4.2374085413326075,0,1
2109.2951459622464,48,4.163276523378922,30431.675256044036,16,50861.108676653814,10.769974230185001,1,0
1500.0,54,10.80109730143788,5876.692944092012,36,31154.448531448994,29.13178107362632,1,0
1500.0,62,12.392732426116408,6904.956801578326,60,6254.689426872133,5.281058278008059,0,0
1500.0,74,33.83741257859997,15066.884514251446,51,29943.351097807532,25.82910841360077,0,0
2475.0033565146823,50,26.135848943125808,9903.531069446752,7,11032.282963316242,3.914924157482652,0,0
2294.1997878387506,44,19.7950910612752,27059.894229290174,34,4460.215169224446,11.488062807294439,0,0
1500.0,62,11.549316007524977,8937.156227564823,51,31390.60317962762,2.0741412396642422,0,0
2433.903143645622,21,0.7359314939579398,35184.636534459416,56,59384.7773588161,1.5528684780403652,0,1
1634.8820719412563,39,20.28162213224632,24094.689075051676,47,3601.5857163516052,16.709904100499163,1,0
1901.863909570519,43,0.20590603979900313,16896.894514385396,10,38699.358679539575,16.90741686977876,1,0
5543.595905884101,49,27.27133652486669,22583.39454017807,28,119078.19303255244,15.784239296899417,2,0
4615.860461798935,41,4.593755939815314,55368.050960972774,41,13703.98015083255,19.06145037943057,0,0
1500.0,63,42.627794539039556,26816.068965721453,12,10622.005191447977,10.250458873163685,0,0
3485.4513598630606,52,11.63844768413567,40375.6263216893,18,63928.461798152224,28.247073689465477,0,0
3450.4781856964446,54,15.852663860157083,5548.954614144705,47,69676.39274065012,9.94908526517434,1,0
1500.0,49,21.92073903227581,3000.0,15,13274.029576862442,11.237076577223617,0,0
3464.5142148648224,24,3.526014308839562,22332.790426300715,41,13851.941964112444,0.7705812099629548,6,1
5145.421428046978,50,10.17405855061833,22271.054744477326,21,83400.13899034557,3.2561522035910038,0,0
1500.0,48,16.614927476034705,22232.80578215436,20,26323.82262163043,27.963345563567398,0,0
1500.0,72,39.458171755595856,23042.54450941801,58,18885.294521063548,10.258825347988777,0,0
3864.987808813619,78,2.5400967541495256,20857.48057898453,48,14004.886485627258,19.997769303716858,0,0
2563.996417872833,29,0.12319235781274529,16758.181125047715,24,54131.5246846067,5.820668688449265,1,0
2990.8471421267095,28,4.580669390728913,15002.682801983188,26,48247.29623964354,3.478671326031285,0,1
2663.3075495365483,41,3.0322422094808266,43791.44318631573,40,57871.29264246066,20.01306551771192,0,0
2737.7255310706837,25,4.650410040253001,26131.69611277961,20,63855.33137327214,6.305003344127407,0,0
1500.0,49,6.63562614305046,18231.494624091505,53,30213.669578927584,10.105704179199138,0,0
3928.546301675682,74,24.239661980557575,31676.63675865145,19,94153.25100930297,5.153550985335954,0,0
4201.826101434718,55,7.313824664347951,49275.82854836771,34,100240.62758928063,7.77585465826555,1,0
1946.5913391485221,77,32.36053155919834,14715.33782548569,10,30140.268686790507,27.98918232336877,5,0
2156.1676259724445,39,2.437122647075947,14607.029687407543,54,39251.63561446623,6.058101886908284,0,1
1500.0,51,0.7625261419868485,17679.241865923745,23,26227.82007400757,14.964583838540984,0,0
2930.2414823807835,36,0.9203694859205493,32373.470018323504,56,45501.9761215521,13.656662994975706,1,1
3024.8947998247686,69,48.667180517280805,18119.044896643944,6,1463.6842680109733,21.452560122560115,1,0
2134.088581593488,37,2.7034381536077805,7552.3765641864875,32,18988.40965879449,3.742951667950834,0,0
4098.573838567712,73,38.96630392252594,29779.43335137084,32,10254.458959646143,19.68822023217128,0,0
1837.6769448375892,31,0.8830406548967412,14808.662137873009,30,13794.481104183837,9.658755835930931,0,0
3012.5231404346177,50,3.4611312715258293,35209.26688243031,46,5163.826687107508,13.569987846840892,0,0
1500.0,27,4.579886262684012,24820.483472740023,26,34501.18112442494,2.2458406767393475,0,0
2179.9262327426595,33,6.9730639523151545,3520.889452007251,19,24596.648068998576,6.4111745881099775,1,0
2006.415665460208,79,58.04639887583205,10317.465300099724,57,9498.594857427828,27.743207948642244,1,0
2499.683385716179,21,2.834506359062212,10731.568267613891,58,36544.073205061075,0.8891316143311446,0,0
1802.1941777152429,44,20.269824706104092,17191.139178111822,25,8851.068208271527,25.887812319019012,0,0
2054.2992524036295,45,16.256749413438442,17060.77804572562,33,41314.028791435194,20.725902509993748,0,0
3478.393903643023,78,27.29761904358066,46588.35434942618,26,26602.679158209754,41.54729921724559,0,0
1736.7653528440583,60,14.959498441793684,8894.09783690597,28,13672.712718711968,35.904413351946054,0,0
1500.0,33,14.20631320463333,16659.708326618846,16,32623.16039686572,9.996287936481691,2,0
5780.6484694109095,76,34.96871106263176,92638.20681552685,7,80813.88248108863,45.8768598971965,1,0
4721.112468464416,69,29.53269891198572,77811.11702404657,25,104726.32586942676,21.03880787045487,0,0
1500.0,50,7.420835896605276,25949.00742048829,29,15483.30111995093,16.011896637098488,1,0
3227.100363948445,65,2.1947974406003143,45648.753234125375,60,27747.22986787902,2.208830015233921,0,1
1674.6573835408585,36,17.0133944356718,27467.386105999518,30,21192.914673555028,5.051635045358683,0,0
2552.7282506535525,38,6.274705176893079,12730.519154296317,42,3924.2881564891677,7.36024818466632,0,0
2596.2497293853476,39,9.294369489813633,11316.730775513013,27,10008.5927630803,13.134874733805924,1,0
1941.2273561557356,26,0.9171195486856547,3000.0,29,10653.535113499536,3.713690278351227,0,1
1500.0,26,6.695394639274336,19524.53111444201,20,30625.39810074232,4.862706099386395,0,0
1510.509698044322,26,0.22105466284744502,25583.4154374913,17,27710.253468164305,5.706618676111054,0,1
1500.0,44,21.683759814576508,6266.8512985627485,51,7249.022954397885,1.1106853593594335,0,0
1500.0,34,2.2445602046074686,17742.06117338541,36,10378.03366400722,4.132443952057832,0,0
2128.2427973942035,61,38.12225684313954,29135.252101236314,48,50240.462744448574,7.348866519423493,1,0
1500.0,74,40.86726769082481,25154.16299627544,36,3217.611083475905,10.49748667357439,1,0
3213.540719578866,62,7.245491550321424,38551.6391054181,58,43981.7312509959,22.13751740780763,0,0
5003.962539435405,25,3.960725950016277,87544.29188513839,35,65302.585834097736,5.179851435499477,0,0
1605.1471558458336,33,4.689844715328292,11010.416059722429,46,29121.695967143824,4.09165550888066,3,0
2519.1390499721833,35,3.0299626814969187,17504.955830064253,25,16464.801640407066,14.015637048307108,0,0
2906.8543923299612,78,51.5509319646665,29740.645489360362,13,67931.19964504527,53.54739103251443,1,0
2862.931128235529,76,23.404320457419306,21527.902172356928,49,29386.762813385856,20.33096457718044,0,0
2302.556709487502,50,12.75339885969224,3000.0,35,16447.139966731305,21.803409246535207,0,0
3322.5084375341758,18,0.0,44654.92680848494,40,27981.286995440078,0.0,0,1
2879.1112275982678,29,4.2137224369435655,39671.81978725839,26,25100.26074363353,8.184311140344041,0,0
1500.0,23,4.358084231644251,20547.852419512645,52,7459.815512447997,0.8251193773830939,1,1
3561.851722599024,58,14.525148419585436,24453.36346947784,45,82639.76132330122,27.496632150840835,0,0
3597.5558398756966,72,51.38659237498855,35539.97010175124,33,15728.081041016267,22.782600186849958,0,0
1500.0,22,3.78523559683355,10679.324713505071,44,33106.22378772635,3.713825286474163,0,0
2254.911059050488,76,8.40412223982607,3000.0,22,22826.984404408926,26.938713746279042,0,0
3215.7984137613007,33,2.659668802839673,33964.07943752127,17,21648.472213427405,0.4635422620139207,1,0
1968.2053156557374,35,14.665459195642116,6109.174130201707,57,9767.659404557684,8.171373616180249,0,0
3984.383707822888,66,18.852524108386522,9405.944618085516,55,50237.33406129869,38.18393970527967,0,0
8104.136359959899,35,0.07435769881115872,112189.48339316496,23,135594.06231138826,11.000433625076449,0,1
1500.0,18,0.0,3000.0,52,33683.288642268046,0.0,0,1
1500.0,36,10.757321877520079,25954.715312022516,60,24466.74688913004,15.178904821165425,0,0
2609.9862382003926,71,42.361096195878304,25471.74619957728,33,31558.811088641527,27.907238133570836,0,0
3284.137626283097,78,8.003317025595573,58166.27883100483,8,2748.500081530883,12.391233936323886,1,0
1945.012133595202,25,0.7737895509171474,3862.7138306294464,56,44512.91097396477,0.02642240875486146,0,1
4911.297118532114,20,1.8441853071446632,53631.375981231686,20,110795.08657279152,1.9610047940027364,0,0
1500.0,75,42.81545696588721,10407.839417385734,21,14201.886274530934,53.4842228032522,0,0
3232.8042960808666,42,14.154710418673883,49588.63934554424,27,2346.584555824472,6.5794558578046285,0,0
1582.52436208549,75,43.8436470297679,11300.468599091542,59,29014.379541812315,36.378299814752445,0,0
5685.406163582447,22,1.7154174452265538,30862.02685124093,54,112525.6834218474,2.9169582515446146,0,0
6606.989905916222,72,40.956610354692835,102926.35243302853,36,89601.65650441618,31.21272689576013,0,0
1500.0,57,14.500316659706895,11053.653837158156,36,15107.811947355776,32.87550531868582,0,0
1632.2971158758317,36,4.393702304866842,3000.0,6,34732.54190932618,1.4008436717762476,0,1
3543.156720890912,35,12.393228161980467,27051.699383289968,16,17052.895891637938,15.240398580553629,1,0
1784.829448545982,67,20.563942315706147,21644.409996363673,11,19613.410011548596,19.208931547158112,0,0
2153.8750122210995,70,51.031609424962134,11467.47214305863,28,1318.5005505866764,24.995881121889155,0,0
2239.4008497902723,48,10.48455546924303,18685.08833657804,14,9182.132893183343,13.342009512650163,1,0
1500.0,50,29.49527745699411,3000.0,57,35281.171300425405,17.001159135019357,0,0
2191.6045804135224,64,42.916277234085655,24102.3411254463,21,31673.24748399349,27.51574970674466,0,0
1511.185504756093,35,4.111500100100685,20940.518251149573,43,30434.986278128326,12.075838360646262,1,0
1683.756263486811,78,47.8932708952808,13514.355702114051,49,20478.702985859276,31.496420344512245,0,0
4885.356800880016,74,24.252172288095647,39786.124761221574,24,101960.70602037372,38.347302336497854,0,0
1500.0,56,34.865939634753225,3751.203713915369,50,20210.644156549457,12.855302856446622,0,0
3453.9122488071607,33,6.751864089528582,15311.174681842105,18,391.821598294495,14.050213053869802,1,0
1894.2350875869822,80,46.1468304749167,6875.088655843741,37,42606.03568462404,4.000923227585688,0,0
1893.4046835815693,33,7.0045111374569675,17397.912596112663,41,7032.394677971441,8.183109128416403,0,1
3410.808172152022,64,10.478834762791385,34099.0232840885,14,38418.89654676371,4.020224096998875,0,1
2662.5197078851834,55,7.375954770953393,45614.24032739261,51,31728.869870066803,16.382380333366424,0,0
3022.4926431889266,58,17.017247770253825,6785.301252958091,51,3569.2822429704684,10.303294306113195,0,0
3761.2309506289835,24,4.532967942085289,42117.34472830026,54,4990.249406897443,5.621420697495886,0,0
1840.4776130857458,31,7.865929307349969,18313.626411879857,42,35086.48835252526,0.16998002301726434,0,1
1576.9845597595784,60,28.922430175822818,15416.542179347745,36,11845.156421937814,16.430552507941197,0,0
1500.0,70,14.680970238061008,23765.561828262074,36,15361.056233995654,40.66622298476164,1,0
1500.0,80,29.848991449371542,6741.231002734906,60,21154.219329946493,11.684607584390877,0,0
11181.343773766313,65,2.0865774535583688,18931.643726046626,24,104373.95988228195,38.33264561931389,1,0
4378.991691310072,42,19.620777982994895,54424.804577298695,7,84847.06128217468,20.63340210779577,0,1
1500.0,49,30.686657029436113,10301.515335467493,50,33167.42451071878,21.94809298901887,1,0
1500.0,55,15.054525317112823,3000.0,37,2239.4206544946837,7.735559749768319,1,0
2878.5049793179637,39,0.23023671576241034,15179.38761747959,48,45725.2951111225,5.712811788212809,1,1
2983.9274217495986,76,9.847973093954947,18675.074367486755,39,23696.860176114176,9.682214264330995,2,0
2986.585705573415,33,9.787903166256283,34304.677244373146,6,43550.04022334865,2.7609560580209953,0,1
1919.4122791357822,69,31.21604522839682,7550.888248279508,26,23220.441209669978,1.8611071202441418,1,0
2061.1104233164756,46,22.06021214839523,16534.070996686438,8,17193.706942381014,24.00482227355146,0,0
2644.755068458668,33,3.8082601644160223,24337.254477984156,32,6269.104030053777,7.927534311417537,1,0
2315.1763794872295,29,8.399951071018474,20389.840917566322,49,32380.051721348365,3.6053514627575676,1,0
1500.0,34,11.007744344378716,26335.489550002934,12,4229.721241004264,4.6332319370145285,1,0
1946.1536241552503,54,11.621321917698358,3451.6436580853706,38,7595.84188521281,19.609066672113112,0,0
1500.0,44,14.182691849481012,25749.688754536182,14,36831.57205990913,8.493805366538675,5,0
2431.749607637491,42,3.5345714039598413,26488.884668231458,35,19253.693059081645,20.729231400248352,0,0
11405.973078625535,30,5.430774041226991,165698.80429128275,23,166651.58612492465,2.5314892204429293,1,0
2702.9928904014864,25,6.168381376889487,22479.91206223997,31,18396.02509544299,6.176112539889969,0,1
1858.5626006642237,73,23.165525890396495,16197.826519435774,25,40215.08682788181,36.5250849151886,0,0
3666.492735034101,22,3.358266825901688,58475.24448123039,43,25971.61878450788,3.8265168818198805,0,0
2879.80636923449,29,6.492787017856639,46741.81013948583,46,26413.954911580055,0.1661796579926278,0,1
2782.3522158858896,58,7.675068524094271,14072.33336456671,60,42318.713130929864,2.3638226284462593,0,0
3083.3372936625046,20,1.1622124893957928,13526.945843551113,36,67061.5615167803,1.0017891878731464,1,1
6843.803755522268,52,17.203433191340157,64578.11824693036,13,139650.23740224456,31.020880221089644,0,0
1500.0,50,12.756522726284288,24457.06419175614,28,9894.745708386123,23.385438448964642,4,1
2865.498590903638,74,6.6993046128999385,18568.53571164579,55,59427.21404451452,34.83961222108267,0,0
1500.0,39,8.750881940791826,18126.372691147848,30,26294.824327161117,0.663645268863859,0,0
2997.4942105938285,67,3.5653564357417284,39083.064142413736,52,74175.12923719623,17.354025632217855,2,1
1500.0,73,5.432297826931319,21356.203954800974,6,35079.28754948443,19.021909109657148,1,1
1755.3933687418414,61,17.884410916106788,18583.85068514038,51,23396.61666278044,23.309684337175945,1,0
1877.5078170454667,26,2.4430518557477097,14722.924451941737,23,35199.92111900273,2.0626222347740946,2,1
3777.0523984092392,58,37.02177303448894,65869.04341489436,24,53839.96527287815,10.686228607110401,0,0
3659.749363631039,35,6.3869986914645995,41694.14406489042,56,54438.354766090975,10.554633601304909,0,0
1500.0,67,37.13504798153291,20078.412896648406,47,3806.281124166703,46.283809622393676,0,0
2276.0886878970978,46,14.846930738254796,15624.685082215055,57,127.78579155764383,18.48501490182747,0,0
1500.0,56,26.755255408408747,18583.70411557854,58,1806.9890428082729,25.388944711279333,0,0
1500.0,44,6.763015558400379,8073.840385185212,11,36248.65004604091,25.641585148091004,4,1
1959.8841087087428,53,32.96667404934152,10126.030522592555,22,6186.777333527002,5.371735847442654,0,0
1863.7287538749674,62,23.323893864234655,24508.550169140904,51,2068.2592011824486,1.488730064815858,0,0
8389.146512175756,34,13.301185140563994,82748.11267635477,50,64941.26604700703,11.928223211940772,0,0
2802.1097762484505,73,20.07751314118624,35350.582965338646,13,41203.61899849526,24.133308825442967,0,0
1500.0,51,3.3069745186673094,8370.681514076337,59,35567.27416135998,14.151170706816208,0,0
1618.6929760972719,63,30.317024147438197,18094.230511595626,47,28322.577686475488,10.138651936336455,0,0
3872.907564101389,20,0.01551929667484897,33101.245392304845,14,26757.237590383298,1.013726081038077,1,0
6964.93479999679,22,1.9011719062620331,77647.35589312701,42,163511.94676089837,1.768689374899493,1,0
1500.0,31,2.50642473466397,8917.433172227595,60,1351.5403224450315,4.490850102002272,2,0
1500.0,20,1.2547510088707243,19743.999573052657,32,36714.525272504725,0.8854903186768377,4,1
6179.736094931894,40,21.547237209032748,90847.05959329284,41,9059.601388232737,8.444364955903577,0,0
2736.097181194287,56,17.647310440184548,14825.761616151582,11,51565.16965812752,35.716061607402395,0,0
1500.0,47,23.707449439244332,9165.824276318874,11,1698.6577190044843,28.427298066799224,0,0
2963.262088329612,67,24.88142516060493,36269.209582258874,50,69011.5176280062,41.155145693075944,1,0
1500.0,62,21.81696136857706,19237.421944740374,9,4074.971127417718,43.5782200045335,1,0
2212.4516612668695,78,55.82540959072667,28694.82244079136,27,2792.0594057749245,15.9431657417508,0,0
2644.670191103966,40,19.579249112426993,33338.38073766634,45,58795.32617382479,18.544352418216672,0,0
3671.4742990544323,44,20.430812094887337,28188.592732499834,32,8792.619570254097,10.572354309468146,0,0
1500.0,71,15.701554925789559,11568.768697293797,42,29922.42340425313,39.545229082220935,1,0
2314.914282349229,27,4.905075741515465,12342.890540616605,7,43233.02896503084,1.8125337656742593,2,0
1500.0,42,5.37353359933644,5499.259347357256,14,22457.926443313736,19.486946153791376,0,0
2541.3763049874715,30,5.327000376558477,32463.07190827091,16,24013.63753334887,1.0015731138830342,1,0
1500.0,33,7.263195986396859,3876.314042293977,25,34334.27061123709,4.058365600746055,0,0
1764.3621897208768,58,33.26560160677324,29892.651484234942,57,38422.570800707384,32.87810467388623,3,1
1500.0,51,29.568936055724773,22580.500743622008,48,15984.266660868483,24.6562543201211,1,0
3159.3605641983263,72,22.389483369409806,49215.24747690754,44,18302.567218026987,27.06732476952962,2,0
3540.9421477890314,54,0.6373600226365395,58118.79308365543,19,24129.01281342206,24.22053987444752,0,0
1941.000200610924,78,51.70643038736128,15423.73981306623,31,10691.202696500839,11.134441469755778,0,0
2255.2833479320343,39,3.6598522485285745,34717.634062852885,43,30516.913466234615,14.023036069271878,0,0
1500.0,34,9.950111422246296,5530.563157437058,35,32570.20607138616,0.12761867746388056,0,0
1872.7773906078412,40,0.5493598095508863,3000.0,41,36220.07503180971,18.330749082393133,0,0
2148.204080430493,71,21.173843188809904,30812.02132452877,43,42722.97040199825,27.36324322394401,1,0
9334.161232771005,53,34.50861057403724,21202.948758033253,40,104609.9265080054,33.03574580633536,1,0
1500.0,66,4.833292852982549,26707.379016811003,60,12091.681192439255,22.95188483149353,1,0
4940.873820665998,26,3.3895452159971384,61620.30204671864,11,93549.98251017286,3.4646982586107287,3,1
3821.0186387279236,69,15.664647459687561,52763.09020377498,8,75780.18745276808,22.952693432288516,0,0
2576.919629306264,19,0.9050881233882643,13345.004926733609,6,44796.765388524924,0.35972862027529606,0,1
5809.450495627983,49,26.94954334512801,72360.84048941372,58,4663.118474159245,5.166927599122272,0,0
2709.875603177851,73,13.073431816842586,4700.926713325314,23,39949.30374410814,46.31344998200281,0,0
2735.412586069127,67,3.978201565471127,41695.9959126637,28,23732.838231686517,19.065184980156445,1,0
2144.761509589991,70,32.611196491178106,8329.416348754874,37,10519.666414320778,27.513638265820642,0,0
4328.441759015042,76,19.509385289255167,55642.49597599306,34,75141.23637782632,1.153441154879313,0,0
4036.1965463719403,39,14.113772202727324,19439.002751029402,28,27095.60653666876,1.2653313269939805,1,0
1565.3699923622503,60,1.349029754848208,3386.997126489728,41,35723.35395056689,25.08169563806947,0,0
1500.0,30,1.600790822129873,13778.088803009556,11,11177.965266119809,10.550736990163307,0,0
1975.0730212417693,25,4.8046056294085036,7659.06767646858,22,27413.055606824706,3.4537707961825217,1,0
1500.0,76,12.31749800754487,20100.82170232702,23,31041.08113693626,9.568525675093673,0,0
2132.5238939342353,18,0.0,10744.976129698873,36,21438.17410081296,0.0,0,1
4361.585748818318,34,0.9374542033621669,29754.883899691027,11,90356.56864176336,14.396608022286783,0,0
1717.2579622340186,29,2.3703018106413207,18282.73069164046,39,31069.335019828388,7.718016394167828,5,1
2156.9428270773215,21,2.995680745455206,12606.167625581664,49,49656.38030506079,2.8985866635343718,0,1
2279.95846378553,70,22.519957334513215,16930.51094476079,49,18572.23171925979,4.282128309882781,1,0
3521.4812340731396,30,8.435587962535722,52348.826168016894,32,9246.358979356346,10.831354260280957,0,0
1500.0,48,5.47989146571041,6069.851163806156,41,16138.106172391028,25.36896937580448,0,0
1581.7938623016935,78,36.59212409913226,3792.235347439118,53,31074.87306193449,53.591110975449226,0,0
2480.4766809603816,58,29.044242734776738,16326.701774542697,57,27932.344876244428,0.23051826428558186,0,0
4272.880316615824,76,18.23964488025761,35099.16960486104,47,27986.076752822304,43.03040187057729,0,0
1684.8867904816914,79,50.56272383052855,17228.317545952752,30,1162.7057317023268,33.48522496385998,0,0
1500.0,24,3.6205054708336997,10996.80425246268,15,11738.392610843524,3.4390766025505184,1,0
3105.224502453104,40,8.560706211530665,44803.72832965928,44,55380.21264927494,10.322443721760624,0,0
1557.053739711026,41,12.825775046892646,3000.0,51,5746.063779140798,17.081569108209045,0,0
1500.0,80,35.759172541027304,12510.072224063228,44,12782.976761521428,61.990036009537086,0,0
1566.517114521866,22,0.6621411707754641,11746.294465941815,17,792.3232753213019,2.8421534370966537,2,1
1995.2229017623133,22,1.6109294794678646,23960.301306053167,16,36001.55279745075,2.7122016641572917,0,1
1583.4961497644758,34,5.49488940831189,27595.10646606686,54,34863.95535420957,10.471003450881295,0,0
1500.0,47,11.626178954794655,14514.572869035985,48,21319.811913301284,20.16113842557337,0,0
3616.95000015227,26,6.088884707882063,64298.18159898645,58,2339.4528353072815,2.7368997394466597,1,0
4452.323050210772,23,2.4126920373333633,27329.426164243658,8,24223.454884340244,1.6010987183320935,0,0
3160.030932303628,42,22.567587677742345,4818.283244466254,56,34639.400759809934,18.824111478492153,0,0
1500.0,36,5.286175440451851,5724.410770648525,27,22034.295771055706,0.9555843123533796,1,0
1976.6912822602224,33,6.235553674273935,15254.369839605577,9,24524.62799383422,11.388716073050759,0,0
2200.441446294071,38,15.739136209580828,14033.703605288227,13,50382.74019442126,16.27683170339137,0,0
3069.7055203152745,19,0.5460245933207503,8134.47474834957,19,72033.42705065239,0.5215979595862678,0,1
3189.397379848611,27,4.92325331782003,26648.122615023043,25,8543.794581668524,8.191332858717137,0,0
1500.0,33,0.8001024450777527,10121.95217731885,29,5189.657932775199,7.096311557207767,0,0
2310.218888671802,54,14.34958785786441,7125.931955326566,19,20679.630535525255,6.411120051450398,0,0
2839.843495840497,32,3.790272253904255,17135.590721218563,33,29906.028489663582,5.05958108189342,0,0
4918.221582553339,30,11.992021473973384,79032.93354559291,21,72060.14641654007,10.870410071173035,0,0
3253.473900425392,30,3.7002608475877232,19959.51160931075,37,62886.376669839185,11.924859459892645,0,0
3408.3418058253615,49,27.419392578609767,44776.21178686298,52,11568.568668676891,13.077472976673986,1,0
2312.546657411867,62,29.75428434178101,26374.132937512903,17,46403.54365675482,7.341248006120946,0,0
4797.031316644485,64,15.68215482283616,39633.45535385489,21,73158.12309452251,13.171146890770341,0,0
2766.5865248565847,63,24.459047026835563,14008.433324753603,57,67842.5432919167,24.89833541312838,0,0
1500.0,25,5.883751159644357,10909.874833321608,24,24418.78792809496,4.004671427940026,0,0
4778.363885709661,60,37.1014685172983,52876.52721611926,10,85543.64462791335,26.46249508113036,0,0
3241.6793742775226,35,2.7266958751044688,22571.180223424337,17,15820.113897300234,14.201007333733298,1,0
1730.777119024753,73,18.676522766449327,8053.720232259907,34,33268.217000601275,39.11677834284152,0,0
1696.425836928531,53,11.732811307475009,5055.122913339765,10,3361.7297954075884,9.129407927587742,0,0
2599.6095764429015,43,1.0511199018986173,41479.46904251131,47,42668.07022852609,9.87610151740001,3,1
2849.0806361011128,27,5.3841398386670685,24175.362577760938,22,3958.292462316181,7.558349254236122,0,0
2461.4619624855627,48,25.64460158976564,28623.212506679745,52,7090.599406243273,19.001480118171333,0,0
2620.7603652463645,50,12.210380410416569,24469.976997195783,13,7067.291411892826,5.325377543831152,0,0
5625.001850312494,46,20.721006459556957,89064.20261514517,45,7380.574043470002,9.115086514248919,0,0
3981.2405023760234,22,2.5108016544029597,40998.386676749826,45,31963.281575854307,3.1643636497236054,0,0
2452.4666063895406,30,4.50778482591601,22497.17293876737,35,60965.40494968329,2.065129479880567,0,0
3706.0460012951576,18,0.0,61958.48065817598,15,32263.48085841024,0.0,1,1
1500.0,40,15.60512476107128,19852.08469915654,25,28529.09675019562,12.397803797094607,1,0
2748.635477371152,57,33.32804158870838,7961.00603549878,50,9092.281101117695,5.75152134964466,6,1
5973.680361181373,20,1.3717089848029838,24020.024410258706,21,67874.61101284635,1.3777578480618728,0,0
1958.775393133135,20,0.03575696806963613,28169.322613203964,46,9065.008589594763,0.28469794131033943,1,0
1500.0,24,1.2973973663459475,22814.208690088835,21,7203.6438784951515,2.390613474658087,0,1
1542.7951940925218,53,2.431799470923617,15841.797640817578,47,3845.0327331333374,10.799597358358211,1,0
1500.0,52,19.39312738559171,15638.608310599302,8,16201.655738547453,23.460338391356554,1,0
1500.0,32,10.590687503765773,17614.290552711835,28,2832.559528075103,10.953072992493132,0,0
1801.22189794845,57,4.312588295677718,15247.286020280593,27,40969.30345174993,6.564346696280626,1,0
1500.0,20,1.6766756411867705,18845.077648839553,33,16796.262058948287,1.6239934851978834,1,1
2227.3995962020003,46,15.554251395073528,6335.128454283632,51,46695.54712068516,0.20199356784761902,0,0
3627.331183068528,47,20.009101352110022,62904.260098155595,50,88821.0485280965,15.371697872933456,1,0
1500.0,56,36.91327024712856,20628.948006770504,41,25416.719205758985,19.63797781523761,1,0
5092.9176525515895,35,1.4225768002108543,59739.72782490697,9,114783.00122434451,10.604964322780935,0,0
2924.6662444387944,28,9.012240229777893,18651.98576705902,43,9897.620445212688,2.3970053033467495,1,0
3892.548338864063,60,5.296313231471191,14543.507599486757,29,80769.7596867388,0.41398685706845995,1,0
1537.9274778054955,66,18.86202271856075,12240.10394042637,24,10427.814730018772,21.828619974787173,1,0
3533.304654989272,77,50.23488308353575,43271.69166573944,16,41745.8212644952,4.212966464237017,0,0
1500.0,55,33.53140675930112,17659.59845728933,45,24246.84934103746,33.01117381185412,1,0
3603.4108184265147,57,19.74849526826067,27043.23653998098,51,81395.9689065337,6.7729867018777625,1,0
2427.2437586652118,18,0.0,27733.36847766312,45,55280.10043723536,0.0,0,1
2993.7682913666467,46,19.8281253687596,44408.72364657087,51,6893.329406168695,12.152010926730744,0,0
1500.0,27,7.494828016074427,3000.0,60,13670.83083078969,4.975781830543843,0,0
1500.0,45,3.2808015775169865,12990.836722222031,44,29744.070250658126,21.128373416800727,1,0
3067.0624322577423,74,45.36388126083675,42618.17858065186,58,53915.65197368443,26.440296428491656,0,0
1500.0,48,14.438284515348503,15426.683996816118,23,988.2166882810503,0.7725980166141933,0,0
2849.114321713811,36,8.111221651947043,34403.3218120514,17,32044.658678376534,13.879987401151611,0,0
1500.0,20,0.8477995039939965,14675.248011436222,19,31096.991067135663,0.164346629241783,0,1
3520.9841478303824,53,17.82240548361149,62891.3514716996,52,64934.38024883473,22.454365229060244,0,0
1500.0,60,39.692123242573345,3000.0,23,15444.3672124621,33.744039363379606,0,0
2992.202345716977,32,7.674852819090122,27970.395294228176,49,54993.770869147185,3.957662414734613,1,1
3115.3507135555687,50,30.501681224420455,7956.859109305475,47,42930.366900704954,14.371407413889,0,0
1505.3421595233776,58,7.2116052246256235,5594.385192779258,17,34345.47266989427,0.5734336874326651,0,0
3041.5259080205024,60,30.413711110970592,22846.884039584347,45,44644.062806053145,33.76275838277519,1,0
2548.456714231091,68,40.61197693043736,9287.038953012188,32,25531.34271425975,35.163054496040964,0,0
1641.9453043830065,62,29.881668578733922,28541.412794006737,11,35421.71168912659,10.181045353065095,0,0
1500.0,43,15.173057005663509,25643.139306491557,29,1870.0815864990338,9.755654946644732,0,0
1500.0,33,8.472191716292734,10070.795978625396,56,33769.14913640538,10.429747527016671,0,0
2676.61315459136,53,30.13256689025436,31786.684562807593,38,46596.27609606405,12.535709264792235,1,0
1500.0,50,26.292691109264002,15110.709675141545,50,35272.71976590292,5.197272817846393,0,0
2327.2423612708317,37,2.323485702431391,34594.408057344335,59,14574.63857842158,9.851605048680257,0,0
1910.4679311277985,30,10.183051884370538,22288.618104525085,21,33190.62454500056,8.682810843437277,0,0
3208.4028137623786,50,13.25019582209416,3222.172400626108,55,64927.10557946201,10.265904224094268,0,0
1870.33899708103,22,1.0147873199832431,26136.050851728283,17,32829.245873118016,0.48708908657783123,0,1
1842.361989842531,54,31.311668448501333,25233.76003448416,36,9687.770457014924,29.863589825231163,0,0
3302.809957346948,31,5.616322395238641,31922.602823670553,42,22755.499239298315,3.2864242638126004,0,1
2655.2176719827053,44,21.017481944597233,43411.806711629724,58,37620.607476812984,13.33318880677177,1,1
2627.756650179014,40,5.794879463028579,43209.74114183738,18,29348.7966798038,15.209549288763347,1,0
2858.6283029090937,31,0.051081178488831425,28318.997006188823,13,52535.670019061115,4.12197760512487,0,0
1500.0,57,19.32290852321483,17003.699895511712,43,14200.375929987018,25.296824957524315,0,0
3348.3861885714005,21,0.3006847699286528,60072.97880663659,8,71946.81771853087,1.3791285193245848,0,0
3092.8795733657994,56,28.666286309946567,18804.534579428084,25,33396.94495145119,21.676592894706154,0,0
1500.0,69,14.079831939539929,9777.739678942673,9,1501.548026804715,30.119381284464076,0,0
1930.9275059256822,36,7.985621638862617,7930.621158237265,49,838.2192935305624,14.834712364143952,0,0
2161.1180701041676,64,4.003543994211495,35074.37999069482,50,34942.17723733041,30.191008578025478,1,0
2050.8851687638744,71,15.192940167704391,28007.508522249256,7,27715.30933033152,14.008254685773757,0,0
2653.468634076663,21,2.3444707297757157,7418.908394235361,56,36003.89718647592,0.17881302341533878,1,1
4852.511718626887,47,4.3960494451672645,85841.15052173482,41,95838.2002024732,0.057580778178849434,5,1
4003.6899413845786,36,11.648872100285233,53754.93859591773,28,37606.68310504247,16.279512925805918,0,0
1500.0,48,27.522775584135037,23188.31379492685,50,37329.26240981193,28.26330155406619,0,0
3109.2552115254894,48,20.39510279273161,5654.37777851477,24,73497.35982438507,2.8233446299400375,0,0
4586.687320130315,26,6.488173514337815,43960.350669377985,45,1486.2893267319039,3.896428946257984,1,0
2731.878334969812,70,5.666524723803621,35176.132249032475,13,61176.50655370171,7.882950579947792,0,0
4024.0302689344126,30,3.0087819120246535,41166.199611372416,21,68463.80981505106,11.384989040449016,0,1
6679.168248866073,31,11.629005079127683,82374.2282123221,48,83838.6458931033,3.2088227186928084,0,0
3877.865879968422,72,38.61570313537682,57795.16661021492,23,56495.413660676735,27.088943162237943,1,0
2532.898878582549,77,37.73367575626136,18651.583637306572,41,53308.48928346653,9.771591312242089,1,0
3923.7325495155906,63,29.869503125476502,60532.863956265726,29,93290.40927708359,14.974248802637803,0,0
2391.5292842951426,71,21.952629378146103,9015.046086596441,6,33501.356813311184,14.140737129140588,0,0
2237.572101595821,27,0.401009684558879,12541.732452048052,6,10141.317112178023,4.27883438674967,0,0
1820.237325793776,65,36.868752477324264,3161.5256859173874,51,29112.602016963854,19.72975221504098,0,0
5218.041126669095,48,20.361397086460617,37545.140643208826,41,9942.842792097641,9.923933838011259,0,0
1500.0,54,17.02096070805809,11187.693393015068,16,23817.70263130754,3.811594235342835,0,0
5129.698931228696,40,19.794711538101662,75353.22620257549,23,103698.3774800253,10.65871448415286,0,0
2907.1406077180363,44,8.74015128961257,35185.766401385736,21,25679.604174786706,22.10540847038036,0,0
1500.0,23,1.4716087211561795,12636.4252329695,22,2669.4159095690134,3.6511166829278303,0,0
2703.2421046823347,43,21.81990812698607,32671.215493832082,29,46781.37040717522,18.014372104066737,4,1
1500.0,19,0.7969876547589855,3000.0,39,12724.828131321718,0.3660917367453087,0,0
3115.140109731538,62,22.659111668527167,12661.848682125405,9,19399.274286823507,31.17043955001026,0,0
3593.483393524205,78,7.844084367470998,41893.23740261089,40,61914.08014705854,27.931888883995118,2,0
1594.3226025163247,30,2.5808576575806295,18977.59808122964,20,38645.84056188208,1.8033130900580314,0,0
2363.623809381374,68,32.81139952044033,33469.59669618075,7,44041.54292370509,20.95248749890255,0,0
6469.063218732189,67,18.867020654180173,50788.58883240926,56,79464.36187263063,6.504192920548275,0,0
1672.1062071599251,77,49.351918308292305,22211.288436491945,36,25102.942660787725,6.754486315485617,0,0
1500.0,36,17.099190167979675,18941.49848028483,14,5335.459075717082,0.4150675522369931,0,0
4988.621366697188,18,0.0,86690.7028284943,15,101420.329315982,0.0,1,1
6499.125801694994,57,14.724271496826729,30267.81869147401,58,98184.73238250558,12.904116585435847,0,0
2212.841288148153,49,24.449279306174144,22966.089668637986,30,53430.7345509644,21.68275510109327,1,0
3851.8339691142255,39,7.3802751428843525,43256.07820105922,56,94320.18275404103,11.298100482580457,0,0
4618.437639167807,65,7.853704124984793,83025.71830011175,10,40940.91316786941,40.34713646650567,1,0
1500.0,46,0.9350097362440071,6630.1956252496175,19,37070.47258172516,4.941177547758382,1,1
1691.0108928636985,19,0.38571671276102004,16732.05620168724,47,40450.397966967095,0.26595664585981404,1,1
4345.868845864828,57,35.238812844193994,29921.95988857497,53,69515.64495223132,36.70196833459321,0,0
5578.961089088617,55,8.84250374696003,55455.88003745684,43,46509.62677422019,16.429674167853133,0,0
3009.6662557163513,65,9.706118751699847,14886.369808233887,45,56682.56603646169,37.08539432328682,0,0
1500.0,72,52.370322403016175,3000.0,7,10171.396175855096,26.577053027072413,1,0
6587.199739272389,28,0.2500411285059212,70704.45088600335,23,103722.68879892757,4.710856570257476,1,0
1649.0687377612712,34,12.57251440630007,11064.465234142333,34,1013.4192710145525,2.369860608474278,1,0
1836.6053356545056,72,17.353977610007,7517.232672524271,58,28861.46295084149,45.96477899122365,0,0
2665.8701909032243,68,1.8743978434829667,17346.563070376687,58,63421.603992193755,3.9177640273817316,2,1
5191.553367075282,60,38.54770668880251,9540.846894930484,58,30518.94137764504,13.030965975427744,0,0
3532.237448022887,77,8.238897482365433,60604.42752242805,25,68717.86810651745,39.734616231490584,0,0
2774.3618206701326,25,3.862454986079868,30183.70980755586,13,20351.57735428355,3.5508028556562086,0,0
2849.243192662986,39,5.755138356020503,42314.30321435412,42,50420.90194983218,18.50894486640226,1,0
2261.838071654282,21,0.1955784065540731,18531.260488048578,54,39580.60388215031,0.11789385836374777,0,1
3001.828052741445,28,0.4992248566337909,49098.94831514226,53,13863.773385164528,6.494075194997302,2,1
1500.0,25,0.8088968918543715,13824.61464958246,31,22392.296640788245,3.342258294389874,1,0
1875.9414095806023,26,0.5709361111150404,20179.633954352987,42,40293.7654242745,1.2344945877412075,0,0
2521.7971074090574,43,19.013952887998073,23605.27592558338,54,24116.769700024837,18.581297677814838,1,0
1500.0,19,0.48556620228342917,20198.596544625118,9,26635.385675584224,0.41130685540602396,0,1
2731.149398860436,33,5.143381370234695,29040.730295819685,38,46049.22963260636,7.973728563550252,1,1
1973.454478500578,48,12.551067303960215,11085.252384127005,27,12704.804003250181,29.017981990893247,1,0
5799.410967638545,23,4.644733677863116,20148.15138865653,11,133189.7883992931,2.431150405125943,0,0
5245.683615104262,70,47.35909426238366,59297.8087982391,38,73900.15266404969,42.815389009049426,1,0
1709.244838399444,38,14.313529602451538,15923.426351885517,33,15182.05349415168,15.391550466824885,2,1
2032.535400800527,43,22.117059435542195,5348.79342037337,29,8351.605425831895,16.568864787844976,1,0
2120.333865334978,76,18.539585600082237,16380.632742805954,9,25097.244461533475,52.01510431431935,0,0
1722.5952314314402,36,6.859967868149091,16797.369197883883,7,31442.248163337084,4.528829644869257,0,1
2458.3944204197132,45,16.570228910064156,37016.49952985366,18,38328.84398885104,22.160823249626905,1,0
1500.0,25,4.365381631080849,3440.57692375074,51,27264.470983228624,2.6445124187813978,0,0
1500.0,31,6.262097894160433,10386.631380273075,54,29691.0282112644,10.562381571055877,0,0
3110.351972308131,41,9.215130514072925,46609.10356696945,16,34292.001131192905,11.357139744546755,1,0
3122.0379957411524,65,46.35047464560867,37536.90858549969,40,40599.46476558813,40.31233488833209,0,0
1500.0,61,35.308315923062146,8893.937205996563,44,36990.82918428339,38.47827212079841,0,0
3613.548335208942,54,15.659287123969627,55542.756824144584,15,87452.51274412952,21.515179524628156,1,0
1560.298220497482,73,40.001086248176264,14644.944851389084,48,16180.960539828246,27.91948262571847,1,0
2538.277247598931,43,6.739042331311487,24042.51678678996,15,43479.389920350186,19.582003583308357,0,0
3467.5001898382225,48,3.0050797871198967,61034.88551904416,13,23196.72485376684,8.0095860953752,0,0
2167.897514240648,73,19.383706405400734,37073.17323630212,10,8275.815740354252,0.8441774686902931,0,0
2835.8797959241197,68,20.14864000616971,20120.724876023116,28,54477.33756005094,20.354729137738474,0,0
1662.3103583562101,49,0.5126508613807949,5634.9747680268565,39,18126.66203177692,15.740998119800082,1,0
1982.1618651023875,67,39.924808080158904,12956.072881822884,52,8773.682887613211,14.565873252499067,0,0
1971.9482906045425,58,14.36773609556726,3000.0,37,37410.22164037873,15.334475269510698,0,0
1500.0,19,0.580418165780147,3000.0,21,34318.88849227587,0.13305823291609464,2,1
2003.7470071262094,42,1.7751164945029432,15476.69405214729,9,46751.099584309784,6.6549576808270565,0,1
1500.0,69,8.924838266279783,25496.005478779472,59,22362.51406734823,12.244862743643251,0,0
1685.580744796369,61,38.25683018908508,26654.214400501834,33,20211.846285310963,12.942434714551116,1,0
1888.085211027908,78,36.52125167296805,18304.09527813104,53,6696.40508177804,17.94324663243915,0,0
1918.1206089441614,19,0.9502840501704856,20349.050906470035,49,38016.66155261098,0.5589683710476134,0,0
1933.6726571232964,59,40.948751410044,3000.0,19,45698.63828404843,10.274474548038981,1,0
2134.5896164707483,18,0.0,9954.700619334155,17,47465.8240792368,0.0,0,1
2874.669053982502,53,10.458107242914611,4085.365126623527,26,54028.21579420092,17.89461906271672,0,0
3572.369538143458,74,48.06793908890942,49395.7682508855,53,408.0416385812887,7.222096358946975,0,0
1544.7681683632215,29,10.984725697411996,5369.5809908433785,21,15747.014292892083,3.0756689757671225,1,0
1500.0,26,5.037129873859659,23660.70111315883,59,15401.781438817798,5.838059969085232,0,0
1500.0,53,27.829925287903283,17904.769998732598,49,33538.808735989944,0.47806634332546116,0,0
1689.2474169875468,58,31.269834352610978,8277.510831106343,7,2772.507599472076,37.51271944787804,0,0
1819.7297412046137,80,22.03106190961191,6698.871721611012,28,24167.038377237608,27.60096914699998,0,0
1500.0,45,15.505300266941354,17504.429873537854,34,5105.040147266895,14.069133619676911,0,0
1500.0,55,30.823106826775902,24471.342997199252,51,24836.02178497396,36.57125272606253,0,0
1718.3736065661749,50,22.019644040353775,22703.364689788916,48,34034.773013564656,16.10889875197861,0,0
2440.0764287690404,59,0.8677163732635687,16898.24440013324,14,39160.73853407814,38.85750377294087,0,0
3063.3556330350807,78,20.20234013385201,33652.55800345142,59,60852.4216917877,54.91386694758925,0,0
1625.2506366200505,63,6.501406346757241,10211.366571719669,12,24683.343615826558,42.35919878997957,0,0
1759.6165550044618,39,4.892416453638821,31647.658571701955,34,8351.101039472838,17.05983420733964,0,0
1500.0,42,21.731747459791816,20595.399305777202,49,14349.881943839051,7.113554029385549,0,0
2170.4904966042495,78,2.213597334646089,24840.15217306713,22,51921.86680132752,20.78294902715889,0,0
1500.0,35,3.7366121033527038,12293.108140528644,14,10806.55922917525,6.2047291590708955,0,0
3026.6760927971154,23,1.5478467611911573,34832.77098961567,11,4756.601889652677,4.895904198060975,0,0
1500.0,35,10.487029223428712,10211.209592917037,49,14431.124058583222,6.1328435675265265,0,0
1812.0311549772082,69,27.23918619437914,3000.0,25,16593.997790886857,5.543154770137405,1,0
2606.0971505477805,33,3.2740422428007916,20109.961380119596,15,30641.76161394388,11.674933419527274,0,1
2443.31006744941,32,2.2993749411241624,41092.01368626655,14,34224.874799934565,5.124886082148736,1,0
9712.495342987233,65,11.129507626017585,113122.58527006985,17,240972.6588555571,29.18398785111464,5,0
2676.8339508186446,25,3.517707386911589,6497.3370486843,38,50607.81728012387,6.470522885847769,0,0
1500.0,30,3.254133428534441,24067.337141573164,37,1345.903659664137,6.9060669213365315,2,0
2095.389353681313,72,51.170535086817,11673.146798990225,39,37335.24561903371,34.43580963132595,0,0
1500.0,60,19.4823393000116,7716.122073609549,24,30908.69056544094,27.000227707535714,0,0
2112.5903718426234,77,3.468964976133587,12782.326215356577,38,47302.52189233623,36.1315519597524,0,0
1500.0,78,43.755984350198005,16218.657021211915,53,15900.228858840046,9.586162648857247,0,0
3653.586809385332,74,18.41533613970342,37484.69577717891,21,28646.45596793782,25.559263225930305,0,0
1632.3122534159806,24,3.9209335923494852,15268.704037273405,55,34251.003593949245,0.045984119862350736,2,0
2070.983193731362,34,4.473509928371712,27333.098542426564,55,40260.711099201675,10.02023686520533,0,1
1556.8863671145807,67,27.966443344932674,9934.712103191765,28,20863.929563662346,28.192556456285708,0,0
5746.626371007491,49,23.936727649031404,82148.58063046481,31,16935.707940197615,9.862253796465453,0,0
1850.69491752478,39,19.488183577265634,7366.632882346968,50,30155.284941311987,11.001805566574278,1,0
6050.561604540951,72,14.100865799386161,86550.58165872416,59,9933.14140305977,26.62512022303614,0,0
3455.7108805113903,68,16.742847549949058,42452.61953672722,49,8670.966475249314,12.54576079711256,0,0
2878.8226861872495,74,25.99891953601262,36315.0275617802,46,23832.350803185564,16.424102693185205,1,0
2704.854041445683,30,11.126098052831866,24847.892132102326,42,25099.3885697297,9.150491959545008,0,0
2742.3994120719494,64,41.46379541329023,33838.53780034852,14,31672.933316130202,34.76368668235953,0,0
1500.0,40,1.9773221622140367,3534.824687266164,35,12717.860970703076,10.335207305276532,1,0
1894.317952523114,79,8.047719370982461,29317.16361732449,18,1600.137735556283,43.76804609737475,1,0
3515.1479139838225,71,26.261986398523828,6834.512526652233,53,13833.485368436332,23.892467852239616,0,0
2149.749384737847,46,2.985339638551858,7585.617863368758,47,6186.546943084496,23.838472977091698,0,0
1500.0,39,7.257198340322647,16208.137566679525,21,16169.38494622348,6.988940326380879,0,1
2145.6065218936337,18,0.0,29115.869222136236,51,11378.630241081979,0.0,2,1
5637.849818458574,46,17.809129943692803,12946.0625779726,7,41374.106906431436,15.183942215810784,0,0
4384.322739671896,65,44.6262852917406,73012.1346512582,36,51687.59882298407,25.177329470748287,1,0
2134.308092852292,22,3.986935081177526,37459.94572252208,56,12569.039594023674,2.6832415373041747,0,0
3726.769689334659,75,21.388744552324145,42116.79423554257,48,22913.028298779627,19.42879261643701,0,0
1805.1900187964916,52,20.366429661896817,16573.700017172294,24,37599.58883091619,24.627205410842567,1,0
1500.0,72,46.23845329030039,20405.57179313362,16,20553.257552274357,17.302955542242476,0,1
1500.0,27,1.0571586551674559,9873.112484343737,19,32128.47943424988,3.577849469629071,0,0
5216.5358102033615,36,12.41215939893537,48959.77274515609,52,67101.07155046675,12.144661862275022,0,0
1899.419904268338,54,14.718371822102457,31482.063330269884,30,43176.86453260323,13.624167646849731,0,0
1931.667331619847,24,1.2368769616809845,33313.80954043368,12,12301.923437304964,1.1998447361283642,2,1
1872.6109988308456,63,18.12391284363489,31385.287996526105,20,28869.577182065354,39.235565644897804,0,0
6293.515674192699,52,2.5826497568071733,34372.77306686725,35,79177.42641252956,31.353282946992127,0,0
5400.665163806127,62,30.59791453792945,26743.95176556216,36,124038.55210106721,27.576166191527737,0,0
7482.551544647972,30,3.032912024981437,45346.481691328496,29,78282.37529250012,9.733809254374242,0,0
2023.3809609238292,27,2.802650805403902,17203.36950598958,60,43240.855717696984,8.879871192972777,1,0
2598.25012560557,19,0.12108129824146274,16475.103961319808,30,36629.0942579044,0.6147747518198258,0,0
1500.0,23,4.323295569449458,11042.426291345977,13,26570.360694768646,4.543963216250067,0,0
4975.663135934464,25,3.4541099549791703,57473.02999485623,35,110322.0317237467,2.5147832480424337,0,1
1500.0,53,20.02514072252401,20944.404765896386,41,37383.99055142982,24.516535256051515,0,0
2487.980360328932,42,13.66638439427651,33598.90433021064,55,45476.52156437724,1.3393311911243124,0,0
1500.0,61,17.651203925277695,22267.800960518376,19,11794.573234416854,33.92577689123623,0,0
1597.3850784534718,77,11.359265010850228,3000.0,34,11940.932409086141,48.95838553904448,0,0
1500.0,64,34.2761064309264,3000.0,32,11591.393433448657,18.454070077803628,1,0
1580.7719878947214,57,4.955194348949299,22793.95801152047,58,3869.268252781774,24.919245619215854,0,0
1641.6916995325757,24,0.623242741672863,16519.260022250706,55,2199.8213995942097,5.150166614354152,1,0
1633.454151157212,63,31.95652669184265,17687.68097081978,41,23719.50518752597,39.76236740290726,0,0
3492.3622597318076,40,4.594414449943644,6614.452481230012,39,70771.71951601568,2.343693534965221,0,0
1500.0,36,5.521909524350982,8010.501929867408,26,1355.0452430760072,14.894779437592153,0,0
2493.138867293346,63,21.38523601507831,29548.739653731536,43,35317.449698767734,12.340950836674512,0,0
4315.107575371971,39,9.43637765132047,67341.96638023475,16,40104.730760435195,15.27344482309261,1,0
1665.269080917405,30,8.502949500779991,27624.678764610908,38,37155.70032488774,3.901969841910664,0,0
1500.0,78,37.40590760660166,14260.697143794585,20,5452.009833033233,3.3797802378346287,0,0
1945.3777558701508,38,12.887923245637314,19984.986214947014,17,27402.202237272242,4.197414197022152,0,0
4225.314033980183,18,0.0,64063.551085663144,29,102561.12222867645,0.0,0,1
2457.154364653173,76,16.971538190560988,24914.607147264967,55,21194.981487471516,42.991259963540465,0,0
1648.8479946112454,36,5.801999612408526,16136.607431220073,42,30576.934315880506,1.8126652916224368,0,0
2881.6898604424387,78,26.279864873733246,47220.60526633114,16,63573.76364536831,48.77604749400959,0,0
1500.0,77,18.14026820897804,21643.28438692494,58,6982.896092689827,58.82011442578223,0,0
3212.3168976660477,50,31.51801180706763,52856.210537449995,24,79707.79581371177,25.224244581732012,0,0
2764.828866394107,21,2.442155779264289,13022.896736489418,59,55945.39038935922,1.4212095600866443,0,0
1864.4200915818594,59,6.750842218497213,18484.575370087317,6,6411.93916771429,23.2945686446838,0,0
1500.0,20,0.011188311763739023,22983.039279130626,22,11658.176269306412,0.012321016605349122,0,1
1500.0,44,1.1123649744289643,4334.269600411278,45,23436.376438400388,5.441119784240334,0,1
2963.5689133259907,69,12.447236003189188,42999.18188338419,60,65562.86930260916,45.848394704462315,1,0
4341.344085938352,58,4.571651433474262,17845.30115746701,21,21146.201093417294,0.8691761094074346,2,0
1555.3886656444588,52,18.133495906347452,22923.347449625417,31,28432.72188368042,30.763028398497383,0,0
2841.571965354465,45,23.165871013638682,32405.33198320263,48,19226.645170980315,3.0578204194605196,1,0
1500.0,23,3.683751104566137,6427.517782864112,56,30203.116898537424,0.6653706497941714,0,0
1601.1225374512137,23,1.078045315410952,14485.389297801228,48,27356.860822785075,0.8767495542846121,1,0
2170.9444601101686,72,21.56215982539244,27337.374598734914,20,28380.161798884226,43.1668075475806,0,0
1500.0,74,28.442075733751548,17663.24897253033,13,24369.973590337504,26.778448219173246,1,0
1500.0,61,34.838851528643424,12394.80350390846,35,32866.696707518146,6.243455099891822,1,0
1529.5383608781415,40,18.460675268335624,24915.00367094257,19,14776.329406762929,15.109640032637149,0,0
2593.3506363060187,79,55.49281702637433,25486.096444638297,38,49873.38610465391,57.38199034587242,1,0
1992.1486121933394,50,16.295848016092005,19124.116836397985,47,7914.081038929984,18.3184471759191,0,0
1500.0,33,10.414121196537945,3087.390043507084,12,26294.45870407131,1.4805000858080775,0,0
1500.0,80,6.931623016504104,25014.06993983975,23,28149.651092689146,3.3945375830074673,0,0
1581.6504227212497,41,13.001646078941588,6343.97084997971,17,17516.687358405605,18.3050642771425,1,0
2840.4779871541155,22,0.9947672378845405,28353.25299986989,7,56356.653005558874,2.50433460949774,0,0
1500.0,58,17.268675401064442,21990.973835707908,55,20891.37622042039,36.906293564984054,0,0
1677.648522813793,59,25.996070840575495,7822.381343754236,34,39268.48400496383,22.437256192967503,0,0
1653.358047320775,30,3.083831254245373,16476.28488688126,26,4648.682173755215,0.7487448389166405,0,0
4739.020643351971,64,2.4005126586510097,24129.403450347996,12,15499.135991586105,18.56959509993791,0,0
1786.900803521418,29,0.11257242049633265,24864.394037519112,57,37633.35682744773,7.237897574505596,0,1
2726.1453796873825,22,0.08863814217808619,28880.238524888493,32,57409.98241716589,1.5395414037490522,0,1
2386.7584495156148,54,0.3005905504957078,37117.88794496724,17,28117.49141418012,35.985290282648386,0,0
1500.0,48,3.3106516967362642,24311.229073373263,25,36148.58287020865,12.161358410212351,1,0
3369.480877337071,45,6.466195293393507,40529.696958333974,19,57229.73293449346,14.748375414083855,1,0
2486.0939873193593,45,5.972980882922078,33143.73785132679,15,61086.63867981182,6.085584880839345,0,0
2920.6099248425794,47,28.617101231217006,30189.590393936898,46,38872.98187913644,4.41200792476356,1,0
19137.99181278014,35,5.2021037885520345,144210.2888954774,28,96461.86328914366,10.970194155575266,1,0
1500.0,61,5.479093684454162,18027.007037031282,35,16664.742263592398,25.310348117374332,0,0
5702.062083120923,44,14.184626148361707,93747.07013191322,52,139769.9211116262,0.1128102925633907,2,1
1885.4161869218499,52,29.170553483515285,15240.88706557104,36,17459.611572583868,9.682572183123233,0,0
2586.4224267986133,43,16.95150941969188,16410.773864998584,57,61881.21913686871,16.08948932532286,1,0
2153.7553353669487,74,16.580596991585217,16375.92352600752,15,42914.72449887288,45.485963361017184,0,0
1748.7735919357458,56,21.34141407207529,14692.775512928407,24,19328.59677180206,11.870008815514083,0,0
1614.1953714147069,66,34.31308676161964,3632.8072037843613,24,21867.14279224105,31.076945725864984,2,0
2647.1260063879045,68,36.405224618387116,25077.57810067241,49,40199.19446925591,13.26289650754231,0,0
1500.0,77,39.32576886256364,14105.01332527652,28,24966.22817738646,40.73241378312493,0,0
3336.9701786509872,35,14.803777221185506,36718.50175766133,49,6398.574964263668,11.865115977261862,0,0
1756.5256549364497,50,27.84337466701134,12590.671412947659,46,40996.78413028084,4.167150896626882,1,0
1500.0,42,13.894477425768079,17134.24369686754,37,22387.489241274954,15.962154815448118,0,0
1724.155989195419,73,23.642100301116674,27465.2484790577,25,40136.16259536415,18.346194992420333,0,0
4409.12735102694,48,19.247108866952995,76026.61306521246,9,69653.02082074102,5.177847947778822,0,0
1645.1152180937693,54,29.45563204933667,17966.973968157974,38,17726.75350510173,18.01300437985587,0,0
2689.604645913997,76,0.327822080788714,4637.0027163458735,53,38120.30534317258,26.23320766670583,0,0
1500.0,77,58.527823531876216,26215.517930311278,6,31106.37277651069,45.65861385265782,1,0
3350.473698828216,19,0.18289377232919923,43555.0022893992,18,27316.900519682913,0.08451550916121853,0,0
3219.6542478677734,50,15.047967541119238,21608.329647181443,8,76986.76714200836,25.272104602616988,0,0
6104.215385568626,56,33.13712992402893,21375.01452513897,17,71107.2721857862,4.031129760153235,0,0
2005.0811845642772,78,13.502423942651962,6893.702520055951,34,47933.32052224052,12.447541684743715,0,0
3189.9487908241263,60,20.025399403816095,12286.581904877254,60,70239.21245526557,21.66704896984618,2,0
2330.730803018942,60,5.568451567609525,4136.424561260759,36,44730.33420310295,19.453333200941827,1,0
4504.037429319439,80,24.49473217406794,73580.75338538985,46,52633.93361359723,61.30925643351099,0,0
1500.0,49,5.4911990985830785,15289.589937097076,41,22010.442911787006,18.27368511113562,0,0
3326.7559604057633,35,6.181671729109669,42912.85648129965,7,69697.98356412632,5.566405119197537,0,1
1984.0916615106912,34,5.975427468683552,29915.825858620756,27,26986.414496906633,14.40238189670377,4,1
2131.745704460218,51,32.77463605674498,30816.93608709382,27,39340.81147158089,10.30309357382262,0,0
2322.6495639649656,56,37.80289511354334,37172.37020478091,46,45910.59750164531,10.403474137155023,0,1
2536.986448486779,24,0.6887176719636745,44253.48823138074,36,32542.892126111194,2.966230771193157,0,0
2071.5948038809865,59,29.764719952462237,17534.39367249694,57,27772.189315388357,37.44016616339624,0,0
2485.15982098862,71,2.742510422462361,42634.663630809446,50,12291.272260911688,37.55125552871844,1,0
5260.413588637546,70,1.5699847975338086,69942.08622602504,19,32185.73240205812,35.229127204301186,0,0
3797.1168235515256,52,3.5813524043287863,8358.818186800201,34,85904.3746316253,24.68662701131794,0,0
3561.848839135877,47,27.999084053230085,44844.791959290545,40,74828.17638390852,19.12957771250076,0,0
1718.9230855883827,29,10.349499026841672,21785.94611628791,55,434.9974889955453,8.357759956347405,0,0
1500.0,52,6.593545889543135,24599.44437670944,14,32602.034474552336,6.553908738790538,1,0
3734.6721167402047,28,1.6167233555371152,27411.919138472997,52,2356.100589253976,1.772582867616015,0,0
3575.376398542137,78,14.432105190956822,39127.11554477355,59,40963.123414859525,21.729800627484227,1,0
4964.008564587917,61,22.168520745231113,5992.49339384983,37,8368.415748700803,36.5912704882208,0,0
1584.1617082683233,74,31.903459393982953,10527.196718037565,32,38369.312950704676,40.00943606781574,0,0
1946.4222826753185,21,0.664780291318342,4006.0160670625787,15,47313.59663429023,1.6994200285283076,0,1
1500.0,42,18.158946914158683,14807.760805504871,30,22907.660323748143,0.466738499474876,1,0
1779.5946482786007,65,14.548998961924585,26509.92753781013,54,17449.144008253657,11.082707344985728,0,0
3820.412884924788,49,28.58607109141172,17228.250342068543,50,48900.59249578623,24.908932219046868,0,0
1708.5964814955576,37,12.47773142267788,17028.723030313653,38,32561.54842054639,4.607247168600154,0,0
3140.8975668185894,67,21.381208520876974,14033.991477271577,16,17525.65560290411,35.78421966235642,0,0
1988.6738562955643,48,23.69736005108536,6068.843869252729,42,21961.049250521366,5.539027947896519,1,0
2639.200648207359,21,2.4537438781399943,25565.792744792318,14,48645.0001304733,1.8191026745980758,0,0
1500.0,71,15.395525097274014,3518.2898342180547,12,14827.217918892271,33.29520243512659,0,0
2314.3061382561837,55,12.569438121935121,25422.719417245553,12,1851.2436870494237,27.822750350399822,0,0
1500.0,70,48.66966799388737,3000.0,39,19027.29071456699,22.793804846573277,1,0
1992.622945718458,80,10.213944378522859,5607.548872861079,24,36734.5600726306,39.22583134329929,0,0
1500.0,64,1.9389191802949732,15524.935879927625,25,36630.61534442101,22.40061028113311,0,0
4286.805020968485,18,0.0,47386.025560870265,55,3970.240888349269,0.0,0,0
3386.573912406921,20,1.6024198004872579,5055.402393763753,47,45712.02565038839,1.0437614540370148,0,0
2854.548711536208,54,27.78005182718685,30678.992225584716,30,32109.29570697716,7.5455237926147625,0,0
5097.744290741393,39,19.310143207169485,77763.75913183518,10,30898.5482851263,14.025743531911363,0,0
1500.0,79,32.52524052651145,19919.062520995827,53,23916.10200177141,33.456507020713225,0,0
5773.592362083599,34,1.601034745064533,18649.550700360123,34,23617.23937543055,12.861271955522346,0,0
3687.5050138792217,79,35.91002743449698,40828.30998316085,60,26168.818818429456,10.79160745318786,2,0
1938.9358914896757,31,10.11914298659175,24097.662400628167,32,37894.436556196175,3.392214834760763,0,1
4124.0504608047,58,3.733124810793056,6734.287491433179,30,47469.03121530709,36.86516429590888,0,0
1500.0,79,10.532101466952975,23311.365551432376,42,37262.64925949568,56.731592908024055,0,0
1500.0,52,0.41788247929281064,24609.81863089067,20,14492.277905579778,15.036730060146294,1,0
1580.150938600682,75,33.838197028468194,24425.481224404444,59,18300.560210385232,2.7218173807505033,0,0
1650.8775278230942,30,10.640812703350853,24794.09203488603,53,12392.219799660346,3.6786608235115166,0,0
1500.0,52,22.802552744071384,20496.612560752776,9,8861.010232164204,8.402170250323456,0,0
4327.285360682923,60,41.245683678821244,50924.985011902165,19,99774.37122733297,17.416427783786716,0,0
1915.3010198744948,19,0.06303365249976156,24011.47593093683,54,35855.71068869375,0.31780061887858757,0,1
2680.819291570482,73,49.665059683332295,39431.42029463951,22,22344.798504599945,45.59457891188498,0,0
1613.7351637535833,64,37.44714121978731,19788.38515298658,26,28246.65851509989,0.1396568797708857,0,0
1500.0,30,3.770898245994059,9857.037395392808,21,36216.89064137103,7.735582242137978,0,0
2561.9694218378213,68,48.67632759186259,18936.383829981,31,4742.715591303648,33.21351125780217,1,0
1500.0,71,15.260700653084998,24374.96544349345,14,9918.915163907224,35.01320849031927,0,0
2126.539468119722,33,13.339570857423277,3000.0,7,10663.455033034095,7.808920207718545,0,0
1500.0,35,14.97272581026122,19319.924821729193,48,32616.868636665382,10.388769242866651,0,0
6587.978314180475,24,4.545945699617835,113518.89308832219,20,29512.55012990601,4.862965869222541,0,0
3645.5025079211714,62,24.79270084776548,47412.9641086095,40,28077.295400265826,34.50465826228878,0,0
2340.604679937592,53,4.200096236591082,41888.640548661155,29,31824.076782043652,1.2118882012443644,0,1
4425.058035441645,58,21.27886937985993,56146.301887338464,53,68709.46422393706,1.2174614294923547,0,0
1500.0,47,10.347091413993102,3000.0,58,30306.891094974595,24.329399570344247,0,0
2977.7214063153665,59,32.48089835936942,44842.00687915986,56,30322.37876383577,23.563917188753077,1,0
2464.873430598424,58,30.325168259873795,14391.67745797597,59,32921.140557675106,38.29709341076769,0,0
2553.4765044501983,24,5.463675044235631,21916.41947581483,43,61632.11811407781,2.5895495814988543,4,0
4446.152636176771,32,0.2076222740439102,28035.49364505222,19,33052.89173187959,2.4743854995404133,0,0
3303.9389488820825,77,47.73708979255972,18387.807262484464,42,20492.20318153232,27.920859830880737,2,0
2588.4072769620243,57,36.60002007186208,21571.51954289254,42,45983.00294680798,17.0252280104994,1,0
1500.0,36,14.207408083946703,11158.161935237182,11,28917.610170017695,9.309192865893294,0,0
1500.0,60,5.4681673145554015,17650.13383698603,23,15554.208869261562,33.9337838228319,0,0
2064.2249055293564,54,2.9260477742719586,30599.18324320131,27,10990.909683658168,23.60102356572394,0,0
2324.7198260889036,19,0.02084523980770081,14065.733822986196,23,45269.42352386417,0.1852753273993748,0,1
1500.0,59,25.778554258950912,6949.889396961445,56,25143.483572963927,30.113567510557516,0,0
8320.038586193421,65,29.594614637414704,102646.14315824315,7,182256.2279236753,27.819122024086283,0,0
5084.829258262712,72,53.29334056778346,63028.70167159078,37,107331.39773340136,31.228779449034793,1,0
3075.3225720418486,30,4.776518089249149,50186.899661371586,22,15776.034564504014,8.139082589227622,0,0
2297.599758412324,57,12.944345111002374,3000.0,6,47809.55747722159,21.994652887604737,4,0
1965.0737719079978,58,24.9769970873757,30461.96690734316,14,8605.733104993982,18.300549453523733,0,0
1500.0,60,34.675564245318945,14785.555410183102,18,32388.89639167146,26.895971878192036,1,0
2304.4891067114245,60,39.34450587996608,26644.815346772008,41,44379.90502875193,30.396536921124152,0,0
2544.689447747977,72,43.36870497366808,6497.392438324759,42,36252.98656021864,12.19141491288429,1,0
1500.0,75,24.32041689510087,12531.680788237165,35,24083.31284289173,28.331843971572415,1,0
2653.930504838488,48,19.047427059361926,12909.091975528652,36,6905.47879739672,13.745173897953709,0,0
2027.5988169934642,33,12.844489900741754,10790.527111165658,28,2021.7786699314106,0.5985490591693243,0,0
1500.0,59,20.11499722078132,14354.4254242387,55,12399.252815021573,34.21198491338424,1,0
1500.0,78,13.001198622323562,22217.626735279366,33,30802.71792814463,22.64292143630546,1,0
1759.0285169290212,73,9.334789186133014,24000.67024696652,15,20483.25264994253,3.9979078260664833,0,0
6236.83556373119,61,0.006783016856439339,68898.31813457742,30,34831.79578402688,19.689661174288698,0,0
2999.2100565499964,74,40.22132771895192,30502.294019217785,41,62574.686332681296,9.04292514112945,0,0
1500.0,23,0.5554860442299525,12396.304102479493,31,8573.522199336485,3.522072073173324,1,0
2885.1147682679293,45,6.5836556917903915,50593.5732376468,31,58819.82460880602,15.437832529526592,0,0
1500.0,49,9.234166277206594,15784.910132972947,50,16986.73240943056,8.37352801631599,2,0
4005.72585240995,61,24.09633398588104,21300.161897576036,18,46415.83630965966,40.87037594349189,0,0
1704.251757521113,27,3.5816154956619233,8370.506581823372,22,11619.571860284537,2.6257081343002264,0,0
2097.4971848466585,67,33.05902560913493,23896.788621818312,45,47202.81186771222,27.194848441869116,2,0
4578.781328167335,35,0.9458572085879461,45275.30096652136,9,10163.209064112256,13.626653012947838,0,0
1500.0,21,0.37181758279331834,3000.0,28,5415.236298882169,1.541676893863464,0,0
1500.0,80,30.951113219062535,22666.666990992373,40,23845.67880923279,59.573051898067675,0,0
1602.019613216052,26,2.6957183027746385,20778.322580147807,16,34047.53323090116,6.7508365358361155,2,1
3909.2795123570822,24,1.7748801765081583,47892.96612023674,17,9328.640419449512,5.526114084005376,1,1
1500.0,67,3.2843758728386137,3253.9067712903034,14,27515.709353122806,18.262426603967512,0,0
1500.0,25,6.27003422323601,10732.424179398531,20,27844.18249273074,3.8384879218788104,0,0
1723.0695956966124,60,29.05638061725213,29122.45807068124,50,25050.103388841824,35.28698441072282,0,1
2991.2823078533697,24,0.7297089409178963,46855.49722952776,42,36398.5249806479,5.421000205816475,0,0
4273.309917880322,58,2.6018383094856246,25016.938880315876,10,34302.68765897142,37.77454311874086,0,0
1711.7324252993906,57,38.02002880381848,6282.059763394579,24,15040.213659020981,34.286927737910474,0,0
1761.1378170085206,20,1.3623451008790097,15206.536154064148,16,29694.257333181467,1.4615098081504685,0,0
4165.724145027631,34,6.679297137499864,29364.674544181024,14,6799.221134330912,0.3874368885108801,1,0
1500.0,19,0.7017310407557849,18896.77260600277,40,21935.06203292346,0.3149534494754631,0,0
1783.4653448813815,32,10.588645010722228,31084.71620671224,55,12427.730143561514,1.8051079885080263,0,0
2452.1810682565465,63,35.09829910749507,17584.650886004063,32,28605.054590137926,6.9641370603066735,0,0
2827.279714427364,46,13.380564558285613,5818.0071129014295,18,39509.79340056486,8.145401246720976,0,0
1668.3765698593606,67,21.064255148117553,27126.865634891026,17,36940.33244491345,3.6622824022390774,0,0
2250.5784621363428,65,0.518319960638316,3702.5288360058803,14,32581.336791120135,11.422495179238132,0,0
1500.0,69,47.254412872233736,25795.530377409996,47,8518.483936463213,48.80592066349619,0,0
1537.5774512618855,39,12.669465446167804,18908.897283608643,33,3054.3765871861647,6.550815150352111,0,0
2833.958543571595,21,0.6094618115699043,48201.997563676574,18,44421.47829352788,0.4791392097720707,0,1
1500.0,74,51.49779148760045,6591.322009548946,25,20439.314863167718,40.22481010350923,0,0
2281.1644650934027,69,46.66152699028512,3859.4942184759752,57,38312.03723484514,42.25376265266474,0,0
2823.633685523515,23,4.945920821830479,26258.578070117015,18,32429.191396661347,1.5701892479824175,0,0
1829.1340544026782,55,32.34009283614222,15841.394820527024,32,37731.64466311767,10.304400491399724,0,0
2425.408090724475,43,24.94460969550162,16093.476797330179,31,55795.28115554643,6.043988697625838,0,0
1500.0,28,2.446861881232726,25920.240096911788,34,1500.1658333860162,3.932612390663733,0,1
1971.133025336313,43,21.05623962998085,29535.3063549889,34,36667.338628480764,2.180793945972295,0,0
3089.050043303471,34,13.168452940732232,37831.269563547736,27,2715.31705682016,10.706067624899301,0,0
2407.4782961491446,41,5.311628262076876,9072.80093807111,14,26789.01533333858,18.911205480898555,0,0
1599.438328228212,45,2.6578138230267507,21566.023403366173,29,18457.646933437125,17.919421552958887,0,0
2498.1831892393902,52,33.30029746503839,33373.75816511413,47,43482.027418405436,14.320789456363647,1,0
3271.603088356919,48,8.88073654561831,26912.72703095113,24,28823.092968534558,8.668867420327178,0,0
1500.0,30,10.450701485613672,25082.040697707347,43,30783.800186933197,4.913353974138884,0,0
4177.593891437869,71,0.2187391977540064,16036.212165125351,36,35808.66985170586,22.463386699024188,1,0
1835.4774065813858,52,0.7148434454664749,10177.242354112952,44,15717.09613501915,22.644708168065243,0,0
2790.6210909434117,33,6.988069630445526,5790.019058697666,20,15541.015435021405,13.920905334758473,0,0
4266.2299818802785,32,3.34200557509089,61957.03433905481,59,72938.56055638142,0.9882108522711444,0,0
1500.0,60,28.9733339043105,17354.86434543263,37,2872.021028139743,40.04085090111213,0,0
1500.0,35,9.614593534655224,9530.977794871862,56,13614.565720678784,15.473421820554586,0,0
1884.2746358720592,64,3.5643466827226065,7131.663468312851,51,12572.386587964738,5.415685815772886,0,0
1500.0,54,5.8546186673658145,3000.0,53,8600.08631630307,6.6090611190720185,2,0
5734.266466701921,65,18.23831569274547,21989.046351630408,51,8742.364767469464,14.644993268005376,1,0
1500.0,79,11.321847901281423,13058.758481610284,34,7139.366839680269,34.139628498876704,1,0
1626.9286804939927,65,37.234450320464646,8463.296781189803,57,18150.195736559832,6.320381215694824,0,0
2471.088367982242,66,19.971371306557444,13350.541752818624,39,31119.74126454029,9.616077757050576,1,0
1500.0,58,3.7372746736999707,23827.197350026716,14,10106.42526711725,36.107011757587166,4,1
1776.4559310407476,44,12.592915459075247,17333.48531152332,40,28878.22343090444,2.8418164000440704,0,0
2629.63226890731,72,4.905261777316365,35229.929120855006,11,22075.324909671715,21.53942631752433,0,0
1838.9072302799605,52,4.383868384273784,3000.0,42,16883.275681186282,25.942060440396094,2,0
2097.7848373190304,69,12.22010143343847,15120.36539897941,19,41044.436535904046,45.317738961427644,0,0
1650.5557661547507,62,37.81921903088955,15095.783164393391,52,22776.296369335127,14.785872754254266,0,0
1500.0,71,49.00446421364751,6253.62980785971,55,35744.05691977591,8.715187783951007,0,0
2635.6266913753475,52,28.092762797290348,8020.887281469285,54,23674.595907440602,25.05839640924909,1,0
5797.680422609219,45,9.020084870281876,91575.31445424246,14,119988.86591674646,20.859059484175766,0,0
2230.8119402004354,56,10.352964762135603,37857.631882714966,24,41177.30476945322,37.24127087430068,4,0
2499.6231624788084,78,32.94934144741435,5848.402974955963,28,55628.421550398205,8.372511086604256,0,0
3232.456053388887,55,26.708566939725156,22411.64610515376,46,77319.65163088693,26.248572658765987,0,0
1500.0,26,7.946982305281399,25936.28351768408,33,287.86942788078807,3.338340301877242,0,0
5632.919015372473,29,1.4472778306681884,13596.455249896746,21,12434.351574437393,10.060923813241997,0,0
2468.2898910458784,32,0.6900879863332621,29476.079291348542,31,41611.592389391335,5.709632380667401,0,0
5418.212779082897,38,13.88711777990542,94969.1511356886,43,52854.64665511263,8.919207511253322,0,0
1500.0,69,42.44351495869918,26444.70354882505,45,30717.191315352997,6.466626507523443,0,0
6002.516382714007,52,28.77585851545839,54087.45436504931,30,1797.7280958178987,10.911850693089916,0,0
3382.3821614156022,59,27.817005512163586,12740.536703555901,40,68237.64931401539,16.43445928608365,0,0
2993.420663881955,50,30.528505731813986,13277.117856980172,59,10120.904808671025,0.5602801400912298,0,0
2511.6958712450055,68,25.550238177229346,40496.63444143657,10,18225.43313384357,21.878723422141448,0,0
1926.2093053642516,36,16.448666370051825,31779.778175564617,12,46666.18617419768,6.053733922811513,0,0
4273.944336989762,72,52.26185539754224,48440.68828257021,28,5513.186629963696,43.40734573322656,0,0
2385.580878075475,40,18.63746405406837,33457.76893081381,30,20816.615268471287,2.3564774958074444,0,0
1500.0,30,3.7171027591034473,20368.246912495408,6,3169.829086631493,9.122533523074694,0,0
1500.0,80,12.165370372558307,18376.45074872223,27,32010.165225501307,44.26871568315752,0,0
1993.7744629857416,61,23.569162794218194,30033.6367924705,58,35041.38980455922,10.396640094673556,3,1
2618.8732336031358,18,0.0,33133.75524025153,9,52399.55407006164,0.0,0,0
2140.6746837431624,68,43.887917109636646,21573.80337230367,33,28218.347552132753,42.0916722877848,1,0
4317.509171958572,46,2.800886789880304,21709.550742039806,53,38611.48664811945,6.984041196857576,0,0
1500.0,41,5.928021410164928,20469.147675024786,19,85.26073519222743,3.34788275326326,0,0
2389.820087935914,33,11.276984167780629,21624.15264607668,38,16604.90683265474,5.3855490286978815,0,0
1500.0,42,2.279679479455491,9017.187942191487,9,19295.758003729297,9.621187767817249,1,0
3353.774686294902,72,17.32127835717181,49076.07571526594,47,55703.01451172048,17.608750908124755,0,0
2096.5485145065304,40,8.517418669187629,26928.344200069376,16,11999.460271857797,21.482584475152926,1,0
2781.610859163994,45,16.81003250719263,47105.94728686289,44,9659.202559553576,23.782158071001454,2,0
1500.0,64,7.274101703090771,5718.7618204813825,37,7560.55732612018,40.15687283711808,0,0
4463.576870132059,33,12.909067355245643,53724.58354922955,9,39511.14186490417,5.981513857811549,0,0
3916.479980567974,60,18.79677388958352,20177.982763510474,6,14528.015176036675,40.44052486901672,1,0
3044.06589623583,73,50.436194153430606,49803.69044582255,31,11934.05749124788,37.62084129604337,0,0
2056.509720182565,55,17.31118680445547,5535.075433892996,38,2249.394908460098,30.78380274208784,0,0
3037.899212244453,28,2.750402589407334,36924.90760560888,22,65066.1198259842,5.008751250543621,0,0
1500.0,20,0.28365765737534976,21672.685898964763,32,8240.948402277842,0.3212345863987047,0,0
3535.307679041186,32,0.052431325957987385,24865.95170903226,47,72641.95010590123,12.416397069785472,1,0
5470.98795185547,18,0.0,94212.31287601622,10,59949.634268549984,0.0,1,1
3979.198945271052,24,0.6429401815615405,61528.051873117205,12,62914.897131448066,5.811329454511181,0,1
1500.0,18,0.0,9012.766641965036,30,2838.8301059323244,0.0,0,0
2693.992369336351,66,28.28504453938016,3039.3583553034437,13,39304.03526518298,47.63419158869877,0,0
1500.0,49,8.546262803983709,9064.757991010552,39,10874.827618998816,6.89516514113662,0,0
3025.4486428282794,26,1.401794338928922,17493.98512151286,46,7201.32058862573,2.9453340641877555,1,0
2829.433735277547,46,21.692205433061567,45637.06375760146,9,64244.59160331523,16.632462641897927,0,0
1500.0,43,23.669779307040514,26161.59004549606,17,22636.051588105907,17.333076479612377,0,0
1500.0,40,2.209689192963252,3296.219642241639,36,9064.03602165071,15.846207718140958,0,0
1889.8894358474865,62,6.845974272940346,17031.70643529684,16,19827.20855596724,20.95510599282199,0,0
1871.559162284175,60,40.32053160461418,19317.56735125872,42,16698.992898933077,3.2267321882922797,0,0
1500.0,46,1.0579582107428958,3869.247363907434,49,26271.737469668304,13.889348248050837,0,0
2735.1410921358174,69,49.859249164074086,20287.80253177175,58,41535.38601198421,17.06908557935621,0,0
2535.9167428640803,55,0.17184587414458452,16205.525132152283,41,1254.1487871405948,24.33325753369276,0,0
1984.558950822532,50,27.957396980842603,20069.761364949503,50,9814.98307335577,5.8328186933027695,1,0
1500.0,24,1.8439510859264971,18360.36794316442,27,17929.79895903231,2.3634739485081173,0,1
3931.5495690479624,29,10.324477439950261,50949.921480123354,6,43786.236863809514,10.627310694005864,0,0
5488.849294156495,48,9.508358659067564,18249.520446312345,55,70898.76402660344,2.666021976909072,0,0
1692.634015928883,49,20.283495967555737,25085.023885134462,9,30247.828285218467,18.672358896175968,0,0
1577.0451164104106,71,4.241726197594642,19768.598820542713,41,26888.9740107396,4.804356139572395,0,0
2893.332456625435,37,4.604266417621041,46623.95077753771,13,26966.829363725585,2.982917462859236,1,1
1813.6267361900436,72,41.77868470987954,15667.400881938536,30,39790.137590465485,32.666456985105086,1,0
2045.3650060893235,68,26.434292683940985,33126.989285638134,33,3218.001933466283,22.19977612888932,2,0
3316.9774262383435,34,14.847504988592716,52136.782167537414,57,48470.15318746346,8.775983951202727,0,0
1500.0,53,15.0062992919474,12679.437975161374,43,35613.20597135736,30.795525970828244,2,0
4559.946995600103,20,1.7396247316278461,34105.83335847588,41,62594.556318783965,1.634480485021945,0,0
2298.41328643619,18,0.0,38746.20127867038,41,26150.55921322734,0.0,1,1
1761.0733683008066,67,47.983165656397276,23171.8520233413,48,5895.967475008356,30.196491121072402,0,0
2102.581627638157,44,24.955693916370798,35281.679020780495,46,42587.21766577176,12.73072241256437,0,0
2163.1832556262307,70,17.115108688916177,31471.225702311513,51,20214.671179378725,23.878274252561138,0,0
1500.0,64,40.75248883917295,17037.084701931064,9,26296.721605675804,34.031193586232426,0,0
5025.177346293764,57,33.056843594410324,14922.250104870953,18,24817.702706313656,20.330695254673554,0,0
2259.1165251186426,50,6.7417727144820105,13453.426196112985,43,2364.346338460329,3.3846014803910016,0,0
2817.6293990033682,37,11.861517614882125,49224.889836110866,50,21517.351867039004,2.6968414571069648,1,1
3726.975678931361,31,0.9448701026675932,23965.10836368925,30,26220.56543409979,4.642075980280733,0,0
1500.0,53,29.284875220421156,3877.9991795269552,8,32755.322007272785,2.3738180189916047,2,0
2865.2461579675537,22,0.6981835340139861,37329.593246250515,60,61937.58054963133,0.9569248778397208,1,1
1906.0673130872312,40,1.5579234304868192,25690.11310638273,37,25440.958158665242,14.440818770698023,0,0
3518.267381930306,62,17.60964020370769,20591.649347440252,44,1671.0842624429501,0.5469337410788486,1,0
1500.0,77,34.03840617737897,9090.635473330745,6,8562.174859517852,35.64147906930838,0,0
2091.2100210488575,73,47.020432720787404,18760.623092672115,16,33407.73851488896,42.479630776100656,0,0
1585.1726999247094,32,13.639395357304311,3000.0,7,4018.7457372606123,2.382152521435363,1,0
2801.035986327052,23,2.197462562849318,40386.712652906586,10,49061.70440752823,0.9048428160120431,0,1
2859.8495657789463,50,1.9343015355286468,18275.89548596672,27,855.2568132074025,0.9234037284313814,0,0
1500.0,72,40.452241267397014,23270.959101050426,51,25595.129076347643,27.672302097006924,0,0
1500.0,36,10.173118612030875,21967.07575080086,18,31670.22160722673,11.78257602370891,1,0
2077.9436363324858,80,27.769263380356715,25441.998114533722,53,24375.19936482719,28.32839408924637,0,0
1500.0,30,3.711226545506276,9784.309111031862,28,31090.537129126413,4.6733857155145415,1,0
3509.0163411543813,46,14.067158779619,34308.9916264751,52,68559.839675452,12.723558884222683,0,1
1802.5111225314447,78,20.320776267421856,15433.275758142792,36,30256.012151446208,46.891693123479314,1,0
1500.0,23,3.7850593387368017,10141.488099341192,40,16693.098052418758,0.16757153672679492,0,1
1796.9532463960008,32,7.614511750896975,27705.994640039266,43,12214.97138238667,10.973459851656518,0,0
1500.0,33,13.15271661231168,13829.430401730466,46,32282.398581332574,9.995131735001868,0,0
1500.0,41,12.501510036937168,22734.438993827236,40,24322.139237360563,5.552810745620657,0,0
1500.0,40,5.241773093478461,4183.0710906165195,50,29925.63132189661,11.544273977284007,0,1
2345.3142009297176,65,40.00131846491079,7968.020670516857,18,32363.39685115293,2.3166615206648924,0,0
4585.949518134106,27,5.014971404370395,80778.95641715817,59,19704.269811271024,3.416298033053711,0,0
2623.4655733444365,71,10.962575021608746,28837.301128003703,12,64238.04288852932,9.22425139108815,0,1
1581.965177642476,58,24.940312398248885,15291.409003234867,10,7227.15853529614,0.8920154408261594,0,0
2837.6947884457286,58,14.308670597697102,28075.167765218845,34,64645.63146184578,14.283579910638636,1,0
1715.5694226821986,66,40.531469390019154,7993.814371296185,13,8926.907420830763,34.85339603493291,0,0
1507.1410592903537,34,7.252795818344685,19921.34099935595,13,14082.328238572543,14.736349877734467,1,0
1500.0,66,34.869185189156,3661.9059051087365,59,16503.1291701535,31.78864862835119,0,0
1500.0,73,5.254491419993044,16119.754684127092,12,34551.59960730544,22.108357047171474,1,0
1782.0897319494163,61,17.029046891000885,19073.83033106804,24,39571.238828907895,42.97833283328074,1,0
2408.9094638717806,62,43.26262320478554,39846.26095704493,44,49576.620116185135,12.449514356409253,0,1
2094.0535862740576,47,23.4453483948373,20825.588595383408,28,19719.4485868438,5.426811548537236,0,0
1756.7454316770772,61,6.877454501777931,5850.077936778805,41,197.33727100257516,19.938337576714474,1,0
1500.0,63,12.49938222647648,16105.208110828145,47,25559.374504031974,22.721013694881346,0,0
3085.704907655886,27,2.9683422797072496,7876.477634842763,37,31702.056595732105,3.1934104203899363,1,0
1500.0,72,35.119740266754064,6696.742800148003,50,28389.682231403833,37.55695026844728,0,0
3384.0055223128147,36,13.6259056708138,5173.623073899153,9,67244.59283420934,3.309559414707908,1,1
1500.0,46,20.986745046621472,14588.986352717207,35,16489.627609403407,14.28951327302257,1,0
1500.0,19,0.5098740563064028,3655.581689986095,56,28053.846199385567,0.5001269585007883,0,1
1500.0,53,28.378718824335294,13469.55665254889,47,31497.6480194879,28.832524793857374,0,0
1676.106493357541,36,7.867405489634551,28259.265431449672,44,38905.62182761913,16.685427577694487,0,0
3776.005002816261,24,0.7432833917733714,49978.99084153294,10,54983.85623492404,3.9795952422639576,0,1
2932.4556260875015,43,14.111046041345332,6791.5627194033295,8,57071.36115298314,7.634289758366028,0,0
3782.4686657216657,32,13.332219384415493,18199.600682585566,27,46766.90311836732,9.654554278156073,1,0
2942.981317984152,64,36.47770796405552,36646.77189634848,33,3065.3357979136017,11.563071945063045,1,0
1500.0,73,31.828535623073332,24314.897456116687,27,5820.803542469375,53.15994147637456,1,0
1841.0032132598405,55,23.931809432916587,3000.0,27,5901.54333822247,30.427398406060377,0,0
1500.0,20,1.8611240540711453,22217.50385887515,39,6441.209629330458,0.8623805109320759,0,0
4590.830379329111,55,15.848683394093538,48437.098278889025,34,1172.125029478059,29.02071013423906,3,0
1500.0,80,20.546436614443515,15425.328795058012,48,32201.50587244322,25.336650012438305,0,0
3610.2551560087045,33,14.658623475006735,62395.4048419918,47,50557.04926201729,1.119152381696218,0,0
3608.7785005140327,19,0.8634431335103334,49476.20316790845,60,34567.58733347374,0.7067688730006054,0,1
6040.796245369909,48,9.691307538558071,93342.50897198504,18,61884.76672135273,12.138414990853217,4,1
1762.824046670314,45,12.522076128744915,12371.366387607877,12,20420.161251465335,25.11863505316427,0,0
3267.489355386892,24,2.4904687740467946,34060.92559646048,15,6035.338778993542,1.8393672859757197,2,0
7745.819133179448,47,4.323774681471583,88781.7773382633,33,53187.71500595884,24.456651822183208,1,0
1572.3035898955536,60,40.22841160015688,10167.972515934798,9,33475.38260724612,28.578389498684096,0,0
1500.0,75,23.045808579526252,16041.327186158687,37,27887.82135802442,48.6395031192898,0,0
1500.0,79,53.395074040912384,7534.712176732703,27,21127.707684521545,17.804794502706887,0,0
3268.190072060298,24,1.1361373660839904,11234.032132983757,25,39275.79975745497,2.768072419911865,1,1
1500.0,53,19.175478372302692,11036.241611571983,53,9711.494437158726,28.809515393240055,0,0
1799.4287292718261,46,0.6709187834795549,24414.51168199553,25,21199.743279878097,18.026926937166937,1,0
2808.8270433049142,41,17.577071128373095,46556.81809335668,11,41981.80168497487,8.278203688392695,0,0
2445.112823087587,69,29.626608810560196,21470.875265724495,14,43562.00483160567,26.1117769111743,0,0
2790.5519179386347,56,23.772404171850603,33285.710813566315,33,11625.452388447535,37.851727585804475,1,0
2495.537512090937,21,0.15516264766396037,6866.798945362972,18,50728.67941087895,2.2255439862416457,0,1
4462.106296502072,46,5.909073245841231,73070.93464040475,36,38576.166916351045,17.206634277840813,0,0
1500.0,61,3.1962275112039467,15999.407446033327,44,18872.178123388327,35.600189358641174,0,1
1521.805402559966,22,1.155657263215247,21709.695740582356,55,23127.801830895572,1.7681213550886805,0,0
1500.0,72,33.88170641483615,21758.250623495544,19,18303.568358288747,51.30345625092101,0,0
3486.3321285901916,46,15.853207560886506,18687.329218982668,27,49850.79327803715,15.45659440347938,5,0
3623.585280322246,79,37.341139118416805,36221.23418795174,42,10102.86962588475,19.9392011272036,0,0
2830.4017045230357,47,15.928286869958935,49045.641646149925,59,30579.338418960233,2.494579349577336,0,0
4234.080722380236,46,7.644806278924062,10685.918993228535,50,29688.04779864538,10.519466138922258,0,0
1500.0,43,6.112687433610631,18917.772399753867,29,3225.980770757632,14.21595942591426,0,0
5524.6394224603055,36,2.467074303658463,95899.39444807933,13,26469.821680262638,12.658466497198395,0,0
5104.007231950085,43,21.226771872587303,31184.518697478397,20,76872.03559736953,21.87791732277683,4,0
3309.6313862041347,54,22.193256907484802,51777.90771662657,56,16273.987286370604,33.982590071657334,0,1
5883.984219737777,44,4.849286325105554,99275.6307047012,46,26634.44445757966,2.663800000709321,6,1
1500.0,47,5.139072014815946,20550.69833956804,11,20731.14121449886,17.42624459393663,0,0
1654.9954276457624,68,43.651780076306835,8163.39951324722,28,37431.962799493005,33.3294824581513,1,0
1500.0,70,38.62200491569261,10017.018330078145,30,29575.981898993614,8.947318483654659,0,0
3283.9873812352607,47,19.12257331725577,5283.140988214282,36,74307.53044601587,15.822419727639035,1,0
1500.0,20,0.8137282150785996,22702.05747325656,51,21861.757586119318,0.6696672711605502,0,1
3349.6874840882456,76,15.194582728154018,51730.53076664623,34,34328.39795064981,4.4902052551829765,1,0
4692.847777522715,75,55.828693497430955,55169.47170051216,28,85602.3965168037,3.7543614965271055,0,0
3236.868389880873,60,33.484062150957605,22635.334781126843,15,21150.02402690891,31.886945178616507,0,0
2581.3377802659797,24,1.8106753388176589,5952.016309261662,14,5037.09076746607,3.6927327112321295,0,0
1500.0,78,50.85388777670968,20702.96905283019,54,12923.054727417586,42.907300693822116,0,0
1500.0,66,36.42873353350471,20026.417937053033,18,11221.376155763153,32.89335141774688,0,0
4390.903958250565,74,16.636510793167908,72512.45438346796,37,74155.66380261582,7.521488787634454,5,1
3390.1923939712524,26,3.4124228339331175,45493.1421137733,54,46730.63900068569,1.2125220521898203,0,0
2161.460142814708,70,9.669579160333386,32611.708642428,56,7471.248231580146,13.129153658770058,0,0
1754.869457300373,58,4.442097775124374,24008.77004066265,50,39857.65592272312,15.96402347858759,0,0
1500.0,59,29.633243346427566,17582.52330196407,46,22250.210268930157,38.506225222442914,1,0
1500.0,30,3.2101422882463995,12387.643051870735,6,17163.158453391632,8.086708336595333,1,0
6318.774107076017,32,11.48083112044755,103223.4574607728,6,148048.07596900855,3.5724070823004848,0,1
1500.0,71,52.767261710264584,18099.69858364048,42,3648.8193299212808,2.967157396849016,0,0
2450.908133691344,80,4.750428463638218,19048.557211684514,45,48380.49385979702,42.421883709995136,0,0
3843.328954481517,22,1.892140500334801,9296.92825719219,23,35038.23742085893,2.5012738832642083,0,0
1500.0,46,22.457751660702485,8912.973825561743,41,26077.115659648938,18.921375714139835,2,0
2444.487482018636,52,26.82433048240194,25039.751829849105,36,56878.6664270298,8.880108237991713,3,1
3699.1322556646132,44,19.75992611660518,21032.530952156867,59,47877.22888007743,13.441043647859447,0,0
2223.5818643249236,44,9.073868317849685,10586.475289748576,6,1258.4819301454195,9.404272836178714,0,0
10695.963225449786,25,3.176972789795366,106592.6509698637,52,7713.990226065942,5.723892572620216,0,0
1500.0,49,18.444019077585576,5830.418820341232,57,12396.030715701618,2.1512965256787053,1,0
3953.2792028949157,37,18.504871087891885,57745.43497412079,41,77252.82956265923,5.233393999391081,0,0
2008.1296479348366,27,2.947925438446436,18543.588416786686,14,14471.65373448942,5.426583697533322,0,0
3376.368778744422,30,11.077726652602292,36315.098784694135,27,28232.233537563858,2.462685324888258,0,0
2815.0039209058687,80,16.700128927190637,9868.040015667604,33,55206.49958619425,41.70823303031821,5,0
1500.0,46,27.69408503326373,9776.696558548869,31,4357.094021973032,3.829630089604284,0,0
2504.759537387957,52,22.78896535213812,19966.752308045205,57,53026.571071507075,0.7756179237399063,2,0
1500.0,78,27.810688821513057,22109.427178170827,15,9967.219333278996,51.809671970707214,1,0
3077.233091554304,71,32.50969268737106,43366.559385232926,52,3940.633230529824,17.672553274585855,1,0
2601.873798833104,25,1.9077181832814476,12464.581038293736,8,7632.772831898114,1.0979428814272265,1,0
3137.755745894323,46,7.676868010321066,36005.886460703005,7,74722.11422861149,4.835852720882395,0,0
3951.952655047649,48,3.406636315304815,20308.128646297344,59,44590.272560555546,26.576861821036946,3,0
2703.1983151372197,58,4.5620119082159505,48117.47510055457,42,17330.07640180029,26.177256245872485,0,0
2395.744172740944,47,10.082480502598429,41173.51312965316,36,31220.79603277354,27.73404173111261,0,0
1500.0,39,16.019965035823805,15863.250373275823,38,25587.99950226751,16.80084679093603,0,0
1500.0,38,12.15942335196325,19322.015583300647,37,11954.9403016526,15.350853700563384,0,0
4241.634804857845,29,1.1284301636412288,62031.009853251984,48,76908.38945722311,5.498027255325905,0,0
4865.790522210664,28,8.52236524975911,64505.65426152772,17,30685.14096281164,8.208048987061455,0,0
1937.2781666270184,19,0.6013676269900664,24985.24650805037,8,5440.711673455821,0.4126525384418517,0,1
2264.93538743006,67,47.081923262454204,39173.00457468268,60,31126.340026879116,40.52302435458537,0,0
1500.0,58,26.807418696448302,16709.630710835725,53,5666.9503460298865,30.30965166748491,0,0
4209.151089508291,19,0.175174863704181,49740.15052335994,31,98966.07379606394,0.6784386255960511,2,1
3184.272899809215,51,15.634850956158134,49157.43183328652,19,35.74570278760918,10.88063413679407,0,0
6423.186351900146,20,1.2969951950944083,79571.36230664141,17,121349.42188723225,1.2614232746171203,0,1
1500.0,33,0.4239705157496654,20189.781861446823,57,10480.24514838416,7.601814371626189,1,0
1793.8073579245229,68,0.7455132077403948,8934.717066940471,31,37942.920952263514,23.077143346295486,1,0
2508.1363276407787,21,0.3882090017957037,18338.333341256624,21,3771.6654162233053,2.970739000150427,0,0
3151.2965356308496,40,5.536617571000357,11042.53028303691,58,75079.68709688916,11.096752256270342,5,1
1961.3392296899358,74,24.05475091715783,18824.958481926464,13,4971.744083788577,1.791227502605354,1,0
1500.0,67,23.884583214229632,13121.04871734628,54,29545.603313829204,30.69692558501281,0,0
3585.933612074517,37,2.622524569820039,64373.847703478415,54,46378.87082052373,13.83220605552512,1,0
3283.366179642675,42,16.16139789877994,37399.33710875441,33,35328.592588630265,21.244412863601855,0,0
1500.0,47,17.28800378919951,21554.342991457797,12,10505.841971635184,18.347857074961983,0,0
4654.052109946619,35,5.005889680299724,31080.92072422398,20,97894.44151926794,0.33077099237465035,0,0
4203.233084050612,59,0.5600552208469723,63621.27349304441,46,20990.042067396043,4.9095177682588735,2,1
2377.6385625187836,28,0.7764791535329074,27239.28406681251,41,42871.27670758091,1.612400491580137,0,1
2307.174337655912,46,10.967453714303504,29644.582294772823,13,25712.976429826896,5.915317884751623,0,0
2995.0966309335968,34,2.4635896186509427,17986.523359286264,15,74764.72579777014,12.79643035448005,0,0
1500.0,43,9.420490153699271,15490.278988237218,20,22927.463256366475,7.744001250229288,0,1
2245.126876086997,73,34.550043248069535,26444.51551663074,60,5847.971993839976,17.179927752397333,0,0
1500.0,74,30.645295961239878,16521.914233322816,23,15732.044593199982,42.31289669475278,0,0
3576.180480744235,40,5.085869429022673,59215.44455798316,51,5927.427988669551,9.073604639469833,0,0
1500.0,73,18.91023701923138,24405.952944560115,42,10712.086289591796,3.5551742574591656,2,0
5048.673960128736,69,31.31559112088118,88385.76674808127,46,43332.3640597773,29.841448733792383,0,0
1841.6808670775335,65,40.46018631804209,22737.90047692882,50,39281.975895428724,6.113181265718553,0,0
1965.6596347140414,37,14.311055336038669,34443.34999265061,56,41179.95392908275,10.861621319414404,3,1
1563.6003404500486,62,24.349601180670255,23691.869372990208,48,451.7718275175556,34.304076735363616,3,0
1884.8030644716525,19,0.3622929983164862,10562.712281664575,49,25081.009117858124,0.9294896373272732,2,1
4818.376091649558,41,8.396179383461526,39830.6548766808,40,26927.947185910198,1.5422099598324888,0,0
1500.0,48,26.382519307931883,7579.00727581975,7,12003.491176708341,9.118997512874719,0,0
4457.444783556457,44,1.0203329770542064,4775.491198605614,60,2412.7352430772066,16.964063558207133,0,0
2659.55186188214,19,0.987982644420261,11161.683858342229,27,49849.70030958796,0.31545300284478917,2,1
1500.0,74,37.20502300768749,3000.0,20,35647.11659071505,25.25743422681016,0,0
1500.0,31,8.854790087941076,19855.880764437494,42,8222.514011769443,0.2611812130758485,0,0
5552.5700130018,21,0.11399351191422646,45720.32269052052,44,47442.94432068615,2.0804940184855205,0,0
1500.0,66,29.065405194781064,9470.655540485386,41,7741.274802369909,42.39744631257661,0,0
1500.0,30,5.817336721085364,20923.88272292729,10,34876.824886557326,11.722315773755458,0,1
4127.895526344686,53,3.702261741292345,62547.00888213503,53,965.511451742285,29.068667213451707,0,0
2660.3263493006975,52,9.449348366158208,46768.78238852922,20,38831.60528203391,1.0803929224118591,3,1
1500.0,61,38.283521617187006,17871.34640921865,32,32653.648542080624,28.02972063160281,1,0
2487.7743053796817,71,29.149386040895504,22006.832337537628,21,11587.255016801459,26.2699400546351,1,0
1500.0,72,22.324495059391072,9284.239690989616,41,22124.82342607808,50.64635663355143,2,0
4045.869524287431,25,0.5087750908856766,19336.86746930535,43,5122.890598393797,6.314972052857897,0,0
3959.028835774845,19,0.7141215274023056,18289.68845914639,23,80624.15082471153,0.9880461743822072,0,0
2958.990403836111,23,3.5142541169801627,23542.376767345024,40,20300.82852045715,4.309671121308413,0,0
2694.353547968653,48,18.421308209176907,48122.1459963165,30,66601.2819421545,16.40676401571452,0,0
5817.660411051327,71,27.04392024969441,5902.091281389475,27,134098.47169329584,37.8897273167356,0,0
2207.967040693714,27,3.904059619866354,9610.1771030739,36,40434.2779598305,8.68209512729886,1,0
1500.0,61,25.510656998483668,6304.021051291133,42,18631.599051430938,24.859019293963478,0,0
2827.6765661135328,38,4.667909034568134,37299.969959945476,39,54191.65168617144,16.799583740245268,0,0
6955.763512340837,59,38.59162163128356,48636.3704293688,28,22712.14118198837,38.630604921004455,0,0
1500.0,27,5.299150762622066,13160.150517091426,21,11632.486485531419,5.134839221239146,0,0
1810.205182474683,40,6.846233775796284,6383.8880931707445,11,1217.1995497919877,3.5013934137638922,0,0
2776.77461019043,20,0.8993597017703145,21894.728021039282,20,44777.2011942277,0.3111267862804288,1,1
2143.8366566981604,49,24.976228455183662,5904.976832075632,23,43173.527921730165,3.574832399206755,0,0
1500.0,37,3.070705153875651,15092.60384115887,43,35485.70825674378,9.050140425223864,0,1
4092.952294047843,27,2.6355206021423436,10907.522267621798,18,70246.02894829279,4.321274204454788,0,0
7911.1022272994205,46,19.026224636623553,114225.57668226228,29,144791.21602781073,17.286393274393706,2,0
2459.8909593170943,58,12.619568259288956,26154.12448201069,18,55068.089333710224,19.31491256482986,1,0
1500.0,69,40.417585774934764,19961.18078122468,6,35114.17608217973,49.62580578968527,0,0
1500.0,68,6.522674358868041,12172.167859643438,53,18423.658120113967,14.56554102994765,0,0
2545.0021904494247,63,34.320877670457385,19050.237198409915,41,6985.228682282067,39.32174814950943,1,0
4052.6754171266375,51,2.2556065900686857,10818.824173784635,54,47255.949146030725,3.3109041113674245,0,0
2867.9198659097815,54,0.45333405602981225,28408.310205117545,23,39869.38195611579,21.669036409322302,0,0
2205.430236616308,37,17.06624685781108,21495.30696668275,53,34820.69836531667,12.318179129831137,1,0
1597.0294542231047,78,34.880353015937914,14305.766247880341,38,39497.914415774365,46.33380759458706,0,0
1500.0,78,21.10961382520869,20383.218299402455,43,34408.620573403896,30.18133277671204,3,0
3495.085890019016,25,1.628162458746953,52959.5503828601,48,34633.173308130805,1.3805840091771178,1,0
3650.3356153560735,24,3.7013146995648967,50241.11854716061,11,10353.600792185163,2.21398567538064,0,0
1500.0,23,2.5450109176836913,5168.576441574518,22,8054.684933350164,1.3608075824781463,0,0
5294.434418116968,28,9.915977755299853,61283.14011113943,9,23004.267624625234,4.191055156352022,2,0
3028.246964467942,61,42.27828742611107,7163.296381144383,19,26952.36150752256,22.78863723164611,0,0
4768.452247579904,35,10.795417624407364,61077.096779578686,35,104487.43240020856,10.626194953413238,1,1
1500.0,68,22.143525305294524,11236.89696230873,51,16423.818980576973,42.25609724583812,0,0
1500.0,59,20.136779734521145,4878.723384790308,25,21272.901427419645,37.31042316347458,0,0
2034.625150392008,74,38.21882770926427,31851.781177242436,13,9113.435741599656,25.9045519544766,0,0
2911.813712144375,46,2.8440872385906784,33305.73802888207,59,35877.05956442874,2.48280024597511,3,1
5931.298578628695,42,7.880449771457236,41698.95344788045,7,129543.67155480443,19.129564550441295,1,0
3256.2887401514,80,4.666878942223439,4957.2504150644245,42,62965.49289786671,29.58377895870418,0,0
1932.4140390783136,38,1.4672151903383912,19583.614132347808,9,3922.3519763211693,10.928932027425223,4,1
1500.0,63,8.812765885240518,25042.25990139893,15,32327.71007812932,26.810736298782228,1,0
4343.780431039649,20,0.9705065091864538,48383.01222594666,25,29736.228276037382,1.3357355174839805,0,0
1500.0,35,13.341163459767419,26277.090417797073,58,24964.359350248775,15.131714620552632,1,0
5408.124858111212,41,11.166405496815068,17953.184496915386,40,19791.425702623525,21.899362489834395,1,0
1888.5949950040717,64,15.43192408580001,20134.663989946333,53,31853.249518793018,43.247788676681196,1,0
5296.598705981393,55,3.047060642460051,77161.51634617866,15,4727.403547163451,29.950155134472272,0,0
3208.029643809168,27,4.9526597086481665,31869.18379997667,33,48172.15016075388,8.003180282254226,1,0
2048.0685981863967,44,7.052983248562596,5218.741047022904,20,33073.2445010867,1.291023992657307,0,0
1659.6001776384783,29,6.764275957088622,18104.68127672114,41,10144.169752111176,9.340239331001232,0,0
1830.7860103251044,24,5.86312643479451,20870.126410358644,6,42885.06792627667,0.43359142112414717,0,1
2794.9630928756965,34,1.7810291436408026,37419.125826614225,27,3212.2781379182798,11.939102521380907,0,0
2304.0784550792637,18,0.0,32120.226336546446,32,51364.2062009603,0.0,1,1
1593.0468598231002,75,26.96638867166436,22466.956039875495,34,15209.51483658163,20.526295411280824,0,0
2016.0647048285807,67,47.46207695195054,24754.360740571195,20,35982.45782508088,9.025000278558796,0,0
2305.8793198390076,43,19.29524440674989,10765.666699634987,15,37559.80111238081,11.086540915931936,1,0
1500.0,32,12.575208704279621,11808.011773906725,25,6309.233101049831,5.764464213432682,0,0
2841.2303612542,68,16.685742423789645,40329.019083268344,27,22658.76067560006,2.403142198637193,0,0
1500.0,77,58.530269952937076,25812.388076720734,55,19862.755534220018,48.999378761062246,0,0
1500.0,50,3.2906501140530366,3513.147603333861,53,31744.135139422757,27.333967865421606,0,0
1500.0,79,3.2313472688121507,15156.185283828469,58,35807.25284758008,48.03794188430473,1,0
1500.0,54,30.801694573945014,9469.317918769813,14,771.9987501465658,30.513837716325682,0,0
1500.0,64,42.65418402952137,7247.544305079159,56,13220.934580162824,34.540435624319464,0,0
1500.0,48,2.7175607263830526,14398.172429752734,37,25055.39717184235,28.124533361194313,0,0
6465.8678838622245,52,3.856532509358611,73087.0591154099,22,85305.71984431437,19.597336506793376,0,0
1653.6928851388845,18,0.0,3000.0,47,38986.72408802348,0.0,0,1
2435.1473777961446,25,0.7315529384990687,34733.75318119197,24,1033.076850322415,6.01936935897634,0,0
2752.4997081844954,29,2.3036179848030898,41116.8302678188,45,30121.93917389748,3.8435710139045645,1,1
2373.4167258541697,76,56.26444389678006,41329.92890624149,32,39683.755967377925,2.9047765437491186,0,0
2116.260926551502,71,35.39659177870306,8615.178588798362,56,11511.597797817934,39.74233595610262,0,0
1500.0,74,43.598969429038355,16661.090340204173,42,27220.176979310563,14.256994046980306,1,0
4904.998918712997,36,13.970509266447397,40479.147843866136,39,9960.658339851456,8.536244616539284,0,0
5966.752890635603,42,12.841769994701151,39929.948759899955,52,67280.88623926675,5.770556056187981,0,0
1500.0,74,44.65938275192896,15923.653011656368,54,25358.810857151424,46.31708771357912,0,0
1500.0,49,18.47003350408906,21450.76887720053,15,10003.39230901806,29.70708191746379,0,0
1893.3524345986114,80,19.50185805140817,3000.0,35,3495.432367296118,3.4114324232364446,0,0
1500.0,29,6.172211196452408,26219.702870437763,26,35888.310367479105,2.5670879461003517,2,0
2916.9127378880235,80,33.077532340339836,43076.92926782898,26,66638.55082170789,11.752851676549227,0,0
1500.0,30,9.881436645111847,20654.419442962248,59,34738.87168543998,8.078442152897598,0,0
7264.689509901406,45,26.506634869304794,101172.31956929903,39,177712.89998391323,11.574316793934239,0,0
4250.5417606517085,18,0.0,32363.761252920507,14,19626.669834666405,0.0,0,1
2482.237665566605,68,38.169533922067984,34199.15197142218,39,9790.938111069025,7.853954219017151,1,0
3884.860849655703,23,0.4988150201906677,29428.184350307292,55,3322.9726611343626,2.073673207648978,0,0
4057.187316785315,25,5.43781958613802,66042.96047459157,17,90457.30256857477,2.122597964363677,2,1
1619.4289750756686,21,1.1142507359796965,6498.413038569547,52,30476.148907396084,1.8335727440120357,1,0
1500.0,22,0.15756065155874666,8954.859317486362,26,23747.34041694353,0.8689529149470454,0,0
2305.32901429131,42,8.717908285492253,23912.574389779635,25,53464.96914095316,14.755472187025138,0,0
3547.150444585211,39,12.82349776935454,22796.073098273966,11,50997.081719190486,7.9326490290374245,0,0
2383.8764907202185,45,3.2197545273995973,19576.47281502447,55,7731.552288646795,9.349953174766702,0,0
1500.0,56,35.11331071234967,14056.778579664164,50,6632.417810062796,11.611152098118518,0,0
1500.0,40,1.7087930920024488,23337.01039474447,41,4956.897387678619,14.824336868568258,1,1
2120.304363443195,21,2.7900201594994987,20978.860273628427,17,16308.215670622696,1.6872552162989276,0,1
2118.3312630137752,69,36.06401341472001,15171.101754440657,46,20097.500144982238,43.43780670010923,0,0
6534.807685465439,21,0.9891365262426108,34056.246893440264,36,130179.7510995147,0.7248305327261698,0,1
1500.0,79,23.835771210254688,11921.23745920103,7,7172.021679200379,2.4472943440859787,0,0
2916.3090828730665,64,34.077230777706234,28485.08913924945,21,52884.72459094247,8.373080164543863,1,0
5009.103367907276,76,34.88532385111003,68544.33291696786,6,61515.358608845665,19.91466913107483,1,0
7702.477890095715,38,13.432858429098903,23552.86176563564,9,192496.4610026337,3.5930998061703723,0,0
1767.9596441831604,54,14.00992619448528,8428.493371162302,52,34324.161287694245,3.0063843902289635,0,0
2893.6854155820083,73,26.829741499417946,21569.87332324945,57,70096.1282912658,24.493616024326275,0,0
3021.075571479485,58,39.59469936151574,21530.51947249394,6,25856.743961245236,27.07734655009757,0,0
2459.0120740592743,19,0.2139228704997177,18835.337790043657,57,7564.547767778852,0.7515707669539775,0,1
2091.496545757016,76,24.23565881828362,30305.49527341664,52,26451.983224354066,23.126184833679,0,0
2806.761100398614,24,1.7509391254438038,18273.768569270414,40,8717.763059349729,2.86826756728229,1,0
1500.0,66,36.725352501112795,14298.403600267948,18,18466.93893232743,36.26258368199043,0,0
3213.5715163484856,33,11.46018938498581,37298.05930025628,55,21686.869820277087,5.290617454625176,0,0
2367.0455356007274,34,4.679127375958334,11709.85794706471,50,29058.277798677114,12.556259380287562,0,0
1954.0097195508417,37,1.5464160160266753,25827.751841555826,47,46389.95929786709,18.38014524638043,0,0
6807.459040061791,75,0.6516625703156306,70122.90333109426,36,49189.688834601155,50.18739553045869,0,1
1523.5315234294044,40,9.40391173133468,13095.179684626264,25,37838.202266566244,9.979097407114597,0,0
1769.245044440907,51,13.541140613080438,26125.253442801706,12,10143.50068218602,19.12411033133452,0,0
6603.494887101748,28,9.88389878639863,33938.12977117044,45,34356.06541674856,7.164263866560665,0,0
1500.0,51,15.503468498023427,24020.987250665243,38,20429.569612469593,11.526914600393965,0,0
1631.7961087983745,50,8.20538782641346,17195.58754349819,33,34351.14134443889,25.57561919924115,0,0
2036.80160766702,43,22.280736025786684,23129.863960071485,55,38164.749320536575,10.922924882013273,0,0
3506.606238721128,19,0.4910679496535785,55670.8890297834,49,63428.97828134991,0.846841558100434,0,1
2475.731975721548,78,35.95053811263467,36885.69722850605,55,17493.08524506393,15.284033695563927,0,0
1500.0,80,5.931460046549186,16839.832754958457,49,844.3791026371412,0.7054394926356018,2,0
1647.982827617386,40,8.42416096125503,22749.069660161513,25,6663.9601138550615,13.919144711392251,0,0
1581.2248729629925,58,37.76894697895147,13229.20932319331,37,13814.896904943644,18.075564699725028,0,0
2116.519821467389,39,12.379613067683934,21811.62952837995,14,51414.6979569901,1.2562854573687656,1,0
2791.164056201304,75,19.636605743120317,5736.37894345436,39,64181.24451002245,27.79390412516531,0,0
2779.46339796404,51,20.64701696084257,7025.328897636572,19,13942.107157643113,5.562804898909991,0,0
1500.0,77,53.71425428510885,22650.347806751466,9,27210.842924426088,37.15520059818273,0,0
3964.628929404644,32,3.8358684066162607,7986.420459937732,34,57389.67453730239,6.230638087028944,0,0
2537.4447895439425,27,4.5460504662360695,9844.740577269848,20,3161.824319054073,1.5401227671445672,0,0
4729.1115278415855,32,13.421669154764574,68709.9953563226,22,43945.932283889095,5.767145260969162,1,0
2819.483750599067,59,7.068241875236559,3000.0,24,34261.9253138643,9.54106113527622,0,0
4046.9857621885612,46,20.150589916707922,23476.052828522257,43,67541.5743100843,18.286709853241614,3,0
2854.351415419553,74,34.41093645936701,31194.22809908117,14,21044.070882757354,16.528028946560898,0,0
4630.518676238817,40,14.952852885093966,51503.63315961174,32,108101.61505141268,18.084381701128667,0,0
2943.1562820884437,76,20.370738578719042,41826.95817006938,54,33248.76711204013,0.8214659185077127,1,0
2092.5665678629525,34,5.022069975740239,20090.200789088427,20,13001.619563767683,6.454687624676717,0,0
7706.651732144364,77,40.36837056471386,74444.95933517767,42,60965.02666707824,36.40774687969029,1,0
3601.012796554579,26,1.7243462808363628,48002.508084527864,33,67688.72624999536,0.1808662755933037,0,0
3027.7027164554606,67,20.56308249809125,28692.375629137496,55,48464.843667804715,10.576253223678679,0,0
1500.0,53,6.58611261185213,17016.52270737223,60,27831.67580421675,11.459698583531097,2,1
1500.0,26,0.06643872898663794,24393.2387405038,9,10962.818449533743,0.17475643665875396,0,1
2594.0963696725003,33,14.550860400571041,20297.940594299063,26,21196.920367312912,8.200360572760058,0,0
2392.362520003326,53,15.109604252974666,18055.461868076418,39,23727.398635123234,22.080393617956904,0,0
1575.3497486547728,65,45.55943187773179,3000.0,24,7427.4983194288625,10.693545835212545,0,0
2386.398213985724,68,7.016175988391304,27272.34690739125,42,41227.686695510994,27.17413636641892,0,0
5290.906178279356,50,18.795736942639554,7968.7524485518,9,43563.93447119483,31.972060453039912,1,0
3237.223707336162,72,10.852597770726938,30981.92823776202,42,26402.49097460316,47.89364153835526,1,0
1500.0,48,23.702223808898243,22007.961620321777,56,10101.186370767746,1.7598249480146955,5,0
2076.9798972198587,23,3.918514943804876,21493.955042178255,37,23512.856181676514,0.6394123220816261,1,0
1500.0,27,1.013464341353806,8375.722213025238,50,28949.102971282897,4.449629892143944,0,0
1784.2707119156644,33,13.680966793145837,25630.804625342087,53,37273.803494274005,3.6780167229707246,0,0
1759.0187143927897,21,0.5838889416096739,9824.452096502207,17,35378.61031803053,0.24290771153049273,1,1
1698.150386117867,71,32.487799104236096,22859.71981756694,46,26372.002841889123,13.4913881155231,0,0
1500.0,39,20.698306021841784,17061.590607350896,21,10516.032564685433,1.2847400511498537,1,0
2058.6175106753976,30,10.588758417196367,8007.892515677307,19,37819.64486220249,6.358949305387787,0,0
1622.4064674462277,33,14.348458928417536,26586.82235912804,59,1596.526721341781,7.3537515550595325,0,0
1500.0,69,17.47253733212409,6616.4139154084905,6,29930.715274141814,0.3226338313636593,0,0
6830.373344226247,79,6.440114175387265,121737.6092852479,57,133231.1389007727,29.433500134279683,0,0
4019.1403273216806,46,5.273712452104602,4518.632283335182,60,67320.71233295,14.554544123307746,0,0
1795.492436696823,23,2.502474475383069,9837.893421238945,37,4395.6101202309455,3.0285187050579943,0,0
2231.3241497513645,43,19.83074195683305,9812.52698378628,26,55634.795187739226,24.25249311016261,0,0
1500.0,28,1.5015364418387522,3000.0,9,28365.34471503732,9.826924270520005,0,1
5611.916615130663,41,15.173825241997413,75481.70559795693,14,103091.86659611759,12.11937414542891,0,0
6269.8567227210515,46,9.060172913106332,80180.4239817617,56,10033.001612196036,23.66522753307391,1,0
2407.10858884466,20,0.682404144784307,34830.7803873724,51,23993.163364750537,0.17033153998061845,0,0
3877.4843320283585,69,33.75780423805424,20798.34239553205,27,8353.361399376396,27.088885743933844,1,0
2431.850400918042,27,4.202994775798982,20801.313522534037,17,21949.699743870387,6.110100533015655,0,1
1500.0,78,48.721997581559634,18307.39480134946,35,21393.208288394377,33.8837291741729,1,0
1760.753545175917,77,9.199192070106797,14924.2607338978,35,38686.93303513567,13.612538672796918,1,1
2374.543248908569,79,48.18684445578935,30523.656652280926,37,16796.197093589442,3.822137164581268,0,0
1719.8610036163846,80,3.982585379560094,20255.745426226524,41,26804.66374718311,23.973495643661753,2,0
1958.1211536672092,18,0.0,5774.524055093527,12,8060.210303383365,0.0,1,1
2100.079002768812,69,33.46363543966144,29984.367402891727,22,18583.80159258571,50.57736675643366,1,0
2112.2665118207037,60,35.90687757346499,27990.69567774468,6,50020.44994208247,9.934404958125741,0,0
2272.741678958497,43,6.316990693483726,27611.958181907587,19,42479.86674348913,22.944747742784593,0,0
1500.0,75,18.649921532248037,5454.886959910559,52,20467.71615701894,3.890899772940048,1,0
1500.0,29,5.908328231154139,8333.909444281773,49,9438.629968356061,10.24088201316376,0,0
1500.0,31,2.75044648436093,11526.014305483812,49,14238.945849145828,10.82076798231039,0,0
3781.2070095049926,42,19.467750278100134,21775.22841828721,43,14812.248307645843,0.5026884655643507,0,0
1500.0,25,5.415456515040326,7309.162412241353,31,13255.019741139784,2.0872976186206524,1,0
4165.01305406078,60,6.102251902562828,61188.541614060894,32,15684.692196405646,2.140179454498408,2,0
4733.840838118942,21,1.3914891954498962,56095.768662532304,50,94121.42279278056,2.9865176145886787,0,1
1870.2000395700877,45,20.920349699674777,19848.482087188106,21,3775.8913301427915,11.551788123761959,0,0
1500.0,24,2.0239771866204888,7261.794126757974,51,7102.705492766441,3.9730411176638247,0,1
1810.356725799421,27,5.697961404459585,30065.140073930797,12,31281.45844768447,2.1077151734014814,0,0
2131.7504128539117,68,2.5106560728786365,9060.177295802192,37,48098.5093577531,46.686811933377584,1,1
1500.0,74,34.08657058964181,21771.248787029264,30,36172.18536628506,15.353748958210414,1,0
1663.4181377640473,75,8.7012198600346,28999.09253809556,36,34766.39208232525,14.832232616231014,0,0
5123.57316991801,53,29.070416379005795,68453.89076134586,21,27087.27798962229,11.01100335794735,0,0
3183.4154467544417,19,0.35544946358047846,56915.00879001803,60,22738.443015745517,0.46248916465070644,0,1
1500.0,43,7.038846568204892,18101.80348293764,46,32653.213237445736,0.4633181557427757,1,0
1500.0,70,43.72622678899722,7045.238761899322,19,33349.98617790415,31.087550006660393,1,0
1844.8264284248335,67,2.4570571305187,8237.023435243453,30,29547.34729397452,1.5516240598961688,0,0
1963.725613886478,31,5.155914391346482,12798.763985755058,35,15397.62650101915,7.0096323406147105,0,0
2901.286542811877,75,21.090201812776787,3252.952482003962,12,16251.314533065684,26.099439424380382,0,0
1645.1318436245044,33,4.2720056137432625,20710.357478641923,17,35052.935208184776,3.6382058720461528,0,1
2925.8045054576305,71,48.322979596078284,16288.984555959742,8,15013.399980799863,17.477704910053816,0,0
6401.801550700074,60,31.538992527702334,95118.70332083962,32,105918.50296146882,29.637712072276127,0,0
3458.2762917548043,59,2.6208497318694897,24574.28674704614,51,83686.25241755655,0.39349831472725005,1,1
2150.7057454761316,34,11.434999190959266,19698.87394266824,24,37921.856252104226,5.066354208412156,0,0
1996.7322352402546,63,23.72846099079573,34776.5094467158,48,12862.46550900508,30.613376437419028,0,0
1814.9800886555665,39,18.918225782433165,9287.11897174588,42,12818.564643520316,3.1977511734535513,0,0
4227.442595488301,21,0.9388368520450754,56061.46758745245,60,9817.68326281638,1.68115696255831,0,0
1563.9619696464515,36,10.334915992972492,21640.54555595842,50,26831.233411108722,3.0407927126888286,0,1
2263.963890907299,19,0.500755274740986,10769.605316946705,47,29342.99156479901,0.1547618768569996,1,1
2271.416321378352,56,18.60331443664902,21616.946979256052,12,11724.579705729426,29.346643637502762,1,0
1675.7543380457655,26,3.648843196137701,11652.245062143926,54,9537.903557030366,2.1322028264091015,0,0
1500.0,77,12.132139056404595,21183.609206702273,21,338.4208037693667,22.170378018199116,1,0
2637.629766096401,36,13.60277860486307,30549.598795977414,37,64517.7032702461,13.140325181249457,0,0
2135.4823292334777,33,6.77004049108933,19415.19017461102,13,44205.45508766566,2.692794008144645,0,0
2907.7424194212076,71,50.8013625751381,41432.9320600249,54,28653.617140301834,28.18206213064145,1,0
1646.6856198178484,42,6.259402252626631,8229.549644217652,18,38947.81380895611,22.027671930351914,0,0
4321.905683234784,65,32.08896046247093,59692.31139126445,16,73161.21283157497,26.029860510788968,0,0
1500.0,35,15.992190353864844,23567.04495836702,25,28179.845086043013,0.8303780325983003,1,0
5662.507850600493,40,14.596083106354035,90240.93657431084,23,96256.33390235093,12.973340042896433,0,0
1500.0,70,45.30619119610452,21483.676621999897,42,28381.8311982859,4.687976774748687,0,0
2804.9010344722133,38,16.54961919514012,22260.370139049177,11,11986.669408976257,5.642490808665661,0,0
2868.3346396073753,28,3.6011771548900384,50742.951976708835,25,40328.641439372106,8.496751053435114,1,0
1500.0,56,22.804709717700867,11179.637917472217,37,31851.610327067156,0.4206268666074813,1,0
2788.939418546807,58,6.250453592454224,33067.42775565981,51,1362.5770693589184,3.0805323465848655,0,0
4463.708797364691,21,1.6065776480867986,16686.50863387325,49,13775.334925327757,1.0900923860411127,0,0
1500.0,42,5.530127323544093,26501.44691522801,34,9211.492862290841,23.985501117584384,1,0
2911.750262456967,80,46.11168252705163,37758.8805392995,9,21454.263413747205,18.09556217645428,0,0
1500.0,49,16.36981107865586,20711.127403782393,12,6851.3949971525635,4.875513180816967,0,0
1500.0,47,11.925593516318154,3177.3059369841876,48,23412.38962241498,15.933241852599219,0,0
5410.200870834541,62,11.827072231347012,75624.34416705831,25,39767.55587535885,22.84722094909775,0,0
1603.6216501348952,76,57.92451194679464,22723.797137538288,39,6338.3083065514675,26.077936128872576,0,0
1500.0,43,1.792763022123317,18630.20452223686,41,33968.48183200502,23.66634380107372,5,1
1980.5586870384789,74,2.439398112055521,11809.00875122119,12,34413.916981194576,15.688364773229049,0,0
6886.708207058092,78,13.035444029631872,64216.699555545514,38,42363.369736433466,17.599453755717974,1,0
1500.0,53,33.98753605197369,4316.07646837227,20,13535.761249168943,4.908993998547945,0,0
1500.0,68,48.961908415999225,13525.47019470839,57,27779.458608326197,34.864400895808764,1,0
5032.073605456713,51,21.612615247480488,25890.04634732823,37,99497.94263759587,10.605192545657763,1,0
6134.821669189435,26,7.040853337651238,42542.83354486408,27,27060.110271217833,6.42192234436522,0,0
2086.2277850279206,29,2.3535790392487494,7852.993112795539,45,48847.77623468162,10.689336651102122,0,0
1500.0,19,0.9720420941766236,7366.386377545874,34,29447.697712125457,0.04368524199059198,2,1
6993.342653444812,55,5.283039455163892,16096.345382313082,30,149799.9237323872,36.74550993215062,0,0
5307.8562613590975,22,0.4045007527266331,88313.82813183413,10,19089.546732294955,1.0164169054283376,0,0
3208.0573412117647,79,6.844903894083647,32135.051665295243,19,11498.251128669197,25.62673179252618,0,0
1500.0,22,2.2925116930902587,11616.920267199863,55,11451.33165845128,3.1109734179707687,0,0
2149.5931325501424,69,39.82969443662067,21701.210197735418,40,3474.0874917449164,33.93188824910555,2,0
2021.9182235721432,39,7.700010735367295,23617.996206607215,7,4603.2671935421,16.34717533753234,0,0
2649.081400428595,22,3.911583951144506,44165.32480482167,30,9484.185302403772,1.865328062875435,2,1
4905.198259068129,76,25.19636801086311,19806.112352931792,59,87365.22711186437,53.131890557226086,1,0
3582.0099938115495,21,0.45134565231964885,21579.43405853605,21,2707.1301693653295,2.3698224162153307,0,0
1500.0,78,27.9580048911682,26382.628076774927,51,3121.679301322522,18.553678526020565,0,0
4708.256965559182,26,5.432297323379519,34418.68036978792,21,111136.46777531337,7.587841770790079,0,0
2623.3900615989737,46,23.302321854122603,3629.586237889658,16,5486.602682139412,26.90951741593792,0,0
3222.4144531349666,39,9.634134089088452,11310.479371085179,54,43298.16274927521,8.716124670891627,1,0
4947.30109038701,44,15.433777477278355,7162.4943843468345,40,79475.07636837321,16.950972687677357,0,0
1500.0,27,2.40610240942968,26743.040131728576,28,35947.25676432357,7.332916816925131,0,0
2165.2604462744557,33,9.68874789608271,12430.33676824888,60,48707.68086360835,12.259510753071709,0,1
1648.630128231424,59,40.42484970196409,27532.497162745964,10,18163.07217440566,0.5790653323210527,0,0
1500.0,78,2.9432143552676315,26895.100031872753,40,35331.152299368936,37.740817982792485,0,0
2672.288466056037,59,36.34775749891188,29922.417670393155,34,28878.47778730249,39.92167119547485,1,0
8789.877931412138,78,33.736950166051365,13750.334403794894,52,147212.59332388194,13.88082886777027,0,0
1500.0,68,12.604932978114997,3580.586574866638,60,9735.302651932254,39.780442958846926,1,0
2169.4862425593956,27,8.594007390083322,19931.100346162624,10,34529.78850795283,4.808228589692842,0,0
3141.0066424445586,23,2.416771515294495,24829.419481455483,59,42261.376247651126,1.1073510556945576,2,0
2363.0135488286364,79,20.23310535207652,26713.90172025949,8,35848.74939695228,3.1133164191237572,0,0
2075.1310164229976,66,8.711886157000375,17556.464940585927,11,35414.76703214754,36.47624212881637,0,0
1500.0,22,0.9778088410266483,25318.959656422852,28,6504.573753830156,1.265881398099308,0,0
2509.9866380286294,75,47.47239537071223,25327.20882671809,51,18904.140124599744,21.408403599710965,0,0
1500.0,23,3.0720500465858294,19190.014567292277,7,27609.052009707302,2.4261552662450554,0,1
1500.0,80,56.6212284082756,24360.374452383665,23,6143.39948515059,31.446083984221108,1,0
4260.00546140502,76,13.454170225151579,14896.480345401496,35,36661.621774438805,11.958763464283841,1,0
3741.014838949013,73,6.662621561689582,18351.507590278998,43,62332.6668305644,36.8853094603659,0,0
2271.994904879975,76,0.3530767965842203,6417.06155140358,10,53258.456522779285,40.16731883744067,0,0
2504.867401319986,80,31.487446332191617,8451.053862779709,51,4715.42583312204,8.822657318953095,2,0
3987.3212041117263,64,45.92211879757146,38732.54884826945,54,51492.34568567818,24.51383883597874,0,0
2498.352543989986,42,16.679166451647333,16139.475862199084,16,5115.710316275131,14.622224357455035,0,0
3630.8049613690523,76,17.886886333978474,29750.591730965367,6,34413.854213209546,10.802589517216958,3,0
1875.0390962479821,68,43.84292915130858,33192.55548300747,15,8221.413802950727,44.72310632646574,0,0
4544.127669175401,67,38.30439103341003,16649.5652350695,46,73778.27763661621,23.65846719758913,0,0
2634.4564247125013,78,0.9249099645923553,26855.135610805562,57,49911.92088383284,6.901701459961029,0,0
2457.0791079807527,21,2.4505814416230676,6586.961348873026,49,15193.545633420023,1.0031885328635843,0,0
1500.0,57,11.720543532301344,9621.655988228904,31,26733.268089477977,18.601457482711503,0,1
2585.891805404697,76,8.681060945848863,25776.0161792724,38,28885.635747580465,0.5883608786808281,0,1
1500.0,65,10.637549467642504,25639.109522116112,32,10634.251139590127,1.4997641577812806,0,0
1554.5548295973426,49,14.52597393562931,11893.71208440462,55,20341.414796906785,1.7211384546291557,1,0
1500.0,73,23.367735988740606,3155.12075347408,17,14236.88039328621,29.597437424468833,1,0
1500.0,68,14.444364968711337,11398.116922988082,7,8624.859545821753,16.80440981187606,0,0
7105.4990096881465,69,8.783134432558668,24710.083284024837,6,134443.99873473073,45.548306450855975,1,0
4592.760250591177,52,25.915846847833755,22549.641868145543,6,91570.93025291542,19.013951659182407,0,0
6349.949417959516,27,8.910988053614254,73072.30069577653,38,127048.55618420275,6.8390669593882,0,0
1500.0,51,25.667122153849785,3219.308588193883,27,14330.354851338547,22.675394832917387,4,0
2296.6103694225144,53,10.357793868503942,20440.5301272764,17,9733.519985472665,18.21122545332039,0,0
1500.0,23,1.2240448070606669,17041.270443274494,44,31515.423056530446,3.7236021988256236,1,1
1506.234064415163,60,9.141966794769406,12308.331240451967,41,12398.711673623035,22.877639520444614,0,0
1500.0,63,6.151278352006633,3000.0,26,28052.505084450728,17.34553373357027,1,0
4366.736459752622,33,8.269958245384519,77526.2926886075,25,89239.7792239143,6.537072487614725,0,0
1775.9196440195717,76,35.11322157329396,12859.377392458953,41,34104.42775238586,48.63307769354512,0,0
3974.318768992997,70,36.68613835448314,56577.65553035008,31,38730.335601028426,29.290225022424437,0,0
3078.7116385181225,36,12.243840676806023,20122.429612700045,52,72197.07533187645,6.791330666921681,1,0
7840.0564506585715,51,9.646999272351621,71150.74567789043,36,129392.76535847745,5.931524002346187,0,0
1500.0,42,7.927464129524317,11405.82288658041,6,21590.48566204962,11.888588212840927,1,0
4414.184045858456,48,20.445436063270137,30118.714479551745,43,77017.48059597316,7.572123285974241,0,0
4148.667505773359,66,16.773486757614158,5689.787181604599,19,4638.949072946086,45.86783415016177,0,0
1500.0,58,8.50492758477252,10680.53391528984,31,14644.311479198926,19.639283386043527,1,0
3842.672377061826,34,5.989378459147833,61948.988845343294,51,84655.7203819469,0.1431723822281139,0,0
2656.8054719559354,64,12.515871248586972,33838.89906817557,47,10698.93580887105,4.272350716745814,0,0
1948.6421136652814,47,2.5610689153387565,6766.052941556049,12,20187.96385272958,8.245410259605734,0,0
1500.0,56,31.545278286512836,16574.452617879848,60,15196.799668948906,3.5021879845358184,0,0
1500.0,71,45.214903625322926,24251.88692869622,60,13351.564151363418,47.37999795125628,0,0
6818.512732772228,72,11.866516209011492,87962.76010155088,59,95859.99240290844,46.13498460722867,0,0
2209.177493667802,48,1.9431659857560524,7793.171118987288,17,55019.45775951194,29.1258452663027,0,0
3395.3818260539147,36,13.298893872321232,53487.96751306607,29,21717.61328467347,12.716381058188578,0,0
1500.0,79,12.903246177668235,9189.372338866066,24,26435.89209656218,39.37333731893297,1,0
1500.0,52,13.376806640853248,13078.941679964715,14,28424.81241658765,31.398885688456406,0,0
4004.170192244996,46,1.7957870626467312,39819.17783086263,40,58510.784743645534,26.499008054577082,1,0
1500.0,76,13.12363591598924,23187.91841164398,9,3655.3382962942874,50.89429488724895,1,0
1757.4732931754156,18,0.0,29591.153264724435,50,25148.278382644243,0.0,0,1
2250.0665579897573,21,2.4131893407456055,37810.34102253273,47,53633.96327354755,2.015109766331184,1,1
2347.849145996603,45,5.591290271968181,3000.0,37,20077.640447060545,0.04336057547040961,0,0
2001.1928229633497,35,5.710535366813722,33364.09537870821,51,32003.482186134606,7.301789855604096,0,1
2745.4516600881207,43,3.355960477343589,5283.837023723061,11,65849.50242929191,15.891569279483688,0,0
3232.692517443992,57,2.892732581111973,17838.489216810656,33,64491.430278514825,21.337967837339583,1,0
3307.839876361253,36,17.85909086007137,32267.295025439103,33,56920.293887489024,14.780279338035703,1,0
1500.0,72,35.40207336722132,13738.10506961205,45,36418.08295381178,44.220722931763014,0,0
1888.8334516390312,72,29.273211496709212,21306.166934519275,56,8055.069806195484,32.328828510926705,0,0
4260.405293393954,77,45.164411523912676,38985.204557145385,34,82305.57572471193,1.2976491422847567,6,0
3612.141010279465,74,47.04432094251255,60988.785104706956,47,36738.7039898776,20.682477330744195,1,0
1500.0,23,4.033573840223638,7633.995629471969,59,13516.188288018911,1.1440829267173696,1,1
2679.3083054028266,18,0.0,15160.651161990147,10,34876.05480580363,0.0,0,1
1500.0,25,1.3076552873334895,24978.817360172932,10,1265.6647041546828,4.321048581612433,0,0
2266.0968838706394,50,20.956969667770593,5222.382824324484,42,17705.560002575876,2.126780885847282,1,0
6271.506395337528,68,18.787967390198148,71260.20447503218,46,26060.53842269419,1.1121024524485768,0,0
1500.0,60,41.264271344566495,18884.266777673074,60,5200.908728148927,18.348662471172787,1,0
1500.0,38,13.308095852765081,14391.313947458357,33,12650.26912575368,15.871476644952898,0,0
3361.7480809828567,41,22.00062490077175,43036.90374962654,46,67425.26664958613,0.7060672157666926,6,1
1500.0,42,4.834715559499052,5905.243473305158,52,7541.665044565076,20.37716604223353,0,0
1559.2882304049647,64,39.74202329329106,24160.77812262263,14,20715.759452921957,17.658463106500363,0,0
3065.735005538737,72,17.353024514022167,10363.523189541664,34,57379.537529174384,6.384713163054397,0,0
1557.9759405217012,74,55.41562926131718,12173.730403917447,19,9385.696343319001,31.779872812693718,0,0
1939.5601645217266,60,6.622924227072186,4420.993139294247,43,44813.69740918967,39.99914357982519,0,0
3325.2566586198254,36,9.294116739089878,34145.69175186442,59,72033.19806833832,9.765232182698671,0,0
2784.5744666436144,46,22.199646947439415,34488.8447331274,57,17485.610874281538,19.2257731620072,0,0
2557.40951760022,70,22.497408991409866,43477.92536958716,45,63272.745311519226,42.45390691833303,0,0
1832.5848698792913,27,4.212756541688821,24865.822417882384,39,30657.820560893753,7.1940611002267785,0,0
2706.8303407991257,73,54.249568752815755,27606.284800599966,42,19360.606544832623,4.021530068255682,0,0
2063.0629490191923,29,4.678389653312687,34771.87238275069,54,35125.57852338079,8.150949545540174,1,0
2840.663939819535,50,19.330307219170034,25944.994585987482,47,47314.68591754412,30.38238610793199,1,0
1680.232383234048,73,2.9996813371332887,17710.482887076523,19,25463.653969716193,38.535872868931754,0,0
1997.3709386051214,24,5.05326048126156,22238.078825735472,23,35538.028234660705,5.018657362262806,0,0
1500.0,34,10.370688783672696,11954.483010107455,38,10061.838389071501,7.7687952161779155,2,0
2166.2347788258335,78,24.241206171768813,33044.190996527344,59,53017.81017124366,19.144159582372286,0,0
1500.0,78,0.9701723972711851,6221.986440549008,39,32171.09089781843,40.57435338545243,1,0
1500.0,75,33.725122773829725,15648.475854476002,33,27965.300723599532,28.055398752806667,1,0
2545.961434001218,77,0.7468118805655694,33805.18771629842,41,1674.2874808880247,52.8220425225499,0,0
2482.4639563535848,27,0.010832525181161179,40631.96444581722,50,36640.2602363258,8.769437717344735,0,1
3396.771002568561,48,18.48295686448064,54438.73342253115,53,59994.10811752573,24.594062025270016,0,0
1742.1598869146565,77,11.1520069727387,16809.377613657933,42,37199.461455202436,58.56809743164119,0,0
2763.985850768235,23,0.9594377485904765,32984.70141394395,28,65379.12243070588,1.7418529919715158,0,0
2989.730907223266,34,10.4523450533239,23027.031563714794,47,68453.8579843024,14.332086060071736,0,0
2820.376298762398,67,2.63116220902934,25267.813221356024,22,28629.987595168805,16.1667478110716,0,0
1500.0,54,11.282600213084027,24609.77771061276,16,33618.79454902323,4.249370711014328,1,0
2397.423541327715,35,2.5403423364143243,40329.38181721261,37,44.880320992383055,10.563352820294629,0,0
2698.0300182832475,79,35.39075855758857,43767.54814506309,42,23707.266783261537,27.754306693031776,0,0
2217.0841305010854,43,16.544128868184895,7432.341441964277,20,6312.09778388003,23.042480835765446,0,0
1500.0,66,34.61452097275409,23177.142543931222,9,33115.03875188259,23.625306603744725,1,0
2412.1392616561925,71,13.527254496683968,41301.0908904265,44,55960.53970507189,49.16452670365806,0,0
7456.87773696011,33,1.33874627454876,53251.389421102496,35,47725.586844469435,1.1795080079265385,0,0
1811.6229902585794,25,0.5507855985932848,17784.679199644797,15,16635.701309656764,5.813582850224343,5,1
1500.0,41,9.801485614366648,21366.929023231394,28,36895.41072814097,17.459628174680795,0,0
2711.728972957638,30,11.350132908752581,28623.189674905894,29,38375.26737819398,8.639739281742507,0,0
2622.3024689020203,46,6.096412958916689,46910.94542922614,41,32585.769134668535,9.943803941926113,0,0
4255.656597034112,49,7.95898964158803,37224.76960640073,57,53242.032946534164,24.296548715924807,1,0
1500.0,41,2.3204424484347554,19705.539135788127,10,26107.056722729347,11.11582132262987,0,1
3301.9191496580784,33,9.083554108408954,47792.140831951176,42,78795.59814216124,10.728052663271521,1,1
3055.602695104863,28,6.798728739471748,28721.770249851514,48,28006.31211093109,5.522271467851704,0,0
2042.2744754115704,49,19.93086745298356,31795.60906358356,24,8815.372909929396,4.880630840535742,0,0
2660.523068817968,23,4.305651215223906,27362.49018262705,42,12305.776690044046,0.32279295086651116,0,0
3890.1446261455535,76,28.21269843151216,31113.623921594382,58,1979.9900649873105,21.23882576979742,0,0
3568.046260546478,52,4.571539386080191,10108.283817405463,13,49543.25859366779,31.714819980158847,1,0
1500.0,50,9.260964182541205,11532.046196935817,12,34841.8957076419,16.9515206662897,0,0
3467.145814790969,35,11.26130954816298,46726.44583975844,45,61808.53933593142,13.637265149486804,1,0
2131.1590534048973,54,22.072391054696155,35509.09296293143,18,52904.13351287073,20.73431054335793,0,0
2298.658001245517,30,6.37203755691555,12133.580883592986,42,52267.31131076538,11.494863435281252,0,0
2299.0662587963316,27,6.146679768198185,16183.136119746838,32,28270.334525549762,3.3251000593914077,0,0
2033.2003468399778,54,22.946070613438778,7354.7706392600785,23,24731.30923432001,2.0538163936070255,0,0
4253.251904804141,43,22.033122236623793,54196.16581951439,29,66814.03961664528,19.516709582639617,0,0
2108.9703510515806,63,26.370736986523347,36534.12216638445,46,5848.99714494172,31.745542874899115,0,0
1500.0,34,12.457621739208903,17844.281606128476,7,22788.159016922615,8.440550115813538,0,0
1778.5586698200354,18,0.0,20436.174480365666,21,20634.571784363605,0.0,0,1
2436.412852734455,80,42.04732024452222,25361.42252175053,19,39149.52591292944,11.672439156745234,1,0
4341.903525848745,42,21.652658841184216,10871.030496038331,22,61352.178853558355,11.574625060231543,2,0
3076.9744653131866,51,12.729166820694497,41236.27345192828,11,23877.00340585958,21.984646506586067,1,0
1500.0,56,29.605959118868572,16852.263360508445,40,22791.074363190255,21.99768431606733,1,0
8663.329999734971,27,6.523103710758918,106083.38610766223,22,79272.57808873696,3.937414593344472,0,0
2554.5373783996097,37,1.1309977405646272,41587.328443798484,50,12429.17446029046,10.254194442254706,0,0
4453.586055934556,24,3.4890498577444338,63808.01216005984,43,75162.15285857722,0.6477295818875908,0,0
2031.5555543713792,73,7.160414206044131,29001.591760504893,45,15559.028459685554,38.271205712295675,0,0
2961.1932307609604,33,14.509787583458868,49635.88833206927,11,65814.35400295148,11.013840656939001,0,0
3504.165481810099,54,29.210670097223623,62475.39554642808,53,17462.34811837124,0.41229374749526126,1,0
4315.666666987333,46,3.072266434919363,46962.249344121854,43,64750.54055135913,7.57454756410433,1,0
3950.3227679347947,77,7.183367861213027,11262.320723831415,54,56445.053456806076,5.434894750223108,0,0
3567.8139562725146,29,6.539212404038809,31415.345532228857,26,17637.6489159202,10.980553450619464,1,1
1856.9716558792381,34,5.518226786770933,26720.37274287276,40,20421.434789144205,9.493485340082614,0,0
1612.4977880614767,65,1.6405753764361362,3000.0,28,27232.61937156308,21.889690428648436,1,0
2651.6414191403283,37,10.291188648828008,5216.007911297598,17,21115.498213714916,8.797019360640089,0,0
3689.404861157049,43,9.696127492146173,7901.53309054809,34,10499.1845196951,24.119347980719255,5,0
1953.7455705356617,65,4.750595141471905,26234.129441066627,32,30050.595541553826,31.013214993028775,1,0
3967.3140426433283,36,14.434567060607687,37768.16589709238,11,22229.049252552028,3.035872048447616,0,0
4909.558067003232,75,52.15937562089194,35698.69793371459,26,83643.5245974422,25.54505319576444,1,0
1500.0,64,34.80332096464998,4193.234654174268,12,31480.016121906276,35.613054683511365,0,0
1500.0,29,9.04664541017905,20172.12638025017,48,4625.826429367334,4.6568507354467235,0,0
2044.2652594836893,38,4.329811345322348,13200.509246842765,46,22364.7271226213,6.190668517737173,1,0
2615.438287203637,59,10.806490987662642,14412.396720388764,21,29091.668452109698,40.63985913979047,0,0
1654.8872232337183,78,12.511652417951264,20006.637329290585,10,26169.390250434848,56.138228076733746,0,0
4645.765661886438,75,43.60861558783715,48795.33702248365,20,38839.52181675765,53.66894105146564,1,0
2788.437755813157,78,56.875024736069825,19967.949540404865,26,29178.850921564655,7.900351780364261,0,0
2256.783563434795,71,37.99237195689684,26867.656027912748,9,676.5410607025518,12.415528610885588,0,0
1500.0,51,29.088403241025347,8416.148769795014,10,4590.971669372224,14.588209619472751,2,0
1500.0,24,3.8321945692990353,21768.171670910335,12,21369.828733312654,4.99277554939535,5,1
2577.4481199935262,62,17.057035624587158,12625.428974932502,40,13911.505614622949,32.42041177001541,0,0
1500.0,52,14.475894907630376,5550.361232241399,41,5421.633367364065,28.888691435182594,1,0
3854.3226947843787,32,1.0545000503436677,55122.4802413128,20,31259.78735105232,12.890686076203192,0,0
2024.3731692970357,18,0.0,26386.012942266556,33,8276.43182612401,0.0,1,1
13143.743346978395,43,17.386890104726934,53953.26031722925,7,19591.55006974269,6.5442502536244564,0,0
7858.522870802463,52,14.906582328380141,23388.36127531038,10,55767.66357413614,9.705153201163755,1,0
1998.6015938565088,42,13.253161633311109,30484.23942099141,12,8212.17607192405,8.459704358954362,0,1
2082.896284485552,59,22.86411115251907,29581.65586726376,27,41626.460538570005,12.426090040178321,0,0
3818.335343616224,76,16.08779717333148,25061.16808337588,54,5981.1327838786,14.447739082780558,0,0
5634.957788266289,76,27.60176562811046,68686.50618595243,36,105295.27720763588,43.64419147279305,2,0
1500.0,32,6.590643103347832,4666.084756969175,37,14354.863030620067,0.4758747126053373,0,0
1500.0,39,8.156971645784997,14429.715305715794,13,25324.549100602315,15.296268499996366,1,0
1568.5091433062198,76,47.59917223726209,3000.0,46,2066.096566114297,47.76669874786814,0,0
3042.715556237445,23,2.2558200184379795,23298.77885007907,47,70036.00919090468,0.3302202167240892,1,1
2902.3628926421193,69,30.78587074980538,6595.120365569283,16,55680.068710461106,3.154202467250805,0,0
3977.362937827642,32,12.537281685331564,36104.52027210571,6,13934.996501646561,3.9964932405062137,2,0
1500.0,41,19.923373325755218,12252.881994748805,52,8204.413913526014,4.7910567588383,1,0
1500.0,38,17.808444075583303,12831.818179270427,45,24149.85872398072,11.622673473803866,0,0
3540.0913377391084,24,1.6200299787900838,6268.19948278427,24,81560.39481616809,4.0527092610098014,1,0
1500.0,74,1.9590193452515186,10721.216702686726,49,16718.714662733757,35.511951781842185,0,1
1500.0,78,15.664007993719753,20790.338152047872,43,18211.229813317714,21.440842215733365,0,0
2391.760680908183,46,7.803805677379842,17391.793858662375,47,14219.032877499238,13.955139369181813,0,0
3416.0719882164717,79,55.47097993022305,44948.4128473668,42,32709.818084790324,39.03944059975125,0,0
2064.965043848181,49,20.12652471797709,15035.296072586312,12,14765.413956658453,3.7022143329974795,1,0
1716.741656784966,49,2.5328227476690914,14068.818916795275,44,15046.002406255737,7.114869348070716,0,0
2023.0281910089307,70,7.039686992577259,21416.11208700923,60,1041.739388697271,46.305800007281505,0,0
1801.1479321171644,76,9.029215281434574,30910.56760999786,30,1848.9118839397972,19.854929839848626,0,0
1500.0,79,38.45572663830431,4275.941389489707,59,25525.745021583858,48.87053929710202,0,0
1500.0,22,2.9416561020280123,3000.0,27,25567.319584598572,1.0039590093485762,0,0
2941.5853443103174,79,52.438278544489165,33343.67035599496,32,24285.03735476725,2.540061443697333,0,0
2635.7503882460464,21,2.8219096524187295,45162.66173889302,46,58346.44640053001,1.5012017774202289,0,1
2422.2033818654086,39,4.235795705115278,43176.485601201166,52,16114.441695370373,18.742122914812214,1,1
1500.0,35,5.266132240308834,13846.188308496046,43,14841.929324021012,13.927837335416342,0,0
1998.542134168148,52,8.170977945324243,17901.71644762923,53,36542.12502583551,8.599931743432656,0,0
1500.0,34,5.740185079458204,17946.5761540025,44,27883.804417151256,14.558972390789553,0,0
2436.1206734331154,67,44.818590263763724,25447.207094818397,20,52447.592944472366,23.506078850898856,0,0
4845.819915911292,67,28.180515780028713,57081.321062387295,60,3520.3721001303384,2.400951185644833,0,0
1500.0,73,40.600554352847446,23786.985351216303,7,6890.950542793443,1.5358540872263453,0,0
1599.9693946084985,41,11.272742430915986,21899.10890779902,13,25622.380703056784,11.157615882076476,0,0
2646.5408543160615,19,0.02885791333612453,25001.648237962905,49,22376.487655110166,0.5463228557138162,0,0
4398.69616094613,30,0.7703458319737719,38935.92034653175,48,4790.363867200209,0.9589550469910844,0,0
1725.8525875851878,79,32.813304907341035,20491.44424340651,11,25303.875667358425,56.25667987723592,0,0
1509.0903316486906,71,38.09581884546136,13200.023445782419,25,14829.574085836852,38.06549191001362,2,0
1500.0,32,3.0146273854022407,13173.373457273816,32,13653.557195400637,11.217953018814384,0,0
2337.6255503952148,22,2.887638295969216,3000.0,50,15449.617662338522,2.3360930048654063,0,0
6789.56274844301,20,1.6213315469670249,26880.49226251196,28,1018.0767919018065,1.3270881523090292,0,0
2572.2779677752555,54,14.828309221036005,23934.35681079432,53,11727.016346416629,13.962968273776331,0,0
2181.4532485242385,54,26.87109238238778,32689.314279661434,45,25863.053274781396,24.454695057987358,0,0
2636.33578267409,54,14.545078211824556,15128.241467024194,22,18173.346946575515,35.2145840905537,0,0
2194.916750318943,20,1.35670125891004,21696.616789322816,18,47980.25896011538,1.2954318212219378,0,1
1500.0,80,47.36781705781167,10296.533161360421,9,5362.48733086374,21.181290818136524,0,0
3473.103847304157,52,33.725505022475765,9661.021215111268,25,76003.69296514391,9.698130161003906,0,0
2500.3070859967493,69,17.615229765243402,43232.9953772896,47,25304.720939404495,49.13064298320022,0,0
2229.844851161216,40,9.042897172641453,34628.27704415551,30,15377.027545974253,4.070050536377431,0,0
1500.0,77,9.771583505200109,3501.556823906113,27,11410.944694306483,47.565600088507566,0,0
4522.9936365336935,45,5.509972576848786,59868.078169168686,57,37322.70238927906,12.562081884236488,0,0
3183.022544158342,77,40.910305153304286,21991.051959085842,53,40310.11458256726,26.181825506815233,0,0
1629.2800994262102,47,26.594322114479805,29184.39297301053,22,14414.335182026713,21.67859585138662,0,0
3831.469421359637,35,6.708284178241089,23528.19101177508,45,61993.78319966723,2.516653310781038,0,0
1679.6421418238422,75,10.25113346962585,8496.55975480088,16,17853.714452882723,26.578867790260464,0,0
1500.0,69,14.540074468532698,15981.208981787831,30,25186.639113101508,1.827518076155164,0,0
1500.0,53,15.926809668284852,22795.717165251706,10,22665.990688185077,23.464238752901426,2,0
1500.0,50,9.300810539691788,6409.2312314048495,26,9167.023966097302,1.8680730865173238,0,0
2862.2070706537716,43,5.839477078046657,37379.986668998434,31,58158.1362830759,2.1822199418471744,0,0
1500.0,65,34.59127097158274,3065.8678700986034,21,29961.805041484626,39.70683991777255,0,0
1500.0,57,0.3059519283843045,24932.83594931768,45,37086.76751311408,17.27525229362119,2,1
1500.0,34,8.62768843738373,3567.4103617561186,26,6564.380041254614,3.2156110167718808,0,0
2106.2442601908306,57,30.9569054741604,34841.35227168217,53,44643.85957289037,23.110798462259815,0,0
2033.1137154207825,24,1.5973697179048092,18996.85187375485,37,44320.90933016644,3.115699587507189,0,0
1845.1522672563876,74,33.784324594272974,15900.689923374484,9,29622.2666989293,23.010866297600057,1,0
1500.0,25,4.682300739330325,26319.330527259604,43,18989.429166850892,6.337919467245432,0,0
1500.0,70,34.06128421306468,26754.796531304586,58,35897.23335633875,38.97181590392199,0,0
2850.9382367131984,73,24.521729880929474,34362.43879631845,13,69327.1152431226,8.337607919041314,1,0
1631.4042688799354,79,21.14125726042253,5156.914510553852,14,26171.69924015157,34.817253646792615,1,0
2628.0491368070752,48,25.077722190834404,25242.126700430286,50,23623.524356201742,2.6623170211430134,0,0
1500.0,76,43.98986550599213,14993.659074369392,22,30643.694379972898,14.189930285682781,0,0
2439.58813894197,75,18.311544884593015,23775.22401034136,46,5443.664478831247,51.8620397630765,1,0
4522.421776144469,29,1.133211138864267,48305.62073775497,18,32854.90171532582,5.0828791827906645,0,0
3048.4580677689764,65,3.374954635937052,4018.843649932956,14,75110.52352811648,41.92898677603198,0,0
1760.1818384226594,48,2.828279336968081,23042.300683619345,11,35834.370964572874,4.979968967746924,0,0
2543.9148009224414,61,25.06338253125784,33352.51175104974,32,59755.443902799576,8.829695143000473,0,0
1934.5579969236544,36,0.9299191649218144,5732.068605470768,47,28766.61486502734,6.35084501520767,0,0
2217.9399676964563,80,20.88946624777038,23718.80642717369,42,22604.82596639418,22.712189820086937,0,0
1846.2538540005569,27,6.778797317228064,19685.01725411872,44,45218.91572779769,6.707495432075619,0,0
2017.502494880236,56,11.185230327584367,25423.874726105598,48,15606.67228616471,22.777601354798133,0,0
2481.5815165376002,29,8.396388848981427,6084.244200613156,29,46989.63187255098,6.085743685412931,3,0
1500.0,37,14.163873725934051,17475.834335285457,14,20932.760921257806,11.445134629733785,0,0
1500.0,54,8.849776774795787,8659.1747440317,47,8569.017956792452,26.358889410842725,0,0
1500.0,65,34.25464246435904,14428.576257652385,16,655.6232778203497,41.962382014627174,1,0
1500.0,58,29.91106553088403,21219.75059395396,40,14391.153393903129,16.589598259088806,0,0
1500.0,24,2.384723554002161,19493.97137725684,34,20538.202232899075,4.817555657540792,1,0
2410.7769941669285,69,10.73144467081743,7283.804206604139,13,11040.780104270816,25.249941037387458,1,0
1500.0,71,27.627352765269062,16575.212071459868,22,15545.808219796001,38.27014685512553,0,0
2929.2097488044637,75,52.51966251601119,51187.88478151042,12,45050.508556314184,49.86495591940675,0,0
2250.9160863261773,31,8.315017521616806,8249.7885081344,17,40230.799143697805,0.41879269074283876,0,0
1500.0,28,1.729224976272612,23249.13073699808,53,1977.844871495152,5.466297553367805,0,0
3166.039039809856,24,4.096541548401119,40979.04809621439,20,52570.56028298169,5.936283758762853,0,0
3449.3436828583917,46,11.961684763891368,48836.00212710308,58,4886.625597548707,13.894283606628996,0,0
1500.0,27,5.323759176198357,8689.93734213746,34,1056.9560759753917,7.77873314341523,0,0
2782.5007385939807,46,20.55379298064702,16400.370435345492,50,10602.164366664678,5.205195867671223,1,0
1500.0,26,4.1195788121155585,24603.49612230045,55,24511.652145433705,4.834296721970653,0,1
2330.221734868833,53,28.489439110065803,16584.52491029853,55,3077.1418569123402,30.460708713205584,0,0
1500.0,65,33.941312227881504,3106.8924626666676,29,783.6079577090302,20.282057186082245,0,0
1500.0,27,5.535660060166596,16815.215941275976,42,4423.481675533271,4.380498530145394,0,0
1789.068810206509,36,2.714270684982327,5585.294587178976,19,42477.9050719677,1.4763222800823204,1,1
2063.06718573726,73,45.977201100136256,30001.403806552225,16,46794.3738556094,2.319465057283275,0,0
1774.5038975611828,48,28.077167559594482,21133.79047645173,40,3835.8552455191066,14.061248987489495,0,0
1500.0,34,2.191441980948717,23805.52588314081,22,11400.494381871114,13.495605306258142,0,0
1772.339166077125,26,3.9059290354674445,25419.301711439464,60,41973.08728630496,7.450594176917719,0,0
2560.895072140191,62,11.391104646702198,7441.786994472254,32,6254.197039089852,28.980732152296127,1,0
2154.488961181906,50,24.144745837618068,16111.702579919343,49,5095.149973757519,26.444755178707755,1,0
2441.5187589170164,51,23.8137779881551,34590.27622024161,8,5249.503241483035,24.250187367727374,1,0
1527.5747709759603,62,6.198945305097543,12365.419963516777,60,37291.01168261567,30.865376383618013,1,0
4206.746617931407,41,20.171627239017653,73745.16526428532,7,78151.73062517273,17.68776127209545,1,1
1500.0,26,1.4477845118240182,20261.381472282956,9,8043.163775973691,4.042423619287433,1,0
2887.534097440399,24,4.783554153888645,3648.3952426037868,23,3316.857091941396,2.7476286209811267,0,0
4230.350381551473,33,6.854705394420073,67515.36308447324,25,102082.74463783062,2.3871528336279018,0,0
2876.9887436454324,36,5.908901284046722,7807.230676976907,26,30603.179592177818,15.188675700745618,0,0
1975.5688775275644,56,6.013091981620113,6695.011910283133,19,29553.29485485059,1.695327443948377,0,0
1651.4956722573806,23,0.838071280733147,22272.683027813826,13,11527.28428331788,1.3372206061866454,0,0
3904.356297415456,67,32.432637180344116,61315.82881275455,7,74022.72250116544,25.475891210140727,0,0
1500.0,68,27.521519397356027,15176.915511438678,31,7380.087971025618,48.57990562610248,0,0
1500.0,28,1.220854216512327,8870.76819011737,24,29509.19750158179,7.8597294229589725,0,0
1774.6229006124406,78,6.761871626299511,12373.317303718777,47,10230.83604133189,22.12027347891768,0,0
4362.103031089837,29,0.795416322500706,29789.318958398242,33,10677.580410938861,7.853432295636786,0,0
2721.319630259475,78,44.62604084241265,17834.243753696537,34,32575.730426391598,55.88216328090937,0,0
1500.0,75,40.577278858069484,7694.19663145207,10,30495.630258586905,30.716356737613328,0,0
1861.8590597571633,59,2.395670625037581,21133.479237255975,48,17914.095547219513,18.93954801553892,2,0
1575.1759680218508,30,6.723240907163675,25686.22189582865,33,1137.027016082699,6.63591926729193,0,0
1500.0,29,0.9314377076695889,9330.6015336252,46,20749.11421118489,3.4268304526938103,1,0
3783.441246755788,80,56.03223777775438,15791.338641099004,53,64363.088002261844,56.25562626241982,0,0
1500.0,38,18.14234838360265,22883.73049247133,31,27776.060450100253,15.94563624922954,2,0
5349.880325925132,27,6.284096908318171,72813.56514236773,10,53756.26013893989,6.349357011179493,0,0
3482.5718236380944,37,17.59758950734955,58591.587738299044,20,8446.945874379633,11.19274953069021,0,0
4023.7674478990953,67,39.761198490270836,15345.987157801399,51,58779.84214851796,47.504264144157226,0,0
1711.941299410107,53,28.99885015744673,5910.087595626452,14,14104.165871812644,10.419700531604715,0,0
2033.53839113265,45,15.382111965388198,20750.83520105009,37,48138.30118222125,7.644649452484938,1,0
1500.0,41,7.039361558972045,17168.05819829493,57,18851.70405229979,5.569181655853191,0,0
1654.8003996772768,22,0.8711964604656863,15162.850859239537,31,19537.651074923935,2.9671039545797298,0,0
2897.2293600333237,54,11.77920079340145,32398.072675478208,42,22396.273385872904,28.702283035474807,0,0
4504.511296796897,78,37.70972580534372,18317.397309190226,20,38151.69101756336,35.82685057000152,1,0
1500.0,77,10.186735614111537,13730.150731184125,46,19228.304402996702,38.46703890994892,0,0
1806.1842226254562,29,2.845042603010538,22013.00303276442,9,13847.327873315213,3.838568410670321,0,0
2032.0195482870697,75,26.679469179341474,16979.57492852237,58,45329.52420171617,2.2661799209542925,0,0
1500.0,52,7.923703349836929,18825.907063323244,58,16463.172466091575,8.623618683802603,1,0
3057.1612948652123,78,35.3186201829637,26506.358126192994,41,22318.965312262382,35.05819362782555,0,0
1500.0,57,36.00386510979686,10006.789311478069,25,5827.3062577931005,31.704374612991156,0,0
1983.335509013652,71,39.6487363822657,12219.896909274717,32,33337.42674956548,41.19133385694885,1,0
1722.320598153907,19,0.666426614148913,13753.306958492154,26,1110.3345896047006,0.17948736419318123,1,0
1500.0,67,28.55335232320516,3000.0,27,16874.842018872765,2.5208642937351864,1,0
2199.8077694052417,58,19.517916370282595,27200.46326054533,12,30254.056364079348,34.02240159984166,0,0
1961.4018610348044,62,8.208809823925026,30140.46206985965,52,16661.354203291732,3.325926238916671,0,0
1799.8852012133827,56,33.99899730622089,12650.78220825037,59,33739.64667318598,14.945827985984526,0,0
1500.0,59,10.18997608252629,3000.0,36,25337.268631422703,3.8632519281815427,0,0
2632.629851060888,26,0.730471020625286,46795.483048647104,22,63933.34929917515,4.512389683588854,0,0
5483.448649842881,79,45.75092593295041,30065.03797776718,55,69744.91546624727,22.16352230243849,0,0
2384.960826074424,39,3.6879262209544943,7518.729880838058,12,32066.53553548831,4.252365973831763,0,0
3819.4626272145138,64,17.107215978894097,27827.8126810854,24,23474.352299016587,27.377712738029896,0,0
1500.0,22,0.11313971316391891,20333.204536155696,33,14455.645902402019,1.4535671595187583,1,1
2408.5225570118446,29,1.507747367944929,14442.903366360288,15,1617.3584924862005,1.8346707689288162,1,0
1500.0,18,0.0,16154.931699946937,32,25847.80457241336,0.0,0,0
1500.0,61,2.339635493257652,12096.779858147127,18,11685.854988132749,35.982757324942185,0,0
1500.0,39,13.789796089079749,4502.981803053771,7,20263.76286250117,5.748593992837398,0,0
4253.700691293699,55,30.96928844471534,28137.716278465035,27,27116.533322197272,6.89772669466809,0,0
3723.832674650111,68,18.66577031829705,49611.87273380937,25,57815.872374134335,3.762593099274003,1,0
2524.1321940969947,36,15.742376580927612,28785.37077693827,48,28243.934499487368,9.502238251263718,1,0
1500.0,33,3.2001986184018976,4554.348687030805,10,18069.774464486032,12.469405496200038,0,0
1982.3645765368417,48,9.761712706837184,7486.362089265634,11,46714.77508901532,7.52369685000963,2,0
2606.9467941820576,68,7.53684965155842,31003.02900270683,40,46023.059763657824,23.031888581521358,0,0
2432.1840684643967,20,1.2411183908379972,36064.576268292316,6,15924.709111538441,0.3216069068955596,0,1
1500.0,40,9.23713099914675,10411.599646933317,40,18897.068165303455,8.89241812785981,0,0
1500.0,59,25.144617220517844,16680.424172007977,8,17500.230714449186,0.6332494097744846,0,0
2131.875163185009,76,44.17714451286265,8316.3192496803,59,42373.82265073697,52.82228593550026,1,0
2965.971756507963,35,9.276951272560124,18666.03991191164,41,61792.6932887702,11.501722215009668,0,0
1500.0,43,15.690758872544697,3000.0,12,10629.105852814702,8.320342940869294,0,0
2019.957627087899,30,11.223003772731996,28402.000255007013,34,41467.27855780549,10.574379120672278,0,0
2389.111511823539,75,17.046665647704057,18676.08351697946,20,10721.221844230857,10.426988877683522,1,0
3523.7695612911966,35,6.105786956777203,52413.023290054225,16,67195.69155822844,1.3384734415464639,0,0
3232.695768340772,20,1.4354067234186738,42161.92034138298,23,20106.118549381205,1.885243162291785,0,0
3042.437326615542,75,34.84441447215704,45906.279627220974,49,22660.921851899555,17.613966818945944,0,0
1500.0,77,10.533441367843174,8784.29607436351,9,31967.544007087272,55.22243025239876,0,0
1500.0,40,8.275240820230785,6220.272625910054,29,15752.807439611137,14.027484224001748,1,0
1779.0254326775441,20,0.9356760262494299,31172.78920189713,16,44056.044879014014,1.9600858656309428,1,1
3831.0626724701447,72,22.647051250293025,50549.23372305425,11,14552.581755510313,40.6851774594707,4,0
4752.3760363414995,42,4.278595399728979,72134.97832198211,56,55050.221621041936,2.5316128062791527,0,0
3264.3045133506494,44,24.03518238639082,3993.1171416572256,23,59773.52302478042,22.15794534136254,0,0
2796.537860054375,75,43.45216941655662,19648.04865864668,20,375.2295208500746,8.429075784094193,0,0
2721.1280745768768,61,20.69830078063765,37083.217041479336,8,10330.441519092534,29.764497048295503,0,1
1626.416958508247,80,42.163783755023864,3782.571193314476,22,827.7140615530287,31.025261864248584,1,0
2055.8955824628547,44,23.329349475523568,21884.553716707407,38,51031.33043413881,18.40085021175658,0,1
5530.249655760477,69,6.944881260440132,45869.20157250234,39,105161.10693798166,39.014466166078115,0,0
1500.0,56,9.514175926865152,3000.0,35,14008.466165497508,30.539278033706015,0,0
5367.55799688877,42,13.02482993415948,26899.972129533988,24,20971.711275622944,20.03952318469716,1,0
1849.8956573130954,79,48.739632652493874,10806.09854211834,14,4179.989208899462,51.68069581452827,0,0
4577.863392182455,41,0.8338625951551297,13283.215800497948,45,60874.96253600677,9.489211810015654,4,0
1500.0,25,6.888127051374523,17604.191198437842,49,36595.924432469954,6.224596505345453,0,0
3048.019488468396,26,3.639252823059177,15608.188151713239,36,51405.68266127348,5.756642028364693,0,1
1500.0,63,16.165401327977534,8579.297240294403,32,13692.688809702357,37.753691913824525,0,0
1500.0,54,10.538079762231787,24405.084254103756,52,18781.91149640581,35.6108887031256,1,0
2490.3878075260936,47,5.056344521875277,22266.78793669298,30,62191.41921032906,3.3760275218439753,2,0
3847.6178046152113,70,41.16184326436145,29496.524884100832,60,49900.35446722254,19.270144279641222,0,0
1500.0,36,17.19745496542974,19958.71147702529,12,36157.55571661334,14.517846372712773,0,0
1500.0,70,21.509527251960705,24695.15182051426,58,613.5644556684749,4.487780512605413,0,0
2099.5648324934523,33,14.286310421301843,3000.0,53,37842.7207391234,8.111715982086903,0,0
2104.6628545352114,41,18.947345155005785,18142.320909717684,12,32999.08514888294,19.743153055347005,0,1
2985.6590691933498,61,20.685198481481684,33986.60228535506,25,51154.03268230243,0.8166243179511293,0,0
3722.9699941472904,38,13.480523582522654,23884.984538763478,58,53105.10382383639,18.79037797118145,0,0
2137.3492036026378,53,15.224446270966203,30202.73470912549,49,2360.5299379458756,34.2350688366611,0,0
6127.406297360089,57,21.790212920289544,107322.1965053152,54,22910.975004764303,12.568956258621284,0,0
2498.2083888762577,56,2.205760806703145,42565.137120128406,48,57599.39650508046,29.138065272821944,2,1
1825.2375495741728,64,32.02811986382452,10078.41996249931,41,10628.586787663491,5.8501007225647665,4,0
1500.0,79,3.222303313532339,7271.626100155892,24,37235.14759976031,47.14472050215767,0,0
1911.2968387803717,79,49.84218176209862,33022.12346553135,7,32472.38304737438,29.372822530874313,0,0
1835.3439470772946,23,4.1247346473027875,16144.941259274745,39,20388.583095242757,4.3013653926410615,0,0
3744.9653289635557,22,0.9483091502248584,17006.117096885333,22,86138.77670763846,0.8504257091048033,0,0
2847.982116623714,31,4.207616153465404,37077.732168377566,29,56602.661274833554,8.744553392149113,0,0
1500.0,70,25.02813968503125,8752.718259546686,14,16086.190484433826,40.878197069624235,2,0
2427.7979025331215,62,26.253167905029184,13457.7658766421,59,4163.2468549799905,8.909659671102418,0,0
3194.9992895577852,59,11.781500131421865,50951.400445181825,6,69355.81246893763,33.54977838036268,0,0
5117.479172471725,67,29.031833826964327,19252.701789713145,47,97876.89787088771,46.94128954615159,1,0
3597.977575776858,78,17.867224393757933,7536.611991980067,33,71126.15532393884,36.96471599523786,0,0
3355.867750311678,80,3.440424706405762,18712.887337998953,60,62491.18499229293,48.66072584101413,1,0
2282.5472130175267,21,0.007582649495726845,25834.03374198697,20,15735.566030175358,1.597751578078937,0,0
2734.1383047991662,25,0.7080574054290002,8455.304957170736,26,58705.07450151856,4.186723526969415,1,1
4390.6286461177915,41,18.22176610377242,39590.778962853175,20,245.05779471260558,0.30710599409062267,0,0
1500.0,28,9.614313123833371,17497.096315845654,28,8897.860439390724,5.242872668360271,0,0
1822.2155411561928,34,6.831459188499508,28114.105091532845,58,2121.040614186175,9.209019997184642,0,0
1500.0,67,25.121513719047197,7361.674575657486,7,4147.367125086001,32.83232974250394,1,0
2720.400021757445,38,2.9369633814685225,40520.052272293884,51,36207.105432145785,3.3878121766537728,1,1
4344.3098902675165,74,30.857755750088792,21692.90498007698,41,4046.310860863024,13.516958693565181,0,0
1590.2780311774839,43,3.616372550174421,19886.47639825679,55,7211.157385746722,18.90011579230657,0,0
1500.0,60,25.671001910350864,12482.176072802606,14,8727.75552715604,7.040830441149357,1,0
1760.3687625065766,65,43.86315737630013,5192.3504668971345,7,28840.949035548736,19.553225402130582,0,0
3649.7375964533153,61,8.415037190030702,47966.59923502853,7,42776.797351691814,10.77107941652251,0,0
2968.156840194628,62,33.64080359451249,13956.16813853896,23,34016.006648448405,23.988100559357143,2,0
2794.7625768096045,44,0.6110629932764251,11186.311777913877,22,53689.66363603562,25.65864291002854,0,0
1893.161920438789,33,5.632458619824315,13425.33842207276,46,21616.189639704095,12.7805684651744,0,0
1500.0,72,5.980419422847488,18158.90124136683,13,13068.327859426738,14.551614357925866,0,0
2931.9173594810995,43,8.811886039892485,14594.909109283873,39,70545.67320645196,9.215295264461066,0,0
1500.0,70,9.023919821221943,6183.369238938086,39,310.9991039196375,47.76894628988765,0,0
7341.167752931696,50,11.945759683932398,8583.37876683063,10,56048.53110311187,28.745439115351633,1,0
3022.316787968514,48,12.525684183225911,27255.04924306857,49,46044.445929504305,4.815841153459598,0,0
1604.6219033819957,65,14.127782770703163,13297.461081665386,34,31402.82115850146,38.97574319246307,2,0
1577.723262841851,64,30.20460967576394,7850.35911544724,33,32201.84277020096,13.689963620222784,0,0
2098.295623584194,23,4.5942602562945485,4012.1233395192376,21,2416.876273413148,2.7190157965913473,0,0
1935.796101637714,61,17.225601086526712,16061.977528648758,19,34318.37671736793,0.21923073947851934,0,0
4081.6580781278717,25,1.3464020953251499,58773.78197819027,57,73495.72755444434,6.990131336273086,0,1
2446.781810533938,24,1.6243365491759,32199.150052165765,7,13095.140860720641,4.566578817890692,1,0
1500.0,51,28.182027175380178,23450.26969143434,45,4229.063567628451,7.9771909766579085,1,0
6246.286316910323,61,24.58050810061636,7263.841906322771,9,117068.85971973102,29.403180447979594,3,0
2269.056947069814,70,23.66057367996178,39547.68484489476,57,14153.243061166446,15.251982866820956,0,0
3370.65316402,31,1.9452773796160472,22933.952086436373,46,141.04532576490655,1.162925581818215,1,0
1580.46663481135,33,6.745909624856729,28190.40805735012,57,8833.72601027834,6.379649345506955,0,0
2696.509924438533,60,11.69666414101024,14276.754928961436,36,2094.379852643266,25.776192222633096,0,0
2620.473996610186,69,48.10131952052081,23626.504312383167,31,16324.680819585335,4.578650368764993,0,0
1500.0,26,7.07256087532585,10525.155752670244,32,12563.234337443286,4.147250388231542,0,0
6690.215138011056,27,0.7551228764537821,47152.18239440791,56,45393.13639498547,4.63377809200959,0,1
4491.106799134568,34,8.266455828179886,68798.34742725114,39,103288.39042961548,10.05832384981925,0,0
1774.9767018759917,29,2.4756418006613927,24297.872575712845,36,10318.514100685901,2.691102023835101,0,1
1500.0,23,2.053885447621453,26799.861598366228,53,17532.5558541788,0.10320741622933172,0,0
2673.5404589248037,36,15.783263968526215,30557.89800754943,16,63993.0352158271,5.84743512106089,1,0
2316.201259845544,60,22.15560983531888,20557.125282260913,13,50910.07423918175,16.740410086079265,1,0
2685.488485578912,58,13.368611734830393,6797.657956102227,17,20762.751810635742,25.429642187217066,0,0
2453.7372952909686,70,10.810194413459847,44023.83597114838,40,20028.03533219225,48.368936838313076,0,0
2917.3546536467584,46,22.4090960633817,30270.533441980875,50,43273.80733890985,5.6947946379385,0,0
4895.2378034119865,23,3.122590076821736,63188.30223452644,39,112328.92313399001,3.4366681438416995,0,0
3018.3233160188206,76,27.14779670472141,23888.883840854553,18,754.5653944917551,5.649252743649651,0,0
1500.0,42,5.219624492711473,15466.750558570515,32,14741.992206944296,4.57492213331561,0,0
4672.313242328713,74,18.717796952799354,79540.62635933282,13,99260.43144841355,28.511532647897127,0,0
5444.37372245252,41,22.076398814985925,20847.217173714835,52,55868.79910461542,16.292684320674773,0,0
12501.841144219858,42,12.482158502540024,74640.1664159916,26,225050.29162801825,20.60564486258253,0,0
1500.0,33,6.010489218648794,5377.523058339825,46,25947.183840457586,11.158551479695474,0,0
2523.9618464229598,69,26.59252415976452,36515.84800707942,16,12964.248603058513,0.7829921298864349,0,0
1500.0,33,11.68482758849413,3082.1541407566533,27,16859.79391376187,10.258969888790357,0,0
2993.6002409511016,23,1.700544682514344,7147.933194242541,26,42373.416997483175,4.123288518501534,0,0
1633.5156897891907,54,6.4334203535739185,9922.627571103,33,29217.998254596212,18.91920518600897,0,0
6360.709375570267,38,11.698722366780956,61960.936289829115,8,130774.53599828556,19.311973819328184,0,0
1500.0,21,1.9956123104432015,11860.007414269456,12,28497.495418856,0.012937267331499358,0,1
1500.0,51,23.519694097632136,3000.0,19,1061.680026946131,27.015712370602028,0,0
1704.1213891458387,45,23.8136649506855,29442.712731951644,20,28571.207256099922,9.040132761818251,0,0
1500.0,55,13.733442465497182,25798.172769131135,14,18649.329894587743,24.066641924299613,1,0
3337.925215475416,58,3.014195849155672,19189.923978088584,57,47887.68895755449,27.739275776739987,0,0
1500.0,45,25.87541175803544,20153.903189348828,48,13986.232977970385,8.268723442186074,0,0
2243.1842366638252,34,6.960190838999603,24306.655359778128,12,40042.3087281522,15.926791997016123,2,1
1500.0,31,8.102347625750706,7555.655722643413,17,25270.819204467494,1.3422503649148516,0,0
1851.657027098826,24,3.9978319387697536,10104.337560590842,24,26825.255387436315,0.94217451101192,0,0
5452.655330942606,39,11.476787882725274,50980.167892568046,32,117450.95001106925,18.736025810272302,0,0
2692.8525554950093,68,10.262876486813505,21884.888133069333,23,6860.043560861406,5.958993822243591,0,0
1500.0,18,0.0,8926.347869897238,18,11288.372847010638,0.0,0,0
2170.7718642139826,46,22.505055280514284,31970.470570071513,48,26870.379360972143,20.527981933093642,0,0
2230.3399117329222,69,28.20175488688943,20485.381252575608,6,53450.36425551401,40.36608490262265,1,0
2863.9202734595906,48,14.656834817545247,34746.27518596281,43,5152.435022982645,28.64007530438377,0,0
1500.0,47,3.304207310711574,6326.474254280824,26,12640.405874431392,22.897641205551803,1,0
3059.210027336612,74,4.701293043987895,30805.113871469617,39,70812.34165436684,47.293813510706414,0,0
1500.0,32,4.753907837889402,9608.38926088885,18,33673.03377934362,13.29126407972175,0,1
1561.7519206822883,35,5.284384643795685,15537.918861509768,50,33782.47329786102,9.41269076865994,1,1
1688.2527319227884,52,32.424319332751224,24098.185620924876,56,13016.025746081272,11.676737643350508,1,0
3128.565132609032,67,38.39751437972806,44023.68113720711,46,66234.52233936943,37.31904408865865,1,0
2236.007009194123,47,19.137804562512738,15700.68563025843,56,28248.561675532754,4.742706006225144,2,0
1500.0,51,17.082386937580967,19204.0664855308,28,23241.70665158859,2.251645110133868,0,0
1500.0,59,6.862068759792705,25502.893735054062,6,8955.933954782591,32.19856547003353,0,0
2463.3414130231026,28,9.78456672184284,28664.37332448453,28,43519.47640191274,9.506713580628517,0,0
2114.3716644481933,44,9.751058154245461,7448.872377605833,33,17321.836793996226,11.50362056912576,1,0
1605.9676317071628,41,2.4592888562866304,20162.998611149756,37,13806.520838185816,3.7060694293067247,1,0
1695.1752652024943,52,16.78916245433537,4718.307721362672,13,26987.91813424826,16.898713186953326,0,0
3238.5869866779217,56,33.211924441297164,51253.479141356744,60,19417.913553572453,14.946078374229634,0,0
1661.1561003223194,25,6.211037012441306,16251.469585070421,31,9320.693856708524,2.60731757830947,0,0
2103.9037272158116,68,0.5482958028223628,15878.987247901574,19,19417.082271946107,31.404041998860784,1,0
7284.2162112439355,35,15.067027660773796,14343.438346460653,29,141689.5917758923,2.9705071500752043,0,0
1500.0,30,3.257810609998302,11209.985232098797,53,8425.576839868098,4.565778584368563,0,1
1500.0,62,1.7147840146106152,24531.770031852633,34,29524.439645761988,38.22178092069614,0,1
3398.108783299451,41,19.49917621834611,4610.251350966703,9,59093.560051074644,16.782297245193796,0,0
1520.426727609781,68,43.193337799410415,13788.778397747194,23,25812.280011221763,2.7794233394394574,1,0
1853.7564256451433,40,13.1170837565317,31198.141435337435,19,22002.0345189431,11.30588351117472,0,0
1500.0,29,6.318771330259942,11568.445494008038,32,27970.79375097567,1.004248496975661,0,1
1914.305021283361,66,39.02977308582813,15848.505785787604,46,647.012130504924,45.959828589531035,0,0
5319.8264607985275,47,22.802977028598114,57643.09100455722,52,40644.43946501245,7.094578585607154,0,0
3432.9342888284436,48,26.703164203281123,30449.90287109916,8,58285.85715971899,27.978630771402408,0,0
3548.2965830037206,45,14.924181085110993,13718.526266420266,35,87580.42450839278,22.518227029270893,0,0
1500.0,39,20.320588947388984,3000.0,41,94.28779066034815,11.578653128643289,0,0
1500.0,61,42.83431373013355,17050.19727845689,28,19123.959938764045,14.461096632247648,0,0
1500.0,45,3.1467044699630797,24980.56796869921,23,34643.86608888841,23.164560378647565,0,0
1500.0,30,10.194525114649466,4212.2853921927235,51,32382.726930625264,1.8334044112384964,0,0
3737.554324259024,42,11.995734185966135,17141.157541233602,52,2161.8196187821673,4.319378733576727,1,0
2934.582823508489,61,16.66535254689278,21404.557351100386,45,38850.804614316046,9.663075126772805,0,0
1955.043465913859,68,30.65361549413575,28834.189043671806,15,209.53674032215002,29.884844892309353,1,0
2181.4276875088894,63,2.518450076790316,12166.750148961228,17,43060.01633593755,14.14463510486314,0,0
1511.8856893254942,24,3.038766712602479,24182.498016930593,58,11674.586338688845,5.935088636873463,0,0
2471.591082814869,62,38.31918508117334,4780.758762379414,46,47305.67632690401,8.584973552899232,0,0
3365.1676203281772,23,1.067307580694844,57195.27243822569,13,79484.69903506289,4.028050487770771,0,0
1500.0,41,9.806967579696778,15799.050485781005,37,36603.18953081807,2.2042330256562983,1,0
2604.005793859787,36,16.91065597886776,31766.840951866987,22,58206.76738403728,6.3620381213913495,0,0
3687.9985039578773,36,7.714149080502551,26740.65145755384,46,18822.018747551756,4.387725003708969,0,0
1757.5829865139,53,12.54286713163394,25122.72046652456,50,8550.64869595403,34.189258202058866,1,0
3246.6706558414735,68,22.02683240616891,12440.028514685564,19,50792.574211287254,1.2865289888728093,1,0
10384.399848976627,26,4.155622132140451,19019.039016573188,42,141241.77439427644,5.773356205604478,0,0
2085.1820902175,65,29.703593174179037,16105.504474690184,14,497.03483561551684,11.642939893842206,0,0
2741.66006073151,76,46.44018245317041,42530.89859240278,31,26849.580833693664,47.05242243002391,1,0
1500.0,53,15.823577201750998,20750.634334261216,53,34000.91270689407,10.892853985481436,1,0
2439.8409687738604,55,30.246794598335192,23890.07247753827,56,54796.32847570427,6.929517065424879,1,0
2844.5193698296894,57,20.815105792731146,30511.28673821337,29,14500.427036319714,27.02855420550724,0,0
2458.1474771055905,76,19.631869601342704,7886.174772532397,28,23473.038869910717,14.939439071060535,2,0
1500.0,46,18.422623187343596,22937.378469748346,36,21013.7254123531,13.595312359395635,1,0
2473.7709708399984,41,16.5076118591003,35568.65729279074,44,52739.82398435666,3.025268713223034,1,1
4935.492608782149,65,26.228301854585915,60015.573816308446,49,65641.36556972195,34.05610651902911,0,0
2826.373359717269,80,3.5101283343528515,25226.08209524192,7,68412.35392071944,25.22384471334011,1,0
3748.4322091644144,22,0.6795315006432996,65207.00536514757,55,74879.81927088718,0.5623190377490439,0,0
1938.4489393846325,70,14.835481486291867,30905.7450300598,23,46187.998257788066,38.56294243313106,0,0
3335.724351718702,71,14.979157115429135,39879.64668523455,21,61001.410148267576,5.478196177682021,1,0
2574.980682219688,59,27.610252810121693,18850.447257004074,34,56496.63012770485,23.56763732286761,0,0
1500.0,72,0.9908277303761595,17259.568106378563,16,31162.642214169355,32.80419916326277,5,1
2631.1769975305874,62,33.24999819017887,28370.65479605857,7,16697.3493561336,40.93542201648669,0,0
1500.0,78,15.92054848841599,11553.170689790368,19,8607.615879535077,9.058829912714152,0,0
1559.1808229246583,43,7.75054615540256,9687.90380720985,9,33693.251515651544,16.33365899325674,0,0
2450.703901504941,31,6.8628277632710155,19407.57382184553,44,5188.001542791669,4.949991558138466,0,0
2600.5658900827502,56,8.205172835680386,27972.971139900812,39,26562.414357784375,15.230945186999756,3,0
1500.0,46,24.76519678011477,12417.438540132907,58,30774.666385708468,14.05110509442663,0,0
3942.98044384476,69,4.353807745654829,21610.554335910372,51,80164.66954037818,11.923015214499268,0,0
3024.8096808532214,23,2.2219118115053242,42154.88625658359,44,10494.789732042478,2.30591619476229,1,0
1500.0,24,5.09653361672934,15052.42114691403,14,18289.117532145352,4.12107701040501,0,0
1500.0,54,22.170380199164487,3225.7166622527993,45,17993.715102192407,16.456069423744534,0,0
2039.1788504312697,70,15.20113482381694,14807.253735569533,46,16503.148481123662,2.2104382212166427,0,0
1728.0190219500564,35,7.152923532199832,27723.52289826256,12,39622.661631127696,4.383046208262583,0,1
2350.133117736393,40,15.547276367535321,32523.541640591542,56,38372.833243789464,7.73212468056841,0,0
1808.5592925943274,61,41.85021196464767,11746.94586594813,22,44318.179831068606,15.253008886254248,1,0
1500.0,55,33.046132580039036,25423.670377134986,28,2503.732906003456,2.997255023214907,0,0
1783.635870663205,76,19.861102886177854,4106.374688125313,50,17584.427850154378,26.075091993801262,0,0
1866.666481600298,18,0.0,32369.84472761142,16,38973.082367380935,0.0,1,1
3129.140244787844,21,0.010513990593174816,16199.517029920848,27,33066.06846067124,0.14601605414586993,0,1
1504.160446936666,68,1.3814877904207545,3000.0,23,9847.664255009471,37.54620861866153,0,0
5559.542336930138,61,35.42514215236133,46559.70280404108,54,138683.8321684813,41.06952372742872,0,0
1500.0,64,9.175283594320392,10653.74595701872,33,32742.183363836768,0.4295551930937769,0,0
4542.08812076884,52,2.0661551254721893,46168.11415274562,21,62053.28813253199,6.585538741692918,0,0
1952.0288879476543,40,5.217257611203049,28392.530784353108,47,27411.816394509788,11.95673121159643,0,0
3543.1508461650155,44,11.078604003502365,54285.760807237115,9,607.9126153335176,5.66928665030179,0,0
2307.4327370214637,77,43.10340995557088,18046.22375206662,41,56589.47526925856,45.11293586899421,0,0
4132.986486361397,43,15.608388163780138,34334.27953565266,27,83310.17520455593,7.803357873986077,0,0
1784.6023914189675,69,12.118682095581441,6280.054033736199,16,1638.6825719657936,14.974889398213822,0,0
1500.0,80,31.202767782236233,3000.0,26,6612.382205968367,0.05728029857339689,2,0
4823.607436885804,77,54.646632218515556,57404.08716107131,45,99008.308709454,15.937445103108267,0,0
2074.7286328537057,25,5.705054438886304,4347.468607897402,46,4505.561005209314,1.523693653348012,2,1
2494.5338585577865,60,13.573970962935322,33614.123207105324,21,58732.909619477316,14.416120619983982,0,0
4355.146606740271,33,14.733968420335444,44268.02907569322,47,108866.8041608805,2.214849795364503,0,0
1500.0,58,28.34481601740524,6563.865944765126,60,33241.23035926096,23.785946656899792,1,0
3064.1331730391794,20,0.12489871133356356,31168.02570319768,14,56602.50563703389,0.47748308698468556,0,1
1596.4822339125026,49,1.089982111947799,6563.076491743202,40,19448.44041350149,25.784276807193454,1,1
2053.512158807407,22,0.6736317960401199,17369.699391252678,39,4231.753431866878,1.1382317869504481,1,0
2297.9057208600384,37,13.829261492952789,33532.24754357659,14,41962.41437327134,4.006522389733546,0,0
1500.0,31,2.388606035951563,13278.941981971255,18,14882.443276045742,0.7377677052126518,0,1
1500.0,77,30.17771938332118,5291.83261658748,11,21383.573668000292,43.65449471128289,1,0
4642.87976089125,49,2.891063725605784,61773.9218930931,9,34054.417592905316,15.754453426164233,0,0
3595.380671574612,43,23.022153945754877,15010.941088177058,51,21766.075902873483,2.84457493451207,1,0
2133.5621494230327,64,15.822188224844108,28921.177125515456,33,17297.692903524403,10.181400000405533,1,0
2524.297038064131,23,4.540660282803154,23094.765623629537,16,51358.59172492055,4.993595360299213,0,0
1878.3830799489822,76,54.80278723081157,16367.497410082378,39,20027.86231942748,46.749666153447606,0,0
4656.9726133020995,75,0.34933289687980507,72063.83671953973,40,36290.380233979224,19.942560688752586,0,0
1977.9299207618926,53,16.24473155195562,25804.587837524417,10,21409.627589355732,18.98941907153704,0,0
2508.6828932490153,57,0.9615861725688226,3912.249699757829,44,2024.9690654493959,16.224669197123134,0,0
4147.7304299441075,68,45.43463831514529,25031.4011230395,16,92349.66212179782,1.8194782700428236,0,0
1500.0,76,30.067637594605397,23708.476851672414,17,20691.058468757936,45.16326653434857,0,0
5204.786965917808,22,0.2997760507939873,6826.311619965276,48,13639.954515099442,2.8679444528929094,0,0
1500.0,30,1.3233207393188025,15403.962879680244,24,10815.259948092571,4.905627773950532,2,0
5411.616750999669,49,11.888779759274911,72369.74766385707,18,133065.2632829684,26.22281124329945,0,0
1799.0759101832089,33,14.103512893093342,20818.10306111743,9,26673.883229963732,8.021086423338216,1,0
1932.3954704903256,18,0.0,26916.4281731373,19,14077.737088100173,0.0,1,0
1500.0,30,10.41142639426959,20005.14214732602,49,15987.962301224781,3.112875482962576,0,0
1719.627377660254,80,22.720312073078738,21950.22118029162,7,11112.007678792439,28.629915837322457,1,0
1500.0,71,2.2903260761499107,22449.26645360413,13,1192.6596419827351,5.482809651672248,0,0
1580.9710250178368,28,9.743176372044141,18934.88107005086,27,33280.62707568088,5.710811928629051,0,0
2047.7132645553938,70,0.8929955144432165,16056.353970626717,56,14972.809855615196,6.269544407536875,0,0
3739.7924266031596,25,6.633561571567623,33742.10838676457,18,78387.05328881832,1.4035572983897397,1,0
2475.460809354905,42,8.848258172379474,32637.27068991772,26,29616.231592253953,21.455607872117483,0,0
2615.5303309784076,57,0.3935257958533793,41579.61532779539,26,11959.161757745076,38.992683133608125,1,1
1500.0,49,21.363874183459757,8441.579421414279,33,30070.0759951747,17.05785366544729,0,0
1500.0,41,22.552426992721145,10222.958297262305,38,14141.680539592295,14.251918033030591,0,0
5939.016107049289,45,26.071894516614996,99909.5126368982,34,105080.37614531074,21.530640967013618,1,0
1500.0,31,2.0921811456314394,16252.050706440858,42,31396.112588577464,9.049813450653161,1,1
5491.268359154827,62,7.974903466910819,22197.63354596964,27,132200.31662502367,8.02852796480752,0,0
1932.0102895561931,20,1.1310778292393202,23730.52952717775,31,4144.863998751866,0.8233430490768887,1,0
2211.128648614105,53,22.305668924991355,39453.07261190247,16,463.5897564618232,18.729078161794018,0,0
3978.6619095808032,80,45.84391064728367,59674.79854111846,16,54549.939606147935,22.302143513095896,1,0
4445.025265977457,44,4.7073093722758355,60797.27456142286,50,29363.94379601404,4.578760413702668,1,0
2077.775422285649,37,18.221134648524256,9426.437245980285,39,24367.20423198532,13.986153537166084,0,0
1783.7377845153244,64,29.382005789304944,28351.39963830106,24,3240.1011413406795,9.146934633650458,0,0
2141.461359673739,32,11.858656864187768,21282.721719915276,53,26853.339047164685,3.6468030018252575,1,0
2659.455390839437,79,32.94400863233448,42864.91682556217,42,8301.200998034614,17.477696522834382,0,0
3605.504656223408,44,10.771198037336948,23821.832826862264,19,75588.30167096571,4.206259992375156,0,0
2213.491522919033,70,50.81351114293979,4548.4326658634955,34,42027.93998511694,44.1766843957573,2,0
3103.8155738993905,62,25.613340316072787,28218.623187474852,24,5747.7681421282705,26.86711803004663,5,0
5437.626028312419,58,34.674943311967155,30381.317745690347,42,113694.0114414235,33.38992519968555,1,0
2723.628524784815,45,25.738894701889826,35839.949746522085,26,22126.65548346931,13.330691464745948,1,0
2621.256523215477,42,16.20851104820782,45271.22703968009,29,23123.39756993349,12.46951296289765,0,0
1500.0,59,22.506485819265674,19119.84085436488,31,6742.634034058558,25.261929835508933,0,0
1500.0,78,0.21065105463903722,24116.81520758469,46,31323.90455596792,22.255172635842122,1,0
2734.2341328139323,61,1.7208445517772577,23791.68738935122,17,27664.007831522445,21.353116077737454,0,0
2096.1270787874014,63,9.038304722300236,29592.89683240666,53,2559.154773729131,24.61118080804568,0,0
1663.8168160235714,50,5.952269819391848,25509.20420775918,24,40191.559481342185,30.513357957672035,1,0
2524.861812028907,63,11.46414578399304,33037.52814022099,52,16151.99636790628,39.73086593210387,0,0
2136.1874397921047,31,3.9641502900695906,20576.214271922054,54,49996.2535620642,1.6801960171687969,2,0
4106.306073754923,25,2.5204584548550977,47796.268797361074,35,30924.42295460952,0.2889772675476199,0,1
2315.4538099905963,65,19.765271433237196,29889.310875176,20,48128.24691053139,31.975695732634414,0,0
1500.0,31,1.2852623999281907,7953.652282146386,8,24908.230967219653,0.6395826663834059,0,0
3806.9797279507175,18,0.0,56201.86091398614,54,81972.21414010234,0.0,0,1
1959.7612013961675,33,10.109166736095352,33620.71692484313,18,47823.953958131955,2.3889509526621424,1,0
2950.102445502201,35,9.13469202233232,26282.664350255876,14,64274.15364451549,5.979020544734478,0,1
1698.3697707954477,24,2.664865213320718,21939.782059334502,18,17139.31769537243,2.6099766711072534,0,0
1544.715782676287,32,8.882159176356932,20899.14011424227,21,31454.409572759025,7.271292486002115,0,0
2312.9811823659616,41,19.036626365681432,28353.00514561422,56,41150.873316394864,22.822628438359995,0,0
2223.9846512916683,66,20.529259637577823,22909.16990930695,19,3425.140459820536,18.491172226180158,1,0
2875.278647635903,80,39.74940683322272,45969.99880248987,13,66832.98391122153,15.050691984225152,1,0
1905.0143792206593,68,47.67861119175794,16443.615597569416,59,22191.564492661713,28.762620429236453,0,0
1500.0,72,45.33972277652428,3058.1253904083915,24,5041.896213609596,11.618151440778265,0,0
1740.5812080111382,30,5.112009726028914,26730.90347141101,37,18510.12805706571,11.286521181502616,0,0
3417.27988021039,26,5.157734702517944,42571.38478615152,40,51527.5610469667,2.0740344163645537,0,0
1875.1485396555188,73,9.738900705376686,28947.411785256805,28,26858.97724380953,54.44637746092994,0,0
1928.4833204153008,73,30.828720169229943,6470.652661708762,26,27711.99901270173,23.0267504709465,0,0
3799.0529016737028,32,13.738596075938199,5785.197715607125,23,24298.674275492845,11.377604103092521,0,0
1500.0,74,29.025646451341245,25326.550779753783,53,23726.341853294587,36.303698202563126,0,0
1500.0,75,52.8753830538384,5267.071799189644,19,34028.05626666235,53.20916794334993,0,0
2021.6168363329352,52,13.849387297110864,29847.332199860386,21,19643.391071870727,21.264516398895285,0,0
1692.0639362147283,41,22.973431025246516,25371.769472868244,29,26674.55387773947,13.368013527162564,0,0
1500.0,50,18.53504112728185,19571.98261399958,54,9149.512762771732,20.891278226192398,0,0
2005.2857519383774,33,0.6340349135390183,6479.995860370227,57,2420.4310468363237,11.796982982168172,0,0
2893.806683767662,25,4.107283576839716,35726.29089212162,37,42374.833395058085,6.291891425335655,0,1
2197.0949536524163,46,7.688035479028706,35405.02492864034,16,2611.7857607082597,7.470817202701763,1,0
2614.5299005060783,40,0.7145890847896836,21528.13845254458,50,47295.8389741289,4.419516021362427,0,0
5987.1706514384805,62,36.117545406565185,48075.702216420505,16,100337.89995978326,1.5113866093031056,1,0
1828.8024379800133,48,8.271889109422677,15597.108494035348,9,16885.562374343503,11.102376091308006,0,0
2573.679198945323,57,31.06539360781344,6173.283911696679,31,26463.2199983238,33.00121589068397,1,0
1668.921103075387,66,13.834443981881615,26977.166145903586,51,38291.76486162988,3.3531565745705567,0,0
1500.0,71,10.299296755310037,23664.163031503016,10,492.51095711485283,28.541564052557643,1,0
1600.8672467794247,72,52.592521001639085,28758.71317144838,41,22544.348308991124,37.51858635647748,0,0
1697.1111918103784,31,4.7013892608152545,18580.16578963751,38,39176.162514164695,10.87908943057376,0,0
2691.1171631040215,76,34.87982026370331,37057.37715889088,19,61491.16923327424,33.8389586745788,1,0
8038.451006154192,70,31.71903762635252,35734.3102221316,37,117493.16782426118,9.688640530033542,1,0
1500.0,47,16.253730983031552,18521.984864716324,12,14296.124959109924,27.971551488328497,0,0
1756.1094157587454,70,47.564178663103164,21153.142964079056,15,4342.135346100625,4.92187854090597,0,0
2132.994932675168,56,25.628760711941002,34811.64726883198,7,9267.020652768306,29.221985248284412,0,0
2745.420052400161,80,25.03144625450567,41520.29506379906,15,46649.72146145574,5.366671878285134,1,0
2552.8175419090826,44,22.421889997631123,43280.28956239691,40,1061.5945235790296,3.7288967997089957,0,0
4474.959975611218,64,8.328893359334362,70570.87524439815,26,98839.0648363882,41.31791730996747,0,0
1500.0,33,8.163551364156262,23651.694319920727,45,22047.54263047063,11.296119879026397,1,0
1500.0,68,47.527518597187814,3124.944830562316,47,1692.9998349286561,18.27541356159917,0,0
1681.206560498123,23,3.1269881494020635,25859.231902170268,13,10077.46399549707,3.19362178328102,1,1
4038.0416088819024,72,44.11629632564332,45739.43317838813,51,59985.20002269259,24.691349972377495,3,0
1500.0,50,20.91394321744617,11201.33352003201,23,1335.0474547430672,2.129208348682038,1,0
1500.0,61,36.09294713212928,3000.0,14,29249.527573416082,31.008487502563916,1,0
3023.434371736287,35,16.056293957369142,37854.77149052208,59,69533.09990435829,12.975347303514608,0,0
2525.0382068898175,33,4.093825912991052,16613.3115213751,46,60677.95545822622,13.235120792280245,0,0
1500.0,29,1.8662718938239076,13428.294757143887,35,27512.221758769698,5.947010812724081,0,0
1500.0,37,9.195824256318259,18884.075144905924,9,32130.95515648189,12.789621069027662,0,0
1500.0,62,30.881946780265498,24750.25094911564,40,22901.529837365117,19.27421840849419,0,0
2346.7681953468887,57,8.860458874106428,35277.62290906664,19,26902.392203099498,12.43746110520523,0,0
1564.8208101300227,76,0.23788412494969036,13551.5848084347,19,27898.20256259428,23.878599720910337,0,0
2897.8812787788925,46,9.60218324342775,22001.62366600259,58,16241.223750777004,25.529065986605655,0,0
1500.0,47,28.096920728565866,7614.383340523211,53,4116.912232333133,4.760967266281471,0,0
1500.0,43,17.374186515146167,10996.88215498719,42,28569.4116048337,6.212495440513638,0,0
1500.0,39,8.427834322765703,4331.6828759434065,25,35932.004736970084,12.730006618932375,0,0
1917.9508450743365,50,6.162435115098891,33581.00556229125,34,27689.424336287408,3.7210022899579585,1,1
1642.662586756186,75,20.297111404020576,17669.45870910157,28,19816.357484070213,50.836277164188346,1,0
3424.853852361943,70,8.831650531664893,10866.03151423829,52,45756.4097547766,2.4562913368896537,0,0
1500.0,56,4.039621209892154,10496.553236280597,26,17942.40691443122,28.701867144066437,0,0
2264.2985793864104,64,41.71014913833748,23321.51782745958,36,25031.836711847292,17.191490168867794,0,0
3002.1531676675577,46,27.93420947451326,30198.826302448368,37,71078.65522688243,1.4326360611209115,1,0
6131.2632851786975,39,3.4464032315115967,9831.831804298808,46,73538.86098361999,17.70148576809348,0,0
1694.3063718244919,62,2.398992590644308,29081.578760896235,12,3435.3095645125973,28.18025032594003,0,0
2639.7836245768917,30,3.956773285754548,14997.631272169327,18,50519.959843752345,0.1063045097776616,1,1
1500.0,77,27.237891664923502,3000.0,28,14683.5601277968,15.78443805469218,0,0
1500.0,26,1.6385699766068358,3449.3222282322035,13,26651.007965583136,2.816364861800193,2,1
3514.406375191927,41,6.932772971366845,38178.09771127733,17,50921.05630385493,7.419297424683236,0,0
2201.6048231704717,32,2.8121902996832078,7358.542360153388,41,39253.516780903796,6.976788406414988,0,1
4222.497173912007,53,27.099119895135793,7217.605112313693,21,6544.232709569484,18.438103525689602,0,0
1500.0,30,8.550935318967129,11180.474893524139,31,1270.2496000433646,4.761048213517899,0,0
2939.357140533746,44,16.508739409785527,34058.15561892527,34,27816.72569988621,8.626028808224278,1,0
6172.441923713191,61,16.650367854405804,17907.961826165774,34,106963.19322976258,21.68960111647238,1,0
2781.7571756966317,54,32.725473887312496,17598.990248047296,11,15555.761857467602,1.210154566631759,1,0
2571.1790013314576,24,5.81719524921012,20831.515931205,42,27858.770629683568,3.871210560189688,1,0
2218.764624339018,25,1.215475188377884,8233.43983170865,38,54404.67792229625,4.241877618325512,0,1
1500.0,54,8.02845509082761,14404.884410901108,36,8057.7957944004565,10.051912790105384,0,0
4654.385231145649,58,21.025241120014787,11396.911419685444,51,98666.38813287875,7.180617880025486,1,0
1578.181159592863,31,1.1862574006691888,3000.0,46,32568.170409747127,0.9488046441631524,1,1
2914.5356548268637,75,24.877558732917432,28670.87376245898,23,64946.94312581495,33.47859382444835,1,0
1500.0,29,6.399703912554812,7821.372805147328,43,34317.81538607952,6.257902998437222,0,0
1500.0,53,18.27257498980666,3932.032101399702,52,19024.507214929956,18.66613315386936,0,0
4862.4517722405535,69,16.87633773697933,39903.77848141392,36,82896.7533162508,50.2665316775447,0,0
1824.3585797225037,78,32.54674836463241,30206.621196189153,21,28226.973631202927,31.8926466612912,0,0
4911.337131017169,57,37.393237216095066,65376.14243634743,45,37933.76094677291,28.149838468817943,0,0
2115.3448704832986,34,3.296278468662017,31445.596898319174,56,14796.180879931604,1.8066923493375775,0,0
1500.0,57,25.538422977366142,23733.80671334523,42,12808.873856290924,11.659860778236974,0,0
3607.0198347632445,70,2.2566280961146963,63247.90827074684,19,19699.53431022847,14.32322397625453,0,0
1596.4843752580075,46,1.859659325480178,22311.17526969603,44,30228.775110979554,16.127314164024234,0,0
3243.0802364676106,79,33.66152167763869,36786.04726145595,9,78204.68015567266,20.17960692978151,0,0
2239.182173678397,44,2.728418688526686,16149.519162228366,35,48577.47537864192,16.6677270986213,0,0
1500.0,18,0.0,6131.902532221759,58,8172.765153314272,0.0,3,1
2417.192739869509,69,8.747162880049132,30633.610196455735,38,3137.24247230973,1.7181816960475946,0,0
7390.293494074758,51,18.640022642985958,132390.82445330964,41,139878.65439597837,21.11200451050169,0,0
2896.1644936410607,21,2.1100228635567975,25906.474172838825,35,28253.084240026965,0.35036208683652403,0,1
2139.580874607391,41,4.65700697525174,28461.87997503606,19,44108.13456275671,10.698111942678047,0,0
3989.5705442710782,38,13.36518874416349,37568.076882393936,28,77720.40452757297,14.531531415378602,0,0
2479.637491919614,50,5.839242595175339,20687.2887718691,53,38769.76771719083,22.50703987024467,0,0
2478.0911039952884,24,3.680744559787543,19763.26084899191,33,15818.85332564145,1.7989352699847665,0,0
1500.0,18,0.0,14367.92941475829,12,3901.341293630513,0.0,0,0
2511.4521588775465,58,26.15198037334467,18175.94749414579,47,15862.854597761976,17.609060314224884,0,0
3902.973115638085,20,1.9901055049584946,53584.48957685626,15,49739.45965923047,0.37733416603557446,1,0
1500.0,61,40.32612950500017,23793.93667808367,9,36729.86158658933,41.91205754646463,0,0
4834.208545300182,68,0.2140878918051814,77391.08734167024,49,7696.935020078976,17.245853565698894,5,1
2099.725050319134,32,12.39614270107228,10227.504822915089,43,10502.404799517055,12.92190583617048,4,0
1500.0,48,1.9947238552429958,24345.683037653012,18,23522.979663465947,27.247948888798856,0,0
3822.6441281795273,71,50.51146906647178,26018.333913877355,26,29086.919152520743,19.336996340802663,0,0
1886.0937500159405,33,4.227385186495271,11803.60907998124,38,40480.489838384485,3.811269484093587,1,0
3353.410571991285,27,3.4383134737014385,44784.30515633642,45,11688.059958523465,6.937520710736369,0,0
1880.9509497212387,71,4.856824874313576,11623.971744173397,33,45291.301467909274,12.157025920873648,3,0
2136.866154776801,46,3.1436372332094686,4060.9621860654847,28,48740.575653745545,14.594898918949337,0,0
2897.078552103186,76,42.15095278330054,21297.87914446419,37,64281.034813426195,6.419983716353615,0,0
2591.5032239439556,76,54.771269673400916,34376.070521930444,53,11212.724492369596,22.384064963866912,0,0
1500.0,23,3.0537424747715476,9837.439716889501,10,12356.10465947416,0.3907746182755839,1,0
1500.0,46,20.043800434750707,17553.755927876235,31,30153.631583757277,7.936308595209608,1,0
3681.8679284466975,34,12.191515913554456,44999.90231164681,44,74356.06522314332,10.64469981104874,0,0
2053.549166938517,70,13.66634227675297,27668.51975270714,31,36202.80966110324,51.54797214060938,0,0
1655.6480521713695,77,2.668548224292681,26906.29730672337,8,18545.36423212553,15.033648193888117,0,0
1500.0,39,0.03932762230254028,12530.394731345003,29,11684.597650253892,9.939747101536122,1,0
1500.0,41,8.06493350794243,5744.017954892655,58,36110.92260681477,10.305060637390518,1,0
1500.0,78,14.487853691952965,9632.60574351318,39,5222.335120812975,11.04921805245369,0,0
2088.696789363291,34,0.9970836007869703,17434.02488131075,39,2284.724166321086,9.761104579160124,0,0
1588.9986718249081,38,3.590565849873335,20873.33281384647,25,362.70960342400315,14.494098936439435,1,0
1500.0,68,6.22494491339739,3000.0,60,29063.50911126332,7.360974171822582,2,0
2127.1367725336218,67,44.829040650251144,13546.35469537476,35,3015.4900294434537,37.09910405645927,1,0
2697.778261035586,28,1.4026721345916893,38463.098416800116,47,36328.52516475437,7.001616357954912,2,1
6983.17429694347,73,29.570665519322354,86623.35090063594,25,64121.67834807026,10.85385844551928,0,0
1500.0,24,3.5586357306729877,20159.36932643293,46,5509.04587770776,3.8936857507074194,1,0
4178.299287956611,59,22.283067766053986,61842.101406312635,23,77360.73988811701,16.140538853904424,0,0
3771.4161954275583,56,3.764144500207543,53987.850070660344,43,5186.341336456055,25.88323459478833,6,1
1500.0,22,1.2751934470022048,18895.67073689584,25,11939.768946954462,1.9843874089434168,0,1
2469.5217194508355,61,2.2046242959155906,20927.33467718641,11,34708.586041489885,2.0699200350641926,1,1
1716.9448027143042,65,18.596485962526852,30426.273461053264,47,17273.13961867586,36.98744844247627,1,0
2445.802867641126,78,11.31593587629552,26107.097380063453,30,15845.635185617595,33.33599548314502,0,0
5064.557544420021,74,31.45142186392527,22522.475138865648,46,117244.63436311322,40.58849888008902,0,0
3081.2277847489427,38,13.85616787698201,18419.02056771792,46,71713.29569551503,2.521435497605171,1,0
2921.155701893239,35,9.04603762348001,37363.222390805924,8,30386.923422653344,12.261632034252711,0,0
1742.942183043028,52,14.764047684787455,29142.991323798262,49,17156.843832778828,14.064650409560379,1,1
1500.0,37,7.359334996277156,6057.3632947503875,48,11526.939280751285,15.186073836488747,2,0
1969.120911267101,32,11.783684753358052,4725.67442589122,51,42127.185360251315,8.388322254521816,1,0
4288.252066444786,22,0.8774722602610803,68552.11681926808,24,60884.09746833075,1.419608501079201,0,0
1500.0,30,8.810620074346426,24839.588462277276,15,3357.0829838420705,2.4230034269673535,0,0
1500.0,68,37.87411623700595,8547.673305555438,56,31999.52636693878,40.79620843196213,1,0
2367.1624892737314,29,4.6112000799780795,17549.80493526487,10,31654.067856743874,6.162119299341783,1,1
1500.0,79,18.135336552764,18334.79393619539,27,15584.692653971568,60.23555243044615,1,0
1500.0,72,25.409240246482664,9913.215531483107,14,12669.93538663342,20.168388198653314,1,0
1749.3871053316445,38,1.86427851785397,27835.719376140514,38,4348.389875513949,13.714384431715935,1,0
1500.0,54,1.6534811602472392,4243.2569192035,20,35876.3308650326,22.42155138395331,0,0
1500.0,23,0.5580159972594589,3000.0,29,27796.63190521131,3.1879085464372436,0,0
3251.5443732755593,24,1.122870188773357,14775.880964756958,35,10712.014845461392,4.421879787213943,0,0
1500.0,43,12.604420508451074,8795.23834422671,41,19172.580717556288,3.477706999573851,0,0
1500.0,59,34.81460208260601,4379.628077866314,44,20834.06991698576,22.53540580392911,1,0
1561.6313035188507,65,11.075189603985288,3305.563227117951,11,6554.50846220247,23.929094508537883,0,0
3302.96400076491,25,6.546134075227447,45730.63029950924,20,35277.43325459842,2.3977085236337845,0,0
1981.6656463958147,26,7.6392632714800275,7515.8665080543005,43,31991.322332218828,3.4892021321538884,0,0
1710.3963513198246,44,24.931519725975335,28284.272660764167,44,12144.266144205567,13.489113992931648,1,0
2262.888421009941,21,2.5126882040289713,16419.50535906001,57,18759.851608091798,0.9627669448960832,2,1
1500.0,38,7.276500815954412,18600.44814789431,27,4576.067889937804,5.8631766403709555,0,0
2898.904278498062,48,2.1805173300786915,14007.029911556428,8,29948.626797130757,22.14817723999537,1,0
2726.8142551569667,38,11.376374635329897,13867.178621517936,58,39801.759172995444,1.3383628543948545,0,0
1763.1906908377132,57,21.788576313552117,18989.663270230532,34,5136.4187151466695,12.2055600616475,0,0
3840.1184117056805,42,20.399418410630293,40440.017138881405,34,59021.1183897773,15.68906750721108,0,0
1500.0,56,37.847659935951995,21102.595314308073,36,14917.245553230463,7.933372796579616,1,1
4106.596845179946,32,7.114202291842066,57011.17026197075,50,69625.52765845791,8.011816893998152,1,1
2404.1976660211662,70,17.95060961406878,29816.118959387728,7,18923.258042867903,15.712535365724554,5,0
1835.176746680291,52,6.320658192913078,15847.154249448902,40,26082.414565455238,28.672243293907155,2,1
2184.3410881149666,66,0.23039159123379527,35257.2017263997,50,33464.26100919413,16.79948794219848,0,0
2081.83371652837,60,21.382775084532923,24115.616882704846,14,35938.039626368925,9.639695592698242,1,0
4320.626064300615,58,22.22074666810383,77051.34197858795,27,81761.25753391173,21.204151083575656,0,1
1500.0,54,29.69778527342631,22393.930357326142,24,5113.189121246549,4.883778468200138,1,0
1500.0,74,28.256310201996833,3000.0,55,36196.6028325104,44.65910217468327,0,0
3904.818532486113,59,37.575202295308316,25186.45603856516,42,82357.05634729398,27.881158302179067,0,0
1591.537462642805,64,28.89183992228603,17064.285117209452,15,22373.78521133486,35.44340961596613,0,0
3623.853322907458,45,22.689078431969246,48070.3496201731,51,80663.2488112571,10.769711394522364,0,0
5623.389025881551,78,8.898104088464827,58234.24480084355,26,53764.2338819564,50.10020483129651,1,0
1770.4919683753863,31,11.119369693930091,25431.731152477703,22,1517.601606048688,6.416125699582993,0,0
3212.321873140154,21,2.025431563331545,18647.9977837653,8,58386.47018053459,0.2840971047607117,0,1
1500.0,70,8.85211768679319,6189.75730643704,12,35375.405600826,11.649520947576152,0,0
3344.6031104469125,37,3.6055076047742065,6410.2115516871245,46,13533.490280857368,13.510003229036169,1,0
2464.3495866601943,51,30.574520428459305,26482.72290750465,42,39668.26237977436,29.581935860680588,1,0
2864.5629089477384,29,0.35436896495410164,36397.685891733396,41,58252.71725586615,1.0470415166046956,0,1
1548.3348782621938,50,14.801118185462595,10133.147581633539,8,35033.67208042935,27.654873315110777,0,0
1500.0,41,7.2099316684843355,17146.39671382485,18,10369.790966819475,18.378606071105445,0,0
2912.562729338238,37,12.636471359970134,5495.053242369489,46,9373.632380492556,6.774660139716624,0,0
1500.0,22,3.358517550275968,4031.9803305684927,35,9294.379270347556,2.7571072175866256,3,0
1854.661037560426,55,13.333990497593074,23980.454016069183,28,26786.94545384155,6.917199720656729,5,1
3705.7836488705125,47,12.380160532362279,26893.557467931052,12,85115.20376691138,23.588405698084422,0,0
2454.169649556978,41,22.58410904353253,30462.818914968502,35,35741.042690585695,15.118797502527244,0,0
6448.407335913932,60,32.924493406526516,97624.10908452274,34,148252.3185643388,18.430833937616732,0,0
3880.852146617136,57,34.99096110633987,60132.17963108023,13,74709.99590916846,33.71617530632142,0,0
1541.2605297671607,24,2.6325733239097784,6052.298869541335,15,23056.85156375913,0.8354070078054092,1,1
2241.773020842044,53,8.192667139444033,20774.18492171571,38,1221.682749027692,29.6024971352706,2,0
2151.554995886961,55,15.238948219298713,28995.97804627619,25,17915.770809569938,0.883797041323909,1,1
1500.0,33,10.741378767472703,21236.505204806213,34,2154.733395933985,11.298006064901944,0,0
1500.0,69,5.580950646634945,21509.23750858638,34,12084.088135276063,29.24156791401376,0,0
1622.2697066608032,32,3.786567478631124,7914.801935118661,58,2528.043644315887,9.75412582508853,0,0
1500.0,63,2.0986155207715673,6409.63785195622,26,6293.0948043773415,18.55550365789795,0,0
2266.793161625411,40,9.511650243438893,25003.20904368665,6,23273.500662853967,19.01770476962759,0,0
1925.6338888786215,29,9.101903095775747,26185.6526426318,56,24786.98786680974,3.444639265537946,1,1
1500.0,46,0.6905832723443024,9638.057646121928,39,8142.8133109820565,7.698747985558768,0,1
2758.1545007282652,61,29.038911652708137,7667.635494770565,49,50514.03989330349,12.975277767157223,0,0
3273.87641423125,65,43.82730610214576,43165.04074014392,60,48319.52028317466,36.39510061360145,0,0
2502.0582280943286,32,3.316990061156552,15249.702452182568,37,43270.628196678976,6.934084238909973,0,0
1847.8212172976168,46,19.42177554037415,7073.76693705839,50,33850.499320798706,15.038389123916104,0,0
3057.3175213165496,62,42.904483648408814,10735.158959863858,19,55560.65719362805,36.59283840998963,0,0
3210.304907143497,60,40.415678526403454,20396.551224576542,42,75139.90718115892,35.00135319729769,0,0
2615.1375182201896,79,14.33068077477774,28964.02650697283,40,15509.094882624175,9.866024378675101,0,0
1500.0,66,4.815890554179298,10639.257086692323,29,10130.836471172555,26.388848298639218,0,0
2571.2062378619303,38,2.965650757918319,3474.346226809679,54,6055.259341509642,2.5203641286760647,0,0
4262.087564948732,32,9.82849935874999,11283.635549390798,6,63141.37362913422,12.15939859672661,0,0
1590.5800146191175,31,9.434865380892582,9445.74722061249,51,15714.354262897485,10.881074127267992,1,0
7001.408601104209,59,27.64369902675616,85522.03940446221,11,86852.2777741389,34.82330318706643,0,0
1653.9191391147924,61,14.451370672916237,4423.830552630228,54,7021.773978644732,30.308915516338573,0,0
2248.062149794316,33,2.546654096371832,23674.71682321453,9,36478.19455613852,7.003159590636845,0,0
1525.5845425622713,32,8.130655287331544,4634.817076374478,43,23609.159203458166,5.666097168823679,0,0
2496.8843153623825,59,19.830898276072528,11479.327175094479,6,16528.40206396941,16.20420712045801,1,0
1500.0,80,45.187717121582814,5890.80745267195,46,17453.125890977775,4.105192893743176,1,0
1635.4561097750816,21,1.3240802360568642,3504.597317309196,36,36564.74833012844,2.846610859393533,1,0
1500.0,44,8.804632061848178,18618.910343358053,41,29006.21378721745,11.70716707481018,0,0
2379.0013822893343,40,6.456528701898317,21120.441938705007,14,13497.494913051662,20.462527784124344,0,0
3815.954299711583,46,5.921168961392903,57727.40746811075,46,83841.74883045627,24.61921109652835,1,0
3150.4588973672,58,10.629855047466457,8446.83485110411,59,5301.668900603538,33.14441551168058,0,0
1500.0,70,4.931182819893271,5190.689800120842,50,15522.32122707796,30.592062011202998,6,0
6789.538896963314,69,17.689707557373367,42161.55258070662,28,13599.145555522697,5.179350183482669,0,0
2597.7578000385165,80,2.267328366503408,36419.84160306477,36,60022.11579635656,20.082509872195242,1,1
1500.0,26,1.4913107773306145,9296.84999047032,34,1526.3415682516252,4.8286896742885785,0,0
2407.6834868347028,70,38.832063120210314,19124.514108737272,54,9103.469087075262,0.6997020375628966,0,0
2433.0585376938616,74,18.22626336589087,14907.983781323821,26,55658.64369206081,2.3873311654358647,0,0
1530.3216264743007,73,36.753035933753914,3617.3940945732193,8,22272.210850219482,37.271486021031784,0,0
2462.307425235398,69,36.56109295546114,41786.27197317764,31,48949.931388435914,45.29834542659415,0,0
1581.1223814079674,60,24.40978439474877,16325.346097866279,11,648.5273964079771,35.91685143157455,0,0
1767.9940963447418,60,40.265305137346736,25447.029331823782,25,18523.9402637246,7.062101612051307,0,0
1514.0545675680255,24,0.12863919973867954,18459.460130305193,52,37263.367103262746,5.467400715554047,1,1
1500.0,70,38.40993783058339,14613.484116080364,51,21743.214976130846,36.20771443386607,1,0
2392.7773912639677,59,39.31025240155673,6040.639176647013,18,50827.54415770017,29.36936412735303,1,0
3047.005823122012,21,2.586815188058818,36340.02436074805,46,73399.28342572972,0.9121236022122448,0,0
2931.255116933451,22,0.6715707672200533,10673.567681546834,28,50200.71243446563,2.8639871027352735,0,0
3466.701654135041,22,1.3072812250069283,27887.929571238168,20,28394.926587419424,2.839089110335569,1,0
2639.611735684813,28,1.724518398764654,30870.05715796144,51,20365.062135394914,5.9466552561312,0,0
1647.4781042181598,80,37.28111855651166,23555.46566717692,36,2935.6992200477,22.151881002060698,1,0
3504.5420174433325,58,28.487519279179693,44317.62525344436,9,37478.63263426077,32.44057750739843,0,0
1500.0,45,8.560991772802572,18624.104990893036,16,34327.10308582052,25.312984325467262,0,0
1500.0,33,8.092598609764432,5300.5763339677915,59,17927.34099727428,13.048326375404946,0,0
1500.0,58,27.6368228028478,10326.277771825491,7,34162.309129754285,9.719167768522322,0,0
3999.9247704058193,71,22.331010280385563,6917.904430660443,21,81712.65649142327,23.62071293963177,2,0
3709.059734992176,47,24.76645038320832,49074.96690553973,56,91260.21984004811,9.930016216529525,0,0
2887.1290538393787,21,2.3146498058634513,49641.18632384686,36,68402.96456342688,2.1224386506288404,0,0
3982.08737098554,80,4.009263718735381,21861.168408714275,53,70331.95258771224,51.55240093560239,3,1
1500.0,19,0.621125299090829,3736.2660836388877,44,32670.648257849054,0.2157961324394687,0,1
2675.0606070740037,63,10.589649793188732,24302.099836930607,48,50028.829766680705,42.627399090865126,0,0
2061.4276678565056,20,1.1150365293345506,32083.79181055401,49,36249.92284754915,1.3546582665991367,0,1
3518.4828147383246,67,46.88753368901535,36534.38205886547,9,62942.101943870664,10.70394570726666,0,0
2072.739978485175,38,17.581240091045004,3721.0067562222803,53,37363.40130370834,7.421892226148534,1,0
1786.9783706671521,23,2.0225820155756584,31384.036527069853,33,16950.33919041227,0.5230342902827445,0,1
2973.5139637728353,60,12.243582050462843,44861.54929577206,21,31486.718966542958,25.07689737124356,0,0
3575.6170511526925,70,12.18909870922947,11574.627488666069,44,26287.146274784365,8.79795918521645,0,0
1529.062593809236,35,9.052752785860841,25490.332558764665,30,5667.492509891337,11.782528948771704,1,0
2135.398118739035,61,4.912683490096422,18496.17982036803,18,24473.97936554902,31.70160995866016,1,0
1500.0,22,2.1971000325129943,10983.398759661,10,33748.098347710606,1.9173392732937269,0,1
1500.0,26,0.010669115926336126,13256.859928443298,35,24422.426498168585,0.7505341691534824,0,0
2465.7536923239463,37,6.153142984171052,37449.184723121456,6,3463.1732352755043,11.606590609459474,1,0
3086.8238035073286,45,5.938226473425694,37693.68247421242,10,62600.782457149835,10.049541807342989,0,0
2550.734778297575,43,24.280469749019552,5119.895275934564,59,59649.03017865859,23.74118678035116,0,0
1500.0,35,12.363119432689643,25918.91146346236,19,31103.341499503895,8.724497013934707,0,1
1820.8028577950508,36,6.293760848320279,6395.260991554517,16,33117.737151475914,1.3007892395551315,0,1
1500.0,20,0.18569017306124103,20511.982769251452,39,5629.514842999555,1.2720981663943585,0,0
4690.692988231318,26,4.134404757524992,55417.35275646087,34,40926.28368706751,6.234829620211988,0,0
1500.0,53,7.470675846411481,6281.965222637302,23,21198.258313051138,5.6175983291960865,1,0
4404.896249519712,48,16.092886376950734,17189.86663915218,20,8464.093970475751,13.47172093033159,2,0
3715.3505151732184,66,40.09739300058684,58686.075767056536,51,9870.777370923914,35.67345375541543,1,0
1500.0,34,9.852680833622166,12202.220549239726,30,35034.52207541812,0.3278978462220934,0,0
1500.0,80,39.294882011790136,18191.701111440532,35,26350.919747849384,1.7961273580373767,0,0
2677.673552313518,72,29.21563560939182,25623.212676070885,50,18414.832694888784,36.55325161167451,1,0
1500.0,40,20.399843917891,20047.514685436967,7,12276.011616050542,15.952782963152128,0,0
2336.3999790211374,51,30.75278858587991,21371.33185381598,56,22454.515461382456,27.913691431550813,1,0
1693.3173706122484,58,20.508928042942088,9965.949212556856,45,3177.9880939463933,15.983992631705096,0,0
1500.0,58,12.230379485740176,10766.27596041066,32,27719.13745179105,15.591066601820224,0,0
1500.0,22,1.8383480235177756,23406.481208483736,59,6631.275453420211,2.20947189091863,0,1
2501.5763112819973,32,2.61181077073862,22405.592822733837,54,50351.729545756556,10.602577370489037,0,0
1621.558883848466,64,29.271838504632107,7505.610120045539,20,34290.79882768186,29.485641059158084,0,0
1629.1286832054632,20,1.0001846715644664,27513.200251520913,37,26002.28576964419,0.6546466076877053,0,1
3238.045258697136,36,1.859408600639038,47088.326889786375,25,62320.62873393507,6.237850615845205,0,1
4210.738184944092,45,5.336490090229614,8195.462820671806,58,18088.82244702889,20.60113326031186,0,0
1900.9335816699672,20,0.9592639123990536,34182.645365897704,19,27370.54382878627,1.0692933235232067,0,0
1831.0973504952663,55,32.840792656597756,23463.230705373557,32,30982.13578748309,3.6251184964529486,1,0
2907.5865977457165,21,1.6991721618932922,10829.399860169568,8,48088.61696221925,0.4589848624568694,0,0
1500.0,41,15.67530500479483,7547.775873114209,54,4398.370411619279,19.577378646581263,0,0
2496.7225733219034,48,10.170856492317291,31887.075058100723,8,21495.686698252368,29.964102950954757,2,0
2991.5211549818832,62,25.142101293946308,42646.939930856235,18,24308.915541932205,14.770047852615217,1,0
3210.3222953818035,76,25.94802971300791,16255.823396136284,30,45949.89459507681,22.428696370295874,0,0
1500.0,62,29.001716155419068,8052.705774431406,23,28696.39233254074,6.797473090741795,0,0
1500.0,76,2.9333828325826015,9331.577719237552,6,21397.138731383016,13.67135887550445,0,0
1500.0,28,4.933002162389592,16749.468303334237,44,28306.02894943703,4.246298457758879,0,0
2333.0642818097563,54,10.65573450518281,9147.653488549773,60,5772.444122875224,10.238027198787451,0,0
2876.730021526286,18,0.0,7974.682197646459,10,63154.19837704218,0.0,0,1
5030.077769438766,26,7.687339452464491,63080.64354008754,7,67480.63978276357,4.302795532033345,0,0
1682.050705099424,34,2.9231170033821243,23960.248767599798,35,1576.8662069773006,13.1567540526919,0,0
1679.6406083814688,71,16.495998386665637,15983.123891416672,22,27009.166992886494,38.39982063910803,0,0
4156.04678919377,18,0.0,29861.8448335418,34,53752.97792346844,0.0,0,1
2599.6115686915064,20,1.7260538962992473,21693.046584980577,58,14321.88201415722,0.2467779311534375,1,0
4434.669322805442,64,19.16682382749304,33716.49451816282,47,84749.3532718814,41.19983737134302,0,0
2588.413455760673,43,18.596632022204275,44830.65697052342,9,60411.51558244239,20.48778098619256,0,0
1500.0,70,44.531453107169725,21086.292583088078,14,12100.629519131468,24.33170080446086,0,0
1500.0,48,9.300490674655467,6806.223978677812,26,18521.83810561384,3.910924043219177,1,0
1500.0,43,9.818754588467748,11296.823377376491,48,4806.562451191091,22.464407267145134,0,0
3178.385076228984,40,7.844236921143838,32572.754394840897,17,73881.53914263051,5.075412262270462,0,1
4245.981361946441,47,24.15281844991971,48492.33263475102,17,33840.05318513074,1.0305084642599867,0,0
6106.745004725722,27,0.3991217575824104,54711.09936695962,55,29737.509854478976,8.31815572488662,1,1
3511.18172215805,25,2.15894762180076,51867.71289144379,9,41996.250630729344,5.662549345061079,2,0
4186.252484690096,61,29.214567976590583,58813.92679043174,33,4529.785730447272,29.81971276969328,1,0
1605.17974033316,42,13.570643989568225,15389.957103396762,14,10146.21397736649,0.8167285764488419,0,0
1500.0,39,9.16207654516758,23287.949362934123,45,2537.165118427906,11.097054746246892,0,0
3524.6754244251597,32,7.559275181099381,48529.57118581144,56,11223.549450659155,9.150906171172796,0,0
2778.6609381917997,76,11.45990597804246,39556.71543202034,37,7791.195137856189,44.04213996535782,0,0
2342.782034709724,58,17.228664864320415,40433.63762337248,18,51097.244933458394,18.842955391940947,0,0
2732.724331875843,73,27.5936641296992,15111.796127885445,39,63565.548711235744,52.43421150448563,0,0
2637.9358500931985,74,50.466590829457694,14640.593456317503,24,31293.975819382882,13.707739414497773,0,0
4474.273507869425,27,2.347516465235787,72090.3374736252,19,70516.46187726037,0.6276142562564012,0,0
4501.842658671822,37,16.48874154113372,63601.350366276296,10,78321.02118373055,6.322558655164347,1,0
2978.9351808643737,58,25.769656033039276,49900.9600518099,32,29142.42575505975,26.472194812268505,1,0
3516.394943183384,64,0.9356782291096453,7290.2347441468555,33,32545.15535557924,33.90923139670851,0,1
2929.9317371351685,40,15.94188941178666,34197.78326309459,31,49484.27775121771,16.246931736525795,0,0
1713.6084783782328,70,1.8486976325508646,5926.826367553819,15,16138.529681309667,5.755039036382164,0,0
3347.9736834603304,70,51.86381859431828,32027.56118736062,29,48630.11453234809,46.02465164067004,0,0
1500.0,18,0.0,5471.546762262828,22,19319.730405429666,0.0,1,0
3942.77612236294,19,0.29734374754004567,12527.519201591238,57,51695.768358812726,0.20991110766322651,0,0
1500.0,75,14.672440121212208,3000.0,21,31100.957357866915,35.024076185443235,2,0
2584.253096678935,36,6.865939477900961,30272.09533999111,22,45486.544097756865,3.813283339809003,0,0
1500.0,79,21.726184884181023,10655.076725597195,6,36025.59952642849,30.990348064156464,1,0
2993.995136883764,31,4.840391639009954,8347.859764425113,26,59204.50438449878,5.291386055089859,3,1
2167.524746672904,25,2.227935822836363,14063.425577362415,59,7900.222081873615,1.6242398383996222,0,0
1500.0,55,22.98193605338826,5808.074332015416,52,27693.123862494107,10.806206402562086,0,0
2783.278412817235,29,1.8069003009268636,47340.25964447948,54,46317.06168753309,4.701479544969493,2,1
1607.0308659526468,43,21.149532311150328,10349.412253412976,48,25955.31539594041,8.654008657879956,0,1
3585.4192666526324,44,21.1224645848142,23940.597008313853,27,43091.77612721318,9.920970393661328,0,0
2209.958749170586,46,13.341529819947572,33762.83497462611,10,3451.0671526207284,20.59216940396668,0,0
2744.8495452377238,32,11.938219513899666,32970.7153606848,41,65292.06328501591,2.357318777692684,0,1
1500.0,63,11.121528151363197,19609.375988776534,26,31947.176052165447,28.2428364299591,0,0
1596.9762440030943,70,0.9134036966062813,18863.532369932294,14,19435.52177841267,35.26420433368741,0,0
1715.9956586910782,78,37.15247550178938,29318.363822622352,32,6803.106300137441,48.125222770604694,1,0
3537.5382836756753,18,0.0,15986.185512293516,53,72915.08977521457,0.0,1,1
5555.576062365374,77,33.46270823145637,98965.18257841986,17,59815.721543793465,9.361267064559774,0,0
1500.0,60,37.77225517877293,22689.382527691087,23,14629.272131488478,5.806951966956094,1,1
3992.873713383601,45,26.187990486280473,43971.65756985677,59,66419.68058091485,16.59881735495844,1,1
1500.0,74,35.52937582631377,18390.476422104348,40,28450.327444974435,42.38732683264601,0,0
1500.0,20,1.5281111797048768,18045.05985076566,20,2356.527623267178,0.544652860479365,0,0
1500.0,68,4.1904216743582134,3000.0,55,28783.36561813173,26.292360278655647,1,0
1500.0,35,2.7321649431555954,7059.420712564435,49,27522.768800686055,13.128070320400107,0,0
1500.0,69,37.393445052601805,26017.507555381104,35,22095.360394576634,39.14265852026317,1,0
2771.5150570902492,77,25.450561926892114,27948.499086562668,50,23448.32791869262,38.57538980071099,0,0
1963.0659028896603,51,14.716853923345388,14589.527885470989,38,8087.936900022912,2.5999939658010445,5,1
2720.7775126532447,49,9.566838130698535,37967.50846707232,41,6982.3972540635405,1.5699596685474435,0,1
3228.458240592125,46,17.005978737376825,32016.04578757701,45,95.53764350119735,10.87646868138359,0,0
2555.7202119049043,42,4.443961089988862,3127.6063487890515,56,13191.361099242982,0.640498235501255,0,1
3170.8968564814754,77,36.98806047951984,42857.966034288016,58,32607.677632151852,53.344515579430386,0,0
2125.489148856886,43,4.344971428380992,28582.93728326886,35,12946.584564284258,0.5036166188681052,0,0
1500.0,56,2.425389318969117,5711.292158804347,31,11586.71451018787,1.125288761395299,1,0
3951.291630279568,25,2.312503820893427,68212.02263730238,26,38569.784020958046,1.1572916486002218,1,1
1597.1695764748724,36,4.160526156177259,7676.696922062501,42,12308.679516372478,11.286272368540086,1,0
1500.0,71,47.11655684348561,13172.608868246081,48,27173.288949702404,28.702369451076873,0,0
2002.486962495988,64,2.527858877956824,5908.360493921237,36,24616.912110321646,30.33640828154615,1,0
1500.0,59,7.241161395539037,16883.699145990005,22,724.7680407015262,36.635760785428054,1,0
1755.3319966785218,39,11.523111717244038,12959.035188507163,22,9946.94997851953,9.553858667045676,1,0
2668.387554676923,46,13.469881343729261,18689.24996512008,39,47341.08070141633,1.2285273246539554,0,1
2674.6878383732433,50,1.4672645879904493,40277.072772392,29,20122.380270761554,24.43189200676665,0,0
1500.0,55,0.26833983656034555,3000.0,38,34505.31643871433,30.042685122629496,0,0
1688.7806605542169,62,43.47498944629059,24597.25093274598,9,30088.33152003742,2.195087835008896,0,0
3987.3540822229115,63,29.647561516147718,42723.006196295406,14,28901.037770505787,10.928218213686325,0,0
2901.6071866481852,52,12.423808450652931,51543.20625542123,7,37460.46302281873,26.200291177278956,1,0
6913.876594222462,60,19.758154401856135,76194.61726572248,40,115330.20783785926,15.798520018945098,2,0
4226.250598165487,20,0.5331002409085739,8205.034278083283,43,20430.31510114215,0.9453027969288379,0,0
4143.769615621588,36,6.207728106477775,7711.433218764332,50,25503.603729409886,14.817163364607879,0,0
1500.0,27,5.841400205413926,24020.401152481714,20,19017.14046983462,0.8515758456822825,0,1
3361.434826153068,44,22.95310677055164,51432.105750701696,48,77724.33326760113,17.609392436097913,1,0
2144.7778489308744,32,2.577820323136588,14756.353177577812,47,18445.645365969922,3.0097814145139887,0,1
1631.0186023672236,28,8.403615053853187,18767.400738000473,8,16397.051142707183,0.626514310765165,0,0
2422.144145210832,64,5.591604957840377,22581.77840885765,36,11542.740681527086,30.474900897188824,0,0
3714.0059502920562,43,5.37480558970978,64778.907896918216,57,55079.515600232895,3.0353063243280576,0,0
2908.687929204962,76,2.1561667068794668,49882.06462435882,46,53821.688608025295,43.326421010545964,3,1
1500.0,41,3.2386728281389874,26587.89471778975,47,16524.084986610767,4.6622239988699965,1,0
3322.100034575699,30,11.007637745568607,52255.401944329446,58,62310.08725270699,0.5821442442942248,0,0
1555.1493295355342,49,14.242601145169736,25601.45462125745,60,11764.888316499118,3.0782214147670537,1,0
2487.853863081331,54,2.795971024020728,11677.337298145372,28,43971.84788826285,30.285728954852647,0,0
1868.9974870041228,21,2.879180514116884,28272.54069219344,17,12071.132081920801,1.1129046490208228,0,0
1957.8918008844462,30,10.547907693103802,25551.605809885987,13,38210.68342996893,3.6271996964090145,0,1
3365.8426819579,26,6.03746016694513,58455.83740741273,58,69895.22194120885,3.9295905577002124,0,0
1500.0,74,52.274476349063235,16067.176625286795,26,29914.63756349208,35.44422385560472,0,0
6437.253743814756,66,10.566212200116679,15757.379010694369,26,34676.295967536586,1.7809077750286573,3,0
1500.0,51,27.60018666933285,16733.6717252724,37,26034.353921022706,29.64022094386754,0,0
1589.6716655080781,73,37.94951579948684,20144.12187052068,22,21402.559863598166,52.716475065121834,0,0
2707.054816908864,54,31.31133298443678,12846.213551627881,59,66731.40458500422,15.02304538157529,0,0
3045.3551024031535,65,37.4548435899036,23449.013560302745,42,27528.245416982612,19.393558418226466,2,0
2089.621762468693,24,2.0789703790609497,23350.599664010115,29,40290.59028064699,5.271359527586829,0,0
2139.730388398334,18,0.0,15747.98243677329,13,19796.684828719426,0.0,0,1
2767.78474154361,77,15.484921876108528,20409.952442589904,23,27460.401538277372,50.515206153876335,0,0
1944.7948742848,75,18.729753292599124,6344.8405071686,16,5396.425782917669,1.6152058358951193,1,0
4751.661816099084,29,1.1869628894527375,80743.53662146332,59,28469.72263728351,5.386156696447615,2,1
3503.9353895376144,38,18.701532319609374,48208.56055872513,15,14408.557818591451,19.04858089544723,0,0
3569.045217956572,28,2.9100336340028155,3644.489340117578,31,14204.850027245782,2.5280465873067257,0,0
1500.0,61,22.38676600237243,21023.138742565214,52,338.1197869446045,11.444657279454551,0,0
2113.9983091107592,68,19.566641823309634,28700.7294897552,11,41951.28011175142,31.50614943563137,0,0
1871.9645655582603,75,54.71590287325959,3000.0,56,21898.766477540055,52.792880349295125,0,0
1500.0,61,14.407114350354744,10924.909589150997,22,30156.28379852842,8.545916375454654,0,0
2692.136246659471,61,33.47747032117563,30460.742891598184,28,41226.72898775484,39.630994111583554,0,0
1643.0258202499222,31,11.12041001020534,14289.00300959144,47,34147.7311200423,8.619048673493449,3,1
3166.784840945814,51,14.375014416871876,45049.93384386215,42,39882.88439128368,32.770561370614786,0,0
1500.0,51,12.479669876946732,12349.187482178068,33,3526.5382927062938,24.303141932936818,0,0
5684.351554028039,42,17.945899702383073,20552.74211590692,21,87647.53434712112,16.027212977215335,0,0
1500.0,78,54.77375881837405,26398.598418982627,17,25416.18233485275,48.89419031759798,0,0
2491.440373484673,21,2.2647951992167146,12742.91994348775,26,39022.44447654212,0.5254209578708775,0,0
3413.5996205430424,69,11.583444645185146,45062.14100236242,29,68386.03353962032,48.24526626470084,0,0
1613.4786243288904,72,47.96861836163609,5540.13265406055,33,29506.45984791921,8.942157473907377,0,0
3529.3103193641805,43,9.689541685920828,23269.49974085064,42,38172.35418623421,0.6417592474113554,0,0
1500.0,33,8.643441176669015,12771.704014975807,26,30716.38707957163,10.467852617966132,3,0
4908.210698678305,27,7.4829205736343996,20947.968779896197,38,84885.85268366027,1.6613588351595026,1,0
2225.600611065245,62,8.289369765621657,19249.91584911606,7,6697.207169773477,33.38513990380293,0,0
1590.7704309355317,19,0.7845101356775531,5840.939949115256,42,21470.34675901329,0.7950389779823774,1,1
1873.2871954723337,52,20.269535128963035,19675.34365382109,60,34119.85657493915,8.047774182283367,1,1
3445.780087012586,36,16.08014955289695,42324.94854036008,24,47662.736696496344,1.560965950353804,0,0
1601.2655902803388,23,0.8598520092177148,3300.821391633669,33,37991.17307397409,2.504104831393999,0,0
1500.0,36,7.572280266736712,23713.869087595285,20,3805.9225578288574,16.023933190229236,5,1
1955.0183749543826,76,48.304899386276574,8108.233522566822,6,35303.80455515661,49.142883859703986,1,0
1500.0,70,1.000048579751529,7246.741845668256,48,30916.905428606267,6.088287738013979,0,1
6010.715964893545,69,5.722269705047785,73588.87868173355,33,105586.21940999935,49.203946490444956,3,0
1617.25084082112,68,49.52826063783674,14504.747633418032,55,15589.691841210672,13.197459769368402,0,0
3489.065563156234,25,1.9627592501324538,33110.2733499684,40,33624.1521518101,2.445738239161284,0,1
2478.003676901718,31,12.682061518411395,7876.6685672340545,37,36337.91085817371,1.9376531599377071,0,0
1500.0,27,1.642783959078065,22046.26345784841,33,14891.176363294748,3.400226689883814,0,1
2201.1272840030683,20,0.7221888860146712,25290.78120977172,14,48599.95480673852,1.27128221263936,0,1
3398.8809654497504,55,27.856169446632112,11221.387616609214,29,9341.027151028238,18.7248956243599,1,0
1991.1273516946942,46,18.417795402668997,14650.693628114532,9,31816.09193962977,23.17110558175798,1,0
4256.540925992866,32,8.135713599006777,62898.77269979515,50,14271.645483022918,8.978211357595505,3,0
3873.188954782835,40,11.657781867710167,41296.07922546082,46,52303.52452142415,5.797978371884694,0,0
3660.6762242821665,40,18.555689760624286,10422.052267958616,8,65487.77735520189,12.26363669557032,0,0
1715.0350131968337,35,3.994125568167676,12583.571669156836,53,7096.425424178166,1.0912491400995639,0,0
1500.0,63,19.91119171470833,7688.707160621232,27,26401.245805862003,26.13557523350075,0,0
1575.8133285491886,36,2.798141258816231,15438.108309263853,45,5514.559972829213,7.013948931728433,0,0
2460.0390858736137,45,16.090423084729018,37729.961874910616,44,38164.66172832385,2.656759285507346,0,0
2981.502635288295,43,6.263610606783004,25093.94004114217,60,37682.692230104105,7.686598824769542,0,0
1500.0,27,3.0045785790904724,12550.221774392237,54,11177.810767847312,8.082782933408865,1,0
2198.5157204143447,64,21.677532964682293,36035.79497178849,30,6131.0409594412795,26.9577455817887,1,0
2408.9568101798986,21,0.08031175710938354,26005.05495773693,53,44316.02102226744,2.7097945468291535,2,1
1895.7136805180355,72,4.964648539725234,20142.428913351032,58,18094.830365870086,22.18341529662665,1,0
4492.661700568593,19,0.6859292207082196,24496.09488445519,27,9718.837724390767,0.978908599390088,0,0
2784.932850216862,20,0.8579399614350145,31556.872602903277,55,53804.160361327115,0.7200381069963808,0,1
4539.651606545619,24,5.188741331999372,48985.010543388584,53,26431.5181008315,4.540827690873056,0,0
1961.0233117437826,72,37.51228819678677,15191.01805062704,52,36104.99113245275,16.49176650792307,0,0
3698.241150492064,33,0.12151412470983669,65983.37001060438,39,52228.28915512314,1.5898582267493806,1,1
5427.785576715331,48,18.501369923014046,86801.94159298878,25,26396.544082536602,24.991697902068616,0,0
4543.40221568425,27,0.8435237945374477,62439.826405770444,41,8678.548753422907,6.863233741831437,0,0
1500.0,36,14.056797236228897,15202.312504531512,42,22246.838077598466,14.771322608729461,0,0
1920.7637211262888,45,26.770707583519552,17008.39469711639,44,1210.649317715425,8.091752355511524,1,0
1826.50468637994,34,8.499180707864184,7567.675987248439,32,2989.279709893768,11.258586009615525,0,0
2890.2260449458354,45,18.43504650524152,17912.283020267107,52,50739.29699895281,5.937916889211254,1,0
3221.152375994319,36,4.271654896105527,45602.92875370327,54,43394.868864774835,0.2036076527067232,1,0
1500.0,54,15.753518775136568,13070.598325407562,37,12236.072462039136,31.19359592288405,0,0
2292.300511945571,40,18.83409730920044,36673.55720855164,47,30901.812225854617,11.517560715231847,1,0
1500.0,37,3.181036007178773,5271.733976810983,57,22186.84978218448,18.68941341215968,0,1
4880.82603110068,30,3.1864272673651453,47060.43959508317,34,68976.54927448221,4.620428338844961,1,0
1666.022232753464,30,5.345204103432362,19989.62886069036,46,26762.731723243316,11.482476083873644,0,0
2277.252990690602,60,29.914453457448587,22286.162769328374,53,53531.847206732455,25.832405065847496,1,0
1862.532979677922,28,3.7588395479567382,30018.177983567806,37,18102.773822847328,5.122050718368634,0,1
4147.724569119052,65,43.60341714980118,73923.1354937127,29,31227.32791557296,14.232051349448126,0,0
1500.0,32,1.3223987177620684,4453.783787704929,8,1441.3091636313643,11.553868777818373,0,0
2188.265088272542,34,5.93286716071756,7022.653342175207,59,8045.870893629639,13.26071594193797,1,0
2083.4900669660933,71,37.57456854170636,6699.483000473541,32,5534.260900133427,22.0972652067861,0,0
1720.7232692960774,67,11.07335151741313,21646.717024537546,14,14430.165447538688,35.63736395525494,2,0
5706.862060982444,45,17.723154624201168,41862.650258126996,45,87028.32369564177,12.075424266013343,0,0
1500.0,36,2.955905248092227,20199.523862280603,28,1737.520917546878,13.313867300400174,1,0
3376.138559837827,21,0.16794085458505914,26647.912426813262,12,61417.44700460064,2.982570470155875,0,1
2686.3509668376532,39,2.541330051721626,31347.873651789036,22,26691.109735646012,5.512422589046345,0,0
4419.737520890626,39,19.52968044581683,62263.43284966021,42,106460.92649944469,13.315101600774351,0,0
1530.0351735527138,72,29.79454767873577,15789.458815608143,12,21741.22510406382,20.51341011575442,2,0
1500.0,54,28.668447917267365,15257.341556475156,35,28926.08671456833,19.741376291346118,1,0
4035.31017594959,56,12.640871034391946,10088.208977733428,18,86878.33475062563,33.21759665127317,0,0
2790.362290417806,51,19.55773538021974,22276.270335529814,23,62005.08002990234,11.470003691673607,1,0
1500.0,50,15.83846827855973,15417.317407235909,36,19442.315612992767,2.316425668519564,1,0
1641.5270933510726,61,40.666732254298644,14533.545806332953,27,16281.591468751014,34.35429896544724,0,0
2731.2385308840635,59,30.650560078218525,44555.4971471886,19,38272.50342437874,22.75601906333262,1,0
3500.8823715128665,57,28.491162628366585,57453.05322831297,23,35190.02952823879,17.52663693854061,0,0
1519.9354422643928,50,1.483304621896945,22757.378517553898,40,9146.780332429587,5.866657500669682,0,1
1500.0,29,6.046366359040602,11070.10092201456,22,12146.99351875003,1.0213800487504296,1,0
2944.7310044109568,19,0.46699145390181485,38853.03287841428,24,17136.115313952087,0.27873555962455365,1,0
1500.0,76,53.81485146315928,11579.85575727505,36,10103.911147307314,41.69644727415802,0,0
1500.0,45,6.948233681117371,7431.136773881856,44,3510.2901463395137,11.117815073284419,1,0
1500.0,27,2.4285010796198487,10244.017410547482,58,15992.352027146426,5.132048286470592,0,0
3455.3860725825166,39,8.638271226511508,7623.959566095522,41,20324.91834948962,1.7229566269225973,1,1
2370.2236522688745,34,3.8939154145020165,15738.800937541168,20,26568.225184290968,1.9718886964707192,0,0
1950.5935514642788,43,3.229597945218737,17228.847115373195,34,38631.41917664165,0.28264577233973465,1,1
4740.810537910392,20,1.7148296933016016,81746.62674864355,45,53134.09821326651,1.3465689010981303,0,0
3135.451856898037,24,3.349659146423495,19841.076533973068,21,74828.48906584215,1.5867271349305203,0,0
5372.050850807967,61,37.03859691513237,87788.49800357051,38,19854.682875751554,41.577843190825966,1,0
1500.0,25,5.817943357825872,7335.886033499175,30,31884.937156420303,2.1591906722903684,0,0
2166.7793137492336,37,5.358804741003751,9201.166086731213,21,13448.013651093668,6.908742738454213,0,1
1500.0,29,6.0251118875670135,14734.384139020207,35,35022.50440706153,5.164388145924805,0,1
1946.6003454964193,52,2.8294018931623954,24201.485030514625,39,11054.155802593654,10.850785458934558,1,0
1926.1168887701554,34,14.644030144492135,3377.73153755712,7,35968.392780318245,13.079091550034597,0,0
3117.0349752033794,45,10.915093306759134,14831.225539191379,45,4840.591739168576,23.65758386994553,2,0
2264.388751542905,58,15.747047355560856,19805.753219228867,49,35653.56156690202,0.4414431683323805,0,0
3111.542696434966,27,2.724798335561579,20620.422806420123,48,17010.35414137434,5.891954657052444,2,1
3251.5662204540486,39,9.67393863892478,42642.85492352668,43,54477.75995748095,14.407853877878624,0,0
7224.337205869165,55,9.315097302181577,70001.8779125134,56,114836.13850965821,35.572720434129,0,0
1856.757265557225,74,20.991727276621056,6918.472150838326,23,42876.97589310697,20.74235504700726,0,0
1500.0,50,25.59830555471622,24308.867172534807,10,23500.366148266807,6.248958987126148,0,0
2528.4101586913653,39,17.51936557528861,15118.36681100957,52,25805.511066232615,10.932202460385861,1,0
1500.0,61,13.079846538026194,20143.843278592798,45,7258.792681845117,19.24489443687077,0,0
4989.437328859418,54,16.884519499900364,71142.23265665455,11,82007.76509816006,28.502332761746075,0,0
1889.8071741320896,30,10.485837315360627,32832.90681412938,17,5497.761073068905,10.847705294826484,0,0
1617.9788044211366,44,1.3695066275721255,15329.745554009616,56,33513.06662664189,2.254408718547178,0,0
1704.0726702954091,32,12.448029467940996,19544.35668239923,17,10536.901046460367,11.852112701084721,0,0
3278.461652284254,39,4.602871258698966,21942.406121623815,17,42960.87119030062,19.088388442651326,0,0
2024.826221313116,47,19.677638082216898,25369.144894203127,14,30167.24320817569,26.799940469666364,2,0
1551.6641031373697,60,24.46717124815321,13774.927960229697,47,14061.567646159756,32.101014071750605,1,0
5518.953592322854,57,21.56468917938083,46580.46613055837,27,91597.21423953232,28.94121987525904,2,0
1500.0,54,30.93696809110157,23314.421992460688,54,9383.135958454875,0.5362839000872253,1,0
2251.971515664833,51,3.351880740273822,4172.611226724026,55,1949.3388471732121,30.366323542164338,0,0
3161.394110134972,61,14.92220508900235,50561.31813017113,21,75815.58427648741,15.114724193777395,0,0
1500.0,77,31.75691203434117,23227.780864628203,9,12001.718675368124,2.4261919004261454,1,0
2875.964213960003,51,26.77253218021931,27632.91502877194,55,51297.2963723859,13.62831723351509,0,0
1500.0,75,12.337255754465277,14000.172782243522,8,19032.510259514278,41.772600096421314,0,0
3472.1543466022267,65,37.73770254459098,24828.421781073586,21,58071.66661522642,20.771894476379526,0,0
1500.0,70,20.781201089684657,26851.43168788423,19,4160.119594337915,39.41657665255262,1,0
3232.5383275622776,52,6.423071118745644,9341.643520159654,46,41929.891062175906,17.319920514982016,0,0
4057.037013216993,59,31.11844405818279,44763.9629772844,43,39781.23114766303,12.276513073205033,0,0
3546.7610619969223,36,1.6361802265418608,44648.71031034166,9,40065.06123814925,3.652422194763588,0,0
2535.697830713115,25,3.6033716185281004,42811.73360581295,7,61250.309346590875,2.947723067475846,0,0
1944.5473059686453,56,2.4272797867517597,27735.97164061089,60,6625.505568349898,1.3605311651295366,1,0
1608.3582754166982,50,11.405371365049202,19212.486880096058,15,30345.706854742864,13.521404959949034,0,0
4959.5439997055555,61,25.846302357274883,14808.253023639101,16,40958.740567201625,2.950664160878846,0,0
1503.089039086971,78,33.36693248923279,11052.919834796649,44,10910.847715215688,52.620282464447925,0,0
1500.0,45,10.925696283425996,5040.461884973624,31,10154.152346222449,15.537987859882838,1,0
3184.1890311063216,54,15.445727782996165,50885.30361650093,42,27764.65990061388,23.257546665489347,0,0
1500.0,65,10.658169007486027,20615.339466872894,31,13391.889734760227,13.576607550849685,0,0
1500.0,42,10.94118212217847,20817.188063329348,9,10153.012694323927,5.419705835989095,0,0
1500.0,53,33.363919950229196,18132.541203225373,31,25030.993041505346,24.77668372106923,0,0
1693.2407721541774,34,13.607246684540646,16288.53620212867,43,2020.1202132334834,10.745047728349189,0,0
2110.1340111716886,41,3.3403559887559076,7489.937576683101,33,17529.611533316915,2.8216044961411955,0,1
2524.252984495626,38,0.5956157464184186,16672.219114044587,7,17682.7459832089,4.772827662033416,0,0
3726.476523284069,19,0.9335243127166306,12400.105790927495,7,70003.54031879193,0.9465757864702101,0,0
2950.688635976529,48,15.80249249642243,39313.569171612,21,10806.789725640057,9.125322765946434,1,0
1988.2701717107875,61,23.12702639542023,7404.0978039535685,28,46758.50463859487,1.1107549437334128,1,0
1980.2777229945616,50,24.982975862608715,25616.734704093986,28,8441.855219724313,2.0410256264346174,0,0
2923.6455947661757,47,9.12598024226847,37330.10573893474,18,27045.721822183532,22.48934911154807,1,0
4446.682491533107,29,5.300983257196024,39167.16263675921,26,22200.083843038028,8.328712530220557,1,0
2367.222982379933,61,41.65250526530971,7809.2014067574555,44,16966.94901970489,16.418572585656182,0,0
1706.1216457750525,29,7.393635556256479,10836.626206552583,30,32460.017869484196,1.6852085408888349,1,0
1500.0,68,7.687251599789296,9662.37428142656,42,17865.1769526885,24.905260845912352,0,0
1500.0,74,7.460697887123785,19359.820895153982,54,6096.589399134375,18.585764692346057,1,0
3185.7668862131345,66,9.804708399984259,9345.865547577527,18,3714.196303211275,17.95048069906445,1,0
3034.7617148369227,69,39.10229539545659,45807.2000854775,20,17443.52356481918,13.310253058486122,0,0
3033.735382723437,41,6.793671088334169,42281.54600943076,33,71717.7151803996,1.4457319923175431,0,0
2057.480190393074,41,0.4919434735268351,8573.967679497855,8,43480.56160010923,18.196663367370608,0,0
4787.741663547245,75,53.81793871982273,63321.687314441,28,52685.95097319463,35.2385870153016,0,0
1692.1155469233897,77,10.01309156729973,20922.541857567005,9,20389.79021493969,49.24347230240569,0,0
3734.607781715638,28,0.09558186148068581,51231.54973159475,52,83969.49456840864,5.032019773835925,0,1
2161.78901975636,30,2.8455792285998758,9104.991523442473,55,31959.09886258727,11.819839669261242,0,0
1580.3586270747346,44,6.110748465071476,5814.195454853587,8,34798.19574627857,25.025647644519736,0,0
3059.147829361045,25,2.954036755920061,15357.618857003148,44,37615.21321185857,1.9024844096757954,0,1
2766.3937765674123,27,8.28350848350033,19972.862220995994,13,13838.720205906915,3.48279231181132,0,0
2687.4149289663583,25,6.154294424453686,38946.83594573439,48,48771.67508090561,5.268965890795317,0,0
2309.307862812846,37,8.680996544666131,31278.898229434144,30,30390.105795899224,14.75546577757774,0,1
2162.7996702766086,25,2.8762993349426456,36189.428447105165,59,36142.52257889097,6.374893953681565,0,0
8214.076403387551,26,4.44007269179881,16401.066928247754,46,32287.669068607815,5.221070668818028,0,0
4235.857876690893,24,1.4607240718305945,5068.020863997149,57,68578.72984043954,2.850725861479242,0,0
3286.422257244981,31,0.6784048955627169,42346.73424140453,17,31406.459930579094,4.909470145510484,0,0
2348.400030110792,45,25.35905167662258,13498.339010164762,10,19491.588317463196,11.317820887719602,0,0
3842.7228134973384,19,0.18669898487717274,25666.85690088585,38,64507.35950962892,0.8504051510573424,0,1
2936.275225555947,74,11.110440837760118,30230.816339157864,51,43474.42589683424,54.8804952420141,0,1
2240.4065278406806,60,19.8433338118658,6141.006030867803,30,36356.61302649183,2.1801857666385294,0,0
1868.7772539828618,25,3.441293413882315,22286.673271398155,30,45099.811823834694,4.061712641283084,0,0
2112.221390300991,30,0.22121051640890332,13787.539036130996,40,37027.054545701554,6.240647664732101,0,0
1500.0,38,2.959094775479414,17634.235669675287,20,24033.711085233397,7.522845496961006,0,0
2479.5452653829275,64,17.39512165379412,37634.82943971459,47,38033.313498978685,39.17251637920401,1,0
1688.064956812166,45,18.460728724784556,6598.464730657612,31,16826.388802892874,15.545061456162864,1,0
5302.6845971134435,52,7.766227532285819,89216.83359542146,15,111249.22136613072,10.64594611593995,0,0
2231.968563495213,40,9.306317817318778,22368.1157773037,29,21256.074635363624,9.770288843416205,0,0
1500.0,63,25.080527912241006,25034.658011936193,40,26259.13628720857,16.05616008227497,0,0
2148.5874715436817,79,54.204142172020816,9736.133756928835,34,15746.11905991465,26.235222070682813,0,0
1500.0,32,4.564987032579726,16916.34794740806,43,5540.866566235766,0.9977210648153649,0,0
2865.144541443483,19,0.13355826586348352,22537.459023947664,10,9294.765789612671,0.1119158162169217,0,0
2591.5749284928397,78,29.356333553856494,36701.30686309899,29,41112.670591323855,37.42150099821659,0,0
3739.8911926444184,68,37.336080084203104,42262.46103719862,24,30662.893902123298,34.203418869821924,0,0
1500.0,29,1.2084573275800676,14110.14415243712,51,10314.348322214757,7.002824567936609,1,0
2250.0426552901063,74,23.782275535029783,37172.396493451546,54,33303.968637862636,42.732222254243524,0,0
1500.0,69,0.9070422043866548,11116.485136377847,49,962.6157924563214,48.12023509536477,0,0
3248.089089889585,53,1.1745713576537897,15394.849249754383,14,19994.071346559274,30.12164074124293,0,0
2937.690916648451,20,0.9659067264333312,33306.7175779635,31,25010.56666913241,0.8370191587424869,0,1
2900.6576367680373,22,1.1927891926037177,33672.236118145716,30,51368.7316319891,0.8701725476851014,1,1
2210.3153292371944,20,1.6902145980108243,18709.45407101785,40,30115.61527648567,0.6237044232025026,0,1
2774.2205114138337,74,33.72064114308144,25723.601103885958,55,59367.52947922397,32.91352332493636,3,0
5336.826727692187,64,20.880916240177555,92393.3219651202,41,44630.062465838404,39.38558338504808,0,0
1887.8580502442223,36,7.342836678977334,25402.369923881713,19,13990.96284223822,12.631034223135847,2,0
2383.3321512493962,19,0.49724548018956327,6864.544226229059,11,1978.0112792787916,0.5430131047690676,0,0
1500.0,61,1.7388697421444377,6909.31680720058,37,35689.39877393824,25.88076946108148,0,0
1500.0,54,32.14056083114376,26377.204178106753,31,18805.955489815064,19.017403694218956,0,0
2330.4049067930887,71,52.91006725389979,31110.706056795352,20,29277.104914583444,51.496258100470385,0,0
4052.8006948065745,34,2.9037939977391787,67097.22458611972,54,93562.56628665363,13.057463236088966,1,0
1918.0139846075892,31,1.5649785420700566,11825.793118940563,36,13901.680772594462,10.156603800214933,1,0
1939.6171920061736,45,3.8765915131120714,26401.558364067256,42,16103.968985184167,13.967882645320763,0,0
1765.5421962264027,44,17.186703514093544,23195.77466823581,43,28970.238746263414,8.627045896808074,1,0
1645.6386600360906,71,35.05636443789106,9889.843617032731,58,32302.897657829926,1.0342469999013078,1,0
2597.3170844294,27,7.631317460505699,26918.276176517007,42,45408.292362263164,0.3908702192374789,0,0
1500.0,20,1.5036527768525065,17499.085337392527,24,29576.93559458543,0.06047585032488967,1,1
4467.1985438659285,53,15.73913856792689,41005.491064378424,19,64228.04489211363,34.31668683722039,0,0
1531.5226813092158,55,22.675648377916797,23067.85284393629,41,33035.843343475775,4.235846523311947,0,0
3284.7535884896606,73,37.85565687024043,49792.83634288381,42,45174.126391174985,7.816536913669443,1,0
1500.0,80,31.789661157683963,23190.3139816897,16,8600.27352192034,30.0172992224022,0,0
3190.273956271648,42,11.415623626839281,46763.67585819927,32,43204.373303651904,11.553628005435815,0,0
3195.7258825641907,39,13.547046358495718,29712.002898388542,7,56959.39457981645,19.31944911298645,0,0
2727.9648653318777,65,26.201303801855726,20417.319551253986,27,44573.26406928088,3.456038388627384,1,0
1500.0,56,24.469807602764593,22700.09523471645,7,9113.128611402593,36.37508827595455,0,0
2533.232677570369,64,28.19131960231474,23643.73668549604,25,2601.5177379179827,9.95395096368641,0,0
1500.0,47,20.856700254895983,7782.470665013538,49,9468.028514647487,28.13446046984016,1,0
1921.7282871685165,38,12.856070175657521,18496.327382553678,53,47276.537102304246,10.826481976052316,0,0
3890.0496713884545,47,15.07253210668075,13270.69817482725,22,17939.57094532827,18.90836963199987,0,0
3422.7036541397074,45,18.408513904678436,43665.8309954557,9,39735.17286665157,8.524676861837476,0,0
2226.8662752035434,48,13.484458955562841,14943.746419117833,19,35537.76831267995,18.354718532987857,0,0
1500.0,74,13.533588654465659,8146.799360410085,12,32980.24443935783,39.806467674366274,0,0
3149.7338673527515,69,0.07232922682968845,54366.44973874257,20,59865.30946440886,0.5288785319075833,0,0
2232.0141893885175,43,13.99910367864608,31710.174091368513,35,50719.90572750063,0.8557106295425998,0,1
1500.0,60,24.807519517562923,21570.272319460255,21,22664.38850919319,41.43203450140857,1,0
3396.31535715885,39,20.41302826029,39408.37590578312,45,73472.38892207183,9.608699202749124,0,0
2179.1102741948084,38,7.229566681885511,33266.16185872947,7,14373.574646010069,18.716350508731093,1,0
4278.459040115707,18,0.0,59495.23390776806,24,46053.85103344125,0.0,0,0
1500.0,54,7.264784928318848,16768.72945540722,6,31641.46778809779,13.426859086825871,0,0
1500.0,30,0.8464115428478629,26008.67224721879,36,12208.637541669543,1.8101040559023578,0,1
2574.7201358640723,38,15.456089857234812,10960.877508863983,60,56078.829939531715,19.563034661004238,0,0
2592.453548186272,63,11.235647895269626,44168.811244699755,9,23533.97365367553,26.302331569427423,1,0
1500.0,26,4.8712388882403035,11736.673130971056,32,13627.30138962534,1.5388529869479992,1,1
1500.0,34,11.004368568727704,14974.17407673791,58,11588.734304667918,10.906447684715951,0,0
10050.42055666434,64,21.676887615415794,31021.310821069306,30,137425.20027791007,4.234231452195541,0,0
1866.6752051187132,38,17.527042260543833,19006.16299882182,27,6023.235366454543,17.36074559480319,0,0
3301.1541773128597,48,13.313845229391863,37601.84545298735,48,3020.7749262204256,2.7041204176601683,1,0
1544.0082825981738,56,10.826527675587075,27731.818832524772,15,34640.32684965796,8.975385615064422,0,0
1500.0,76,51.968900331774094,26367.406482323928,55,34835.1845465172,5.302986714787771,0,0
2010.9408261692004,71,45.662907065247694,35048.19289116828,38,3829.367343870057,5.500722493021687,3,0
1908.2034796533808,39,3.4448388886046732,13209.72372511281,54,26223.369678361894,11.000517226842835,0,0
1772.3594646246108,29,0.28557120189313046,31639.329001897935,53,23912.769593278666,7.5568878281533145,0,0
2073.405161906725,72,4.859220042879517,18128.047923008347,49,19304.99238075804,42.57801630068149,0,0
2553.825089713046,23,1.4327369927690854,39536.31885892146,35,36322.08510658426,3.475276448010467,1,1
2033.3412944937158,70,50.557509690568956,9510.830833601625,35,23287.824586882944,18.901470225875688,0,0
1500.0,33,8.377742297412375,14398.746081243358,21,18361.313032670798,8.359316805705797,0,0
2885.3504230427925,43,9.33154330073172,50269.16839688889,14,54485.285550863715,23.191601860705767,1,0
1500.0,22,3.5548643784509855,25649.3006215474,22,19723.510025029394,1.5503064630162227,0,0
1500.0,26,3.625090651827997,18935.239384446384,40,12137.178480199715,2.0192349522249895,0,0
3316.1152523373585,63,14.185738278045951,48292.06739271114,55,48204.38704657417,23.369371000241415,0,0
2918.605316061963,57,36.707561621080636,11672.2435242453,52,46752.700553858296,11.596073261841822,0,0
2139.7249018373636,31,11.043729660504814,28390.287974073774,20,35429.10188812033,3.4036216755043864,0,0
1500.0,61,36.27774014303596,17260.295612551992,53,23186.49941163647,33.48854195389031,1,0
1500.0,80,31.761654069113213,3834.5692616567753,33,24922.603677854997,55.23182315864722,0,0
1911.2051464114136,59,32.366974351433655,5587.796434280283,25,14816.273100247632,20.594983992707018,0,0
1500.0,47,5.201247418672004,4265.312252657178,38,16730.02174047365,22.613703577053393,1,0
1500.0,69,29.234370835368427,19971.10183816081,38,25076.48134703804,9.541560736059303,1,0
3161.4361652124876,69,50.17614206522483,10777.837101958894,41,59622.199733188194,27.92979366482824,0,0
4841.684374160761,43,7.2739607629490415,43340.08885603692,18,52549.96318067332,15.904998567641648,0,0
1753.3979781263647,70,41.30632112087911,12394.227981243665,9,16014.346729144176,25.514536726472144,0,0
3347.8331507671496,62,21.581049917154957,34678.765356554206,28,59916.39212617259,5.142729519320634,0,0
1500.0,46,1.1145591302184452,19515.150424094772,13,8331.494243825238,20.554806490934165,2,0
3173.8421974868247,36,13.734349160682013,40118.26399494303,18,753.1682684737075,15.103407189410987,0,0
1500.0,64,7.754180642037189,14645.757855816604,29,17668.725091891607,29.22040772914711,0,0
2615.054164246235,25,4.420314969929251,23257.488526519224,45,11334.504762428247,1.1841270113177913,0,0
1927.031798756524,40,1.8846122690334037,14959.28793006786,51,18224.072639609578,1.6401536766679456,3,1
4565.246116521364,70,49.23710466979017,71457.37386941221,35,33238.889337200075,15.683403225072903,0,0
1500.0,59,11.960679374394797,9936.721024252447,35,29147.320819279586,1.5165945858671974,1,0
3118.7372261225996,52,7.699799517031427,16869.932534324293,30,25839.400603291997,28.53344635539975,0,0
1893.667862134814,48,3.8740921219900293,25822.743112086457,38,30330.67890504373,21.091813202106277,0,0
2024.20434665006,70,49.19211405363048,14404.195316500622,14,34103.42018246436,29.311810372032724,0,0
1995.959884577611,52,24.204727243004374,30735.73875052918,31,22776.611077650876,30.24750511844688,5,0
1500.0,49,22.99148755026075,9861.16232524719,29,3040.4225823341862,3.412898492872204,6,1
2191.289733235668,75,28.46605999867394,28340.086018835187,38,38367.57056584379,40.7242057429339,0,0
2133.552005133563,22,1.8989111410819337,3769.672988897805,44,4009.3663769334808,0.5865288277327001,0,0
2521.683811711507,33,1.6503186448721496,19050.234255619504,30,6254.592859731159,0.9138814015302726,0,0
2313.40982565476,34,8.957457529343868,15811.954832584073,57,11335.555968157681,2.126472117941848,0,0
3425.137864471751,49,7.654411348372504,50978.17150552306,50,24008.144032142365,29.479142811967154,0,0
3669.9368683861967,55,36.154377313615015,64003.485595740334,20,77660.60755791,16.296035232347446,0,0
1500.0,75,45.4051135808634,13252.472555670514,46,25309.566641418645,2.7927546847016114,0,0
3561.1003932950302,49,12.802753865979515,53495.621839891384,53,34472.59032799476,18.092674095899845,0,0
1500.0,69,7.718404193268185,19342.21487441281,54,36698.52941852825,10.185417372760789,0,0
3051.293074094179,37,14.921302131636896,53231.521864371905,46,18582.568752507428,0.1298917949355709,0,0
3105.271193907481,65,5.7365270528218515,45923.37357417921,11,47340.97626936657,35.64413233886845,0,0
1500.0,73,10.413356442338877,3475.6906820751287,25,31770.529085740596,8.51746934059253,0,0
2324.2172288992006,19,0.21152051774422742,30507.18558863393,49,46601.8673413328,0.9424864723598761,0,1
1706.7173695619042,37,10.580922127188794,17243.810686577875,21,3853.245077074607,11.263197506944882,0,0
1500.0,64,36.20460608355685,3000.0,26,26147.78338779536,4.00180783686945,1,0
4642.316572216633,35,5.343352938319768,24475.779894983305,20,29927.129644407014,3.7030152874267674,0,0
1541.4463957677758,18,0.0,25695.66349962248,44,13708.60219044872,0.0,0,0
1500.0,75,26.478692420891893,25114.5650060622,47,18337.199336668706,19.272425498763184,0,0
2302.227052210318,46,20.947086752478196,33567.52443466788,9,45512.16059638876,14.900005429374604,0,0
3219.799470845024,46,6.206587606446872,56959.06807190047,29,13378.382928986948,22.386337304698362,1,0
2042.8338758717794,36,3.958641864708736,30052.67829971575,8,5544.007788553806,14.266827148275956,2,0
4194.392529192054,61,40.730762175908566,4921.998766759107,55,16089.82029702476,30.013432571271697,0,0
2957.3137372740875,57,37.211995357647936,17427.993364033136,6,16133.886490067314,34.55611793906946,0,0
1500.0,23,4.952328660307882,3000.0,35,2231.319517913592,0.9968034578894813,0,0
1650.4333521385909,61,34.729362867715544,4290.855167348818,18,38222.240333695336,7.62138400769361,0,0
1621.3053013362867,56,7.150998428381931,7653.037504744258,59,12933.290487035805,30.37528161763036,0,0
2874.54167860565,67,10.387094519163806,27482.042172129048,23,12718.09560371282,15.723577965162965,2,0
1500.0,71,18.031937800686773,23112.06608828145,45,23918.782638077635,27.14566789495974,0,0
8972.82047446873,63,14.315963910007088,140455.46075975292,16,176539.37219491584,33.47784669237955,0,0
2957.3957687101583,25,6.695694243546064,33937.392844577786,47,55690.288354938915,2.7715265150604345,0,0
2396.7819014284632,41,18.14870160627895,40215.58186704891,34,43064.60980246401,2.9937329044669077,0,0
4229.598050617104,37,13.756167051069523,40185.662960078065,9,5343.037140253896,12.90968683395854,1,0
8014.516421575107,71,9.856050875080987,129142.81399789627,30,156715.75777708893,43.309447502941744,1,0
3564.969061906422,31,11.823832271710284,31083.355107380372,41,44729.54572236266,0.16636468655129932,0,0
3721.370163816879,22,3.3114815180246953,21259.536975639872,41,60387.233717398296,2.250208464790979,1,1
2372.9270480290093,58,6.545673653116948,39340.80405693188,49,56738.146524253,18.776203695902545,1,0
2042.9718902102104,57,33.975642946477926,15516.159622464722,45,41404.53020669629,10.124244254564344,1,0
1699.8792630677704,51,8.984168700225553,16247.22475772056,33,35075.81906999665,5.31394271495763,1,0
1500.0,77,4.771315004094257,9885.946129532269,50,6805.020707931437,11.094201366175504,0,0
1513.4426647167843,33,9.852334597713151,18567.27663371096,13,18025.75012947729,10.874597763370666,1,0
1500.0,62,28.767405012910547,26873.296237653904,26,35599.705687888345,23.592585902319268,1,0
2118.091448661452,24,0.5695920573937086,3036.771953144522,40,30854.516241802598,5.886926288009674,0,1
1500.0,33,4.782777134048736,24446.12415318109,49,3846.988866158936,3.6484619737823016,0,0
2452.84557384349,24,5.956886773533231,3000.0,23,44876.02545801705,5.741425060726479,0,0
2164.659093771148,44,17.63909334222716,15567.955410949573,52,2323.049748821749,13.392848542797712,1,0
2394.223916490523,31,9.49097716584328,9256.825534215,30,44430.64674514756,1.898342909436969,1,0
1657.1054201397956,31,2.7679247128559736,22992.023304203547,51,36446.899722389164,1.9263275550908112,0,0
11995.336204475763,61,3.387629053168316,22315.93506252493,46,127525.46019143861,26.168423591076785,0,0
4666.029360980421,50,8.860854071710005,48569.839113831535,10,48248.24406918973,26.605527892220557,0,0
1500.0,50,7.964748326182143,9020.616413055472,52,11407.926647052247,23.92676880811246,0,0
2510.098936006818,61,10.085396332166283,8214.03327667476,13,55030.04640956308,28.191975733330793,0,0
1580.6581997333196,37,3.6623321158537516,22320.331556013665,28,21646.505651918815,3.270053187276538,1,0
1500.0,70,29.887295914081026,7044.1292735090465,8,21722.247773798208,5.633680300088825,0,0
1500.0,64,15.092759888723801,7203.717907400942,49,24814.027156873297,0.011409090589966864,1,1
2800.964720667783,53,28.712075526663565,15899.131021650364,42,21023.40730440694,3.5627851431877664,0,0
1518.139529976044,24,1.103684507084304,16661.634453714625,36,16425.7501823395,4.598199644900304,1,0
3760.4891206914544,49,14.403439196924879,45931.82063072692,34,69720.01001547201,27.752700895660166,1,0
3814.5585318973,65,0.6419183120257592,4956.038100351428,46,93979.94309784981,11.29647156620467,0,0
4701.575347544064,20,0.9633646449103841,24033.436761568915,25,4032.2520362895143,1.5897884809001719,0,0
1500.0,56,2.1218523933060265,12489.756483884714,8,1599.318672996279,7.55625309310328,0,0
2868.2319851558564,46,27.37625833243402,19055.409498053734,28,30695.99667770851,6.979607134029642,0,0
3127.0639843762037,41,18.183618958959496,50129.65376299312,45,51566.99207353229,5.155636171020662,0,0
1701.3919747720984,39,10.292341009365563,24484.814298969246,26,16433.941800766017,1.0863280900325973,0,0
1500.0,23,0.4329367908967513,17460.2004962401,18,37486.449523694224,0.9703063405008239,1,1
5352.057611211466,65,27.844935717149472,36108.83986384905,13,26139.35010401321,17.556537196543538,0,0
2502.6932516706884,41,17.451566266143182,32313.348386009635,10,495.8747567897056,9.325803453930673,0,0
3133.1127021127613,57,7.437972867185066,48067.733260662324,30,14892.418002668406,12.069190141833335,0,0
1500.0,40,12.500583497324799,16668.17462265416,44,33256.58906629879,11.323956284165071,0,0
1500.0,71,43.153177614292005,21503.767405781167,42,5443.087232567423,20.033906322490644,1,0
1614.5355740120797,55,28.425167772913706,22175.297924442337,46,19333.0455464923,35.90349190844116,0,0
2062.735383304314,27,7.226928160804376,22111.562671960623,10,21621.395333770626,7.266154088981383,0,0
1500.0,33,13.189851373045798,9460.67202894853,13,24964.69954841733,13.964660189143828,0,0
2196.422886250479,28,9.376821021594703,30043.323886101974,49,2997.8748874988078,5.574269462127032,1,0
1500.0,49,12.571155811309614,6773.307342118964,9,24703.131414983476,21.028528490360532,0,0
1500.0,62,25.0258405110066,21376.95283502411,46,13303.186649337576,7.3337605044525525,0,0
3193.910115005559,78,47.43957156273665,46877.957021486654,59,73942.17786622202,45.167145434227955,0,0
3078.1522778255594,23,3.485699069728916,46099.83355161235,27,65325.11167955281,1.1798555558263668,3,1
1780.1764703840627,41,22.89696525008071,16092.032498463665,19,17779.790582780188,3.354157337886053,1,0
1500.0,50,0.43768483534861247,6408.259578145752,24,37233.444131919474,1.3394991596531653,0,0
1500.0,70,18.466927196421114,4042.951801684753,18,1947.8907246092692,24.555972979302197,0,0
1798.4895716017177,68,14.051396313510123,24526.256339502565,40,35458.67059036395,14.339462981467516,0,0
3147.8821438174896,29,2.8854743518208807,50575.270724795686,9,34141.65618303955,10.853998898998075,0,1
3679.5109570990053,73,12.239138037438718,44390.547791991456,38,39858.775681934734,13.740886610869717,0,0
1680.602342742571,44,18.437219861195956,5799.289841458846,27,7148.181493568864,22.530125288285003,0,0
1500.0,55,3.1361005111869087,25339.859437198138,6,19307.996998959785,11.708234457859126,1,0
2558.852003661822,79,45.23813887054364,45585.26842306982,16,5419.5523872205995,45.696737991057155,1,0
1500.0,35,11.788239314276648,12551.15455334051,21,23121.644212514148,11.21730227118499,0,0
1660.6444827532093,80,15.549856215055577,18453.131174940896,9,10029.895817248085,34.8305803890243,0,0
4577.470581379562,62,11.124686459267096,65059.062231764554,34,82950.40950463929,18.34029751198046,1,0
3480.438204627671,56,23.896702243091084,47050.7439040224,44,52847.105804021056,25.501990488094535,0,0
2408.804563646404,72,41.1572396961186,42039.378041299526,49,44948.59478522542,21.99303091171036,0,0
1500.0,30,10.517827357048386,4429.518822509117,43,28115.327633782923,6.577202811927838,0,0
2480.6306770942547,70,44.31125732043274,26970.21728148433,29,12199.062300893684,30.669690315470383,0,0
3961.8307575717545,57,37.630436772390276,50564.18882762124,57,66.82910082592389,10.426853581447835,0,0
1796.1512923723571,47,16.860161964758824,28974.925686408154,14,16424.063968950166,9.852357841856305,0,0
4642.984963542425,70,47.2500891896987,73637.10854925412,13,106680.613734948,0.9386033050057634,0,0
4496.299073352767,66,38.80863711649972,79251.7516873428,19,64960.211690730895,40.90363168294964,0,0
5514.04116820244,58,35.78670497256054,53515.60966635336,20,100286.90022415466,30.23932577202539,0,0
2612.0319428550674,69,0.5929566655536983,39501.58859968698,58,57436.64543998334,9.360053118449041,0,1
3050.5141674743168,30,11.590835902389731,25208.80553793998,27,69098.58803102857,4.3445814001027045,0,0
4806.877618645765,51,15.626495373933784,39317.06678631003,42,63573.979709281026,13.895292939297939,0,0
2824.443591407871,53,27.9364046351195,14989.102386701417,20,38196.51012631666,11.703254220003082,0,0
1676.2614087966288,47,3.688919460795645,24993.114395765984,11,35659.898520129864,23.149041391576603,1,1
1725.550553355264,78,23.756465748838444,30643.80517617759,6,34833.92349227498,43.52524236692911,0,0
2517.962255390541,42,6.515055912503782,13490.761795210046,25,43992.48941042478,18.41180952338869,0,0
1500.0,19,0.291658770500937,3000.0,46,22667.411029361494,0.9041300509343533,0,0
2041.0253774208004,53,4.313946698280861,30338.25316672955,41,31493.792192255594,20.830293956513277,0,0
4036.369446328584,35,13.69798515323112,46595.489220011645,7,36621.10657909638,10.447083593476924,0,0
1500.0,22,0.03696925832431264,25972.319414050613,11,31534.41552756342,2.887736478588931,0,1
5135.667766075988,36,5.625098225733645,27157.7538208886,7,79317.78294881439,12.262186703712189,0,0
4094.114854955234,59,7.150832271873016,9037.636480462555,8,22878.739003060255,35.662333754357434,0,0
1714.9332907012829,35,10.013661990341788,16071.528948140158,12,10282.880571673673,13.093369499357262,0,0
2977.5763860626744,79,15.509396559487175,7303.763786521802,25,64137.219699290035,7.347975605207319,1,0
2212.1745052726574,74,14.503913453573581,12057.302330242732,54,34604.35700534974,51.98808246507606,1,0
4343.756052273471,49,15.13848246385488,13646.446673830833,46,43296.8367731312,21.176077999337274,0,0
3791.3435294739234,38,13.053780786818514,18237.29904419307,59,17734.081322159145,2.542918516527075,2,0
1500.0,27,1.0917423410864726,4206.688646945492,46,22883.098996695066,6.947763621443394,0,0
3050.297260786671,54,6.3184122887578615,52515.143831504014,56,14055.036182701166,12.902851070611364,2,0
1972.1994686854175,66,11.864387740536845,11311.68047152474,10,23181.579229053335,38.68693977775215,1,0
2311.282660697783,39,20.44871249647717,19752.820152411517,30,39147.95875579652,20.063524802794557,6,0
1500.0,30,4.765829999315044,24414.60109467267,43,21203.078787042028,3.0629044333071564,0,0
5776.050294414339,72,32.34546489407543,72284.19077290139,23,133152.3849900941,46.3001964885851,1,0
3912.8997452783206,34,3.864685003455646,45024.317649742894,6,3885.627015198389,12.376981922303017,0,0
1500.0,26,3.9236762012599034,19491.861354201348,30,10492.307844427607,5.369479201603737,0,1
1500.0,41,1.7047410108770351,22634.967556187235,22,2140.7287964242905,8.853172524901014,1,0
1786.2612957771832,61,1.4939122746600584,28437.954237941052,51,8690.350102048118,4.724070104111776,0,0
2804.488519527421,31,6.093535848678982,33443.173355267565,20,8692.746049787584,6.29065876295905,0,0
2520.249577193753,63,17.939667938328544,40651.937358893825,10,46162.25389309563,4.754998339987074,0,0
4399.398269500356,25,0.9581622378427938,44441.65651555737,22,40625.796923140995,3.501030588148276,1,1
3409.960024538019,72,37.13047716171962,19484.32252030712,26,78859.09964325515,44.29583662188076,0,0
3764.0958456793096,54,35.74452567237352,60079.87827008887,58,2199.899627564244,35.91497283843467,6,0
2643.2657821609623,36,7.1216427815408245,26974.62792556731,60,43146.30391020704,3.5641568068759613,0,0
1500.0,80,38.722635426878455,24606.508482964477,28,36395.43000995581,12.88719862551539,0,0
1982.9993641499789,45,26.000350443841114,3337.0961060460313,48,8717.201739405331,21.893849961814865,0,0
3956.2399948830134,63,37.419073760109384,30691.59114722107,15,43759.20211202777,21.107638453374445,0,0
2146.647043821234,58,18.54208893210743,36734.89533719553,22,37667.74649921692,36.63218384127528,0,0
2912.303718295558,47,21.387195049337663,15272.270906313774,6,46097.25374057681,22.300890889855218,1,0
1853.2357172014663,24,0.7688102415031441,31516.34192057294,42,26224.542381733972,4.418566588381154,0,0
1500.0,76,29.702023616900355,25824.512758795874,53,12253.354764540192,5.9133151019700945,0,0
2063.503952807248,75,15.906435799256382,33008.674542648405,12,37566.0870637299,2.044907214923134,0,0
2617.5030125433877,43,4.029092197404028,27699.350716347963,17,42747.44139215589,7.9190704914965355,1,1
1539.7444718902334,57,16.62495534392686,18473.808958173882,45,6266.770988354208,8.47463607310919,0,0
1939.8361996621097,63,5.895654949512649,30617.383268049714,55,46754.452508637645,32.05389986678309,1,0
1500.0,71,37.04621073324773,21285.375600924202,6,20837.73408525448,23.88888738080067,0,0
4087.0744702977163,77,26.918162599146797,47866.16273231174,25,53690.01736788993,30.865636103106223,0,0
1878.1627799968837,63,23.901508465409872,33240.494802793924,49,39828.16391182505,36.618366729235454,0,0
4909.932876000223,28,1.4637593866815701,62142.57927968114,36,78609.68375179826,4.7850468176570935,0,0
5119.496215578066,31,1.8170315942154283,90017.09448349276,9,9532.410648007308,7.084042170470189,1,0
2112.0719667325006,38,11.668308705202481,4172.617970062498,31,26748.830375674504,16.84640532816044,2,1
1500.0,80,61.070604365425666,5043.489453926418,17,29272.3684835255,26.742820177065795,0,0
1500.0,25,0.6737540826640793,13012.20057301251,27,26249.25450663342,0.581886955395193,1,0
1500.0,20,0.5714628571315625,11314.426252550036,6,36403.82715535301,1.043410419185965,0,0
1500.0,45,23.475396146522964,21459.73845460421,6,934.3604882224132,15.642765474286882,6,0
4713.369363705792,78,4.336320735314216,17582.934303309186,8,30780.535686201543,30.70780825877958,0,0
2353.605114678788,46,24.524800198274637,41408.42941617061,58,32312.436106629873,7.225386482107288,0,0
2736.082654462775,40,11.534291634244527,17390.8693518096,17,42374.38234293256,4.921181501546816,2,0
1500.0,35,6.94053515674924,12437.554547374064,59,10288.349471540405,6.285858322841306,0,1
1500.0,52,10.529139187949498,8505.998327220585,26,31005.062489094904,5.651777109125113,0,0
3597.13824741599,80,18.421263803926198,39026.00570720827,18,14779.543294414816,41.29346811497776,0,0
2585.6333376062357,30,3.6696309893937453,5162.7028176099875,18,54.88715362991581,7.376098815355732,0,0
2036.6001364223819,29,9.732833890562153,7218.765016912725,58,48491.011296508215,6.95635177246662,0,0
3012.9149083561756,64,33.294580588040134,41212.34023557339,46,29493.182585165046,10.340684684437297,0,0
5429.96948591141,67,32.81642738372638,22645.74159478835,23,129978.51005657444,12.079921695990318,1,0
1955.5497697882188,22,3.194996595808003,9785.073705686538,38,13587.72692679935,3.1495610364750006,0,0
2294.2319208370736,56,9.770357194157508,33222.07960440049,11,3639.1471012900756,26.224247357223582,0,0
2455.113583383132,28,6.180428120817557,6349.218419002408,30,47415.58436419732,8.751798491675412,0,0
8230.979475434891,75,26.223775620603206,69445.22643197104,28,171990.33529062304,22.999825913277334,0,0
1500.0,76,45.38161484161122,3000.0,29,18453.258706786346,31.745014261669656,0,0
3215.61097704827,28,3.092561104732855,22173.971539907914,42,5936.84911336726,7.387777059304135,0,0
2073.2210987879494,76,37.30435977845395,26708.65195518913,31,33904.114141771555,56.50098820388828,0,0
3016.1137664903713,64,40.58177094359642,7636.063386628475,9,13734.173722444817,45.523063390902,0,0
1538.3183147107072,59,16.488169523992077,24769.52255612365,43,32665.479792653663,40.9661919116095,0,0
2149.669166054566,64,3.0646160189032265,35386.74400187308,40,14726.476271648318,40.964218220981095,0,0
3265.8515479175094,48,15.481524670253783,9094.862192938172,54,69212.08067465763,19.18952457411234,0,0
12235.546117709771,48,10.379174634210779,218312.137182685,16,130591.37302800683,0.2091285236835827,5,1
3444.10689867838,30,8.066704566566099,20864.407884650092,41,51359.1970533079,8.394525159333075,0,0
1500.0,31,12.36342802173188,3644.592613855954,30,29608.59438078624,3.1017937097802353,1,0
